report_date,year,month_number,year_month,month_start,day_of_month,weekday_name,is_weekend,store_id,store_name,city,product_id,product_name,category,qty_sold,revenue,cogs,gross_profit,unconstrained_demand,lost_sales_qty,lost_revenue,potential_revenue,service_level,stock_qty,incoming_qty,is_stockout,in_stock_flag
2026-06-10,2026,6,2026-06,2026-06-01,10,Wednesday,0,ST001,Market_1,Kazan,PR001,Product_1,Dairy,13,2935.27,1666.86,1268.41,13,0,0.0,2935.27,1.0,141,0,0,1
2026-06-11,2026,6,2026-06,2026-06-01,11,Thursday,0,ST001,Market_1,Kazan,PR001,Product_1,Dairy,5,1128.95,641.1,487.85,5,0,0.0,1128.95,1.0,136,0,0,1
2026-06-12,2026,6,2026-06,2026-06-01,12,Friday,0,ST001,Market_1,Kazan,PR001,Product_1,Dairy,12,2709.48,1538.6399999999999,1170.8400000000001,12,0,0.0,2709.48,1.0,124,0,0,1
2026-06-13,2026,6,2026-06,2026-06-01,13,Saturday,1,ST001,Market_1,Kazan,PR001,Product_1,Dairy,8,1806.32,1025.76,780.56,8,0,0.0,1806.32,1.0,116,0,0,1
2026-06-14,2026,6,2026-06,2026-06-01,14,Sunday,1,ST001,Market_1,Kazan,PR001,Product_1,Dairy,13,2935.27,1666.86,1268.41,13,0,0.0,2935.27,1.0,103,0,0,1
2026-06-15,2026,6,2026-06,2026-06-01,15,Monday,0,ST001,Market_1,Kazan,PR001,Product_1,Dairy,11,2483.69,1410.42,1073.27,11,0,0.0,2483.69,1.0,92,0,0,1
2026-06-16,2026,6,2026-06,2026-06-01,16,Tuesday,0,ST001,Market_1,Kazan,PR001,Product_1,Dairy,13,2935.27,1666.86,1268.41,13,0,0.0,2935.27,1.0,79,0,0,1
2026-06-17,2026,6,2026-06,2026-06-01,17,Wednesday,0,ST001,Market_1,Kazan,PR001,Product_1,Dairy,12,2709.48,1538.6399999999999,1170.8400000000001,12,0,0.0,2709.48,1.0,67,0,0,1
2026-06-18,2026,6,2026-06,2026-06-01,18,Thursday,0,ST001,Market_1,Kazan,PR001,Product_1,Dairy,11,2483.69,1410.42,1073.27,11,0,0.0,2483.69,1.0,56,0,0,1
2026-06-19,2026,6,2026-06,2026-06-01,19,Friday,0,ST001,Market_1,Kazan,PR001,Product_1,Dairy,10,2257.9,1282.2,975.7,10,0,0.0,2257.9,1.0,46,0,0,1
2026-06-20,2026,6,2026-06,2026-06-01,20,Saturday,1,ST001,Market_1,Kazan,PR001,Product_1,Dairy,10,2257.9,1282.2,975.7,10,0,0.0,2257.9,1.0,36,0,0,1
2026-06-21,2026,6,2026-06,2026-06-01,21,Sunday,1,ST001,Market_1,Kazan,PR001,Product_1,Dairy,17,3838.43,2179.74,1658.69,17,0,0.0,3838.43,1.0,19,154,0,1
2026-06-22,2026,6,2026-06,2026-06-01,22,Monday,0,ST001,Market_1,Kazan,PR001,Product_1,Dairy,11,2483.69,1410.42,1073.27,11,0,0.0,2483.69,1.0,8,0,0,1
2026-06-23,2026,6,2026-06,2026-06-01,23,Tuesday,0,ST001,Market_1,Kazan,PR001,Product_1,Dairy,8,1806.32,1025.76,780.56,8,0,0.0,1806.32,1.0,154,0,0,1
2026-06-24,2026,6,2026-06,2026-06-01,24,Wednesday,0,ST001,Market_1,Kazan,PR001,Product_1,Dairy,14,3161.06,1795.08,1365.98,14,0,0.0,3161.06,1.0,140,0,0,1
2026-06-25,2026,6,2026-06,2026-06-01,25,Thursday,0,ST001,Market_1,Kazan,PR001,Product_1,Dairy,5,1128.95,641.1,487.85,5,0,0.0,1128.95,1.0,135,0,0,1
2026-06-26,2026,6,2026-06,2026-06-01,26,Friday,0,ST001,Market_1,Kazan,PR001,Product_1,Dairy,14,3161.06,1795.08,1365.98,14,0,0.0,3161.06,1.0,121,0,0,1
2026-06-27,2026,6,2026-06,2026-06-01,27,Saturday,1,ST001,Market_1,Kazan,PR001,Product_1,Dairy,16,3612.64,2051.52,1561.12,16,0,0.0,3612.64,1.0,105,0,0,1
2026-06-28,2026,6,2026-06,2026-06-01,28,Sunday,1,ST001,Market_1,Kazan,PR001,Product_1,Dairy,21,4741.59,2692.62,2048.9700000000003,21,0,0.0,4741.59,1.0,84,0,0,1
2026-06-29,2026,6,2026-06,2026-06-01,29,Monday,0,ST001,Market_1,Kazan,PR001,Product_1,Dairy,6,1354.74,769.3199999999999,585.4200000000001,6,0,0.0,1354.74,1.0,78,0,0,1
2026-06-30,2026,6,2026-06,2026-06-01,30,Tuesday,0,ST001,Market_1,Kazan,PR001,Product_1,Dairy,10,2257.9,1282.2,975.7,10,0,0.0,2257.9,1.0,68,0,0,1
2026-07-01,2026,7,2026-07,2026-07-01,1,Wednesday,0,ST001,Market_1,Kazan,PR001,Product_1,Dairy,15,3386.85,1923.3,1463.55,15,0,0.0,3386.85,1.0,53,0,0,1
2026-07-02,2026,7,2026-07,2026-07-01,2,Thursday,0,ST001,Market_1,Kazan,PR001,Product_1,Dairy,11,2483.69,1410.42,1073.27,11,0,0.0,2483.69,1.0,42,0,0,1
2026-07-03,2026,7,2026-07,2026-07-01,3,Friday,0,ST001,Market_1,Kazan,PR001,Product_1,Dairy,8,1806.32,1025.76,780.56,8,0,0.0,1806.32,1.0,34,0,0,1
2026-07-04,2026,7,2026-07,2026-07-01,4,Saturday,1,ST001,Market_1,Kazan,PR001,Product_1,Dairy,13,2935.27,1666.86,1268.41,13,0,0.0,2935.27,1.0,21,0,0,1
2026-07-05,2026,7,2026-07,2026-07-01,5,Sunday,1,ST001,Market_1,Kazan,PR001,Product_1,Dairy,18,4064.22,2307.96,1756.2599999999998,18,0,0.0,4064.22,1.0,3,154,0,1
2026-07-06,2026,7,2026-07,2026-07-01,6,Monday,0,ST001,Market_1,Kazan,PR001,Product_1,Dairy,3,677.37,384.65999999999997,292.71000000000004,8,5,1128.95,1806.32,0.375,0,0,1,0
2026-07-07,2026,7,2026-07,2026-07-01,7,Tuesday,0,ST001,Market_1,Kazan,PR001,Product_1,Dairy,9,2032.11,1153.98,878.1299999999999,9,0,0.0,2032.11,1.0,145,0,0,1
2026-07-08,2026,7,2026-07,2026-07-01,8,Wednesday,0,ST001,Market_1,Kazan,PR001,Product_1,Dairy,11,2483.69,1410.42,1073.27,11,0,0.0,2483.69,1.0,134,0,0,1
2026-07-09,2026,7,2026-07,2026-07-01,9,Thursday,0,ST001,Market_1,Kazan,PR001,Product_1,Dairy,9,2032.11,1153.98,878.1299999999999,9,0,0.0,2032.11,1.0,125,0,0,1
2026-07-10,2026,7,2026-07,2026-07-01,10,Friday,0,ST001,Market_1,Kazan,PR001,Product_1,Dairy,8,1806.32,1025.76,780.56,8,0,0.0,1806.32,1.0,117,0,0,1
2026-07-11,2026,7,2026-07,2026-07-01,11,Saturday,1,ST001,Market_1,Kazan,PR001,Product_1,Dairy,12,2709.48,1538.6399999999999,1170.8400000000001,12,0,0.0,2709.48,1.0,105,0,0,1
2026-07-12,2026,7,2026-07,2026-07-01,12,Sunday,1,ST001,Market_1,Kazan,PR001,Product_1,Dairy,19,4290.01,2436.18,1853.8300000000004,19,0,0.0,4290.01,1.0,86,0,0,1
2026-07-13,2026,7,2026-07,2026-07-01,13,Monday,0,ST001,Market_1,Kazan,PR001,Product_1,Dairy,13,2935.27,1666.86,1268.41,13,0,0.0,2935.27,1.0,73,0,0,1
2026-07-14,2026,7,2026-07,2026-07-01,14,Tuesday,0,ST001,Market_1,Kazan,PR001,Product_1,Dairy,12,2709.48,1538.6399999999999,1170.8400000000001,12,0,0.0,2709.48,1.0,61,0,0,1
2026-07-15,2026,7,2026-07,2026-07-01,15,Wednesday,0,ST001,Market_1,Kazan,PR001,Product_1,Dairy,11,2483.69,1410.42,1073.27,11,0,0.0,2483.69,1.0,50,0,0,1
2026-07-16,2026,7,2026-07,2026-07-01,16,Thursday,0,ST001,Market_1,Kazan,PR001,Product_1,Dairy,15,3386.85,1923.3,1463.55,15,0,0.0,3386.85,1.0,35,0,0,1
2026-07-17,2026,7,2026-07,2026-07-01,17,Friday,0,ST001,Market_1,Kazan,PR001,Product_1,Dairy,7,1580.53,897.54,682.99,7,0,0.0,1580.53,1.0,28,0,0,1
2026-07-18,2026,7,2026-07,2026-07-01,18,Saturday,1,ST001,Market_1,Kazan,PR001,Product_1,Dairy,16,3612.64,2051.52,1561.12,16,0,0.0,3612.64,1.0,12,154,0,1
2026-07-19,2026,7,2026-07,2026-07-01,19,Sunday,1,ST001,Market_1,Kazan,PR001,Product_1,Dairy,12,2709.48,1538.6399999999999,1170.8400000000001,12,0,0.0,2709.48,1.0,0,0,1,0
2026-07-20,2026,7,2026-07,2026-07-01,20,Monday,0,ST001,Market_1,Kazan,PR001,Product_1,Dairy,7,1580.53,897.54,682.99,7,0,0.0,1580.53,1.0,147,0,0,1
2026-07-21,2026,7,2026-07,2026-07-01,21,Tuesday,0,ST001,Market_1,Kazan,PR001,Product_1,Dairy,10,2257.9,1282.2,975.7,10,0,0.0,2257.9,1.0,137,0,0,1
2026-07-22,2026,7,2026-07,2026-07-01,22,Wednesday,0,ST001,Market_1,Kazan,PR001,Product_1,Dairy,7,1580.53,897.54,682.99,7,0,0.0,1580.53,1.0,130,0,0,1
2026-07-23,2026,7,2026-07,2026-07-01,23,Thursday,0,ST001,Market_1,Kazan,PR001,Product_1,Dairy,16,3612.64,2051.52,1561.12,16,0,0.0,3612.64,1.0,114,0,0,1
2026-07-24,2026,7,2026-07,2026-07-01,24,Friday,0,ST001,Market_1,Kazan,PR001,Product_1,Dairy,11,2483.69,1410.42,1073.27,11,0,0.0,2483.69,1.0,103,0,0,1
2026-07-25,2026,7,2026-07,2026-07-01,25,Saturday,1,ST001,Market_1,Kazan,PR001,Product_1,Dairy,12,2709.48,1538.6399999999999,1170.8400000000001,12,0,0.0,2709.48,1.0,91,0,0,1
2026-07-26,2026,7,2026-07,2026-07-01,26,Sunday,1,ST001,Market_1,Kazan,PR001,Product_1,Dairy,17,3838.43,2179.74,1658.69,17,0,0.0,3838.43,1.0,74,0,0,1
2026-07-27,2026,7,2026-07,2026-07-01,27,Monday,0,ST001,Market_1,Kazan,PR001,Product_1,Dairy,9,2032.11,1153.98,878.1299999999999,9,0,0.0,2032.11,1.0,65,0,0,1
2026-07-28,2026,7,2026-07,2026-07-01,28,Tuesday,0,ST001,Market_1,Kazan,PR001,Product_1,Dairy,14,3161.06,1795.08,1365.98,14,0,0.0,3161.06,1.0,51,0,0,1
2026-07-29,2026,7,2026-07,2026-07-01,29,Wednesday,0,ST001,Market_1,Kazan,PR001,Product_1,Dairy,5,1128.95,641.1,487.85,5,0,0.0,1128.95,1.0,46,0,0,1
2026-07-30,2026,7,2026-07,2026-07-01,30,Thursday,0,ST001,Market_1,Kazan,PR001,Product_1,Dairy,16,3612.64,2051.52,1561.12,16,0,0.0,3612.64,1.0,30,0,0,1
2026-07-31,2026,7,2026-07,2026-07-01,31,Friday,0,ST001,Market_1,Kazan,PR001,Product_1,Dairy,13,2935.27,1666.86,1268.41,13,0,0.0,2935.27,1.0,17,154,0,1
2026-08-01,2026,8,2026-08,2026-08-01,1,Saturday,1,ST001,Market_1,Kazan,PR001,Product_1,Dairy,11,2483.69,1410.42,1073.27,11,0,0.0,2483.69,1.0,6,0,0,1
2026-08-02,2026,8,2026-08,2026-08-01,2,Sunday,1,ST001,Market_1,Kazan,PR001,Product_1,Dairy,18,4064.22,2307.96,1756.2599999999998,18,0,0.0,4064.22,1.0,142,0,0,1
2026-08-03,2026,8,2026-08,2026-08-01,3,Monday,0,ST001,Market_1,Kazan,PR001,Product_1,Dairy,8,1806.32,1025.76,780.56,8,0,0.0,1806.32,1.0,134,0,0,1
2026-08-04,2026,8,2026-08,2026-08-01,4,Tuesday,0,ST001,Market_1,Kazan,PR001,Product_1,Dairy,8,1806.32,1025.76,780.56,8,0,0.0,1806.32,1.0,126,0,0,1
2026-08-05,2026,8,2026-08,2026-08-01,5,Wednesday,0,ST001,Market_1,Kazan,PR001,Product_1,Dairy,14,3161.06,1795.08,1365.98,14,0,0.0,3161.06,1.0,112,0,0,1
2026-08-06,2026,8,2026-08,2026-08-01,6,Thursday,0,ST001,Market_1,Kazan,PR001,Product_1,Dairy,15,3386.85,1923.3,1463.55,15,0,0.0,3386.85,1.0,97,0,0,1
2026-08-07,2026,8,2026-08,2026-08-01,7,Friday,0,ST001,Market_1,Kazan,PR001,Product_1,Dairy,12,2709.48,1538.6399999999999,1170.8400000000001,12,0,0.0,2709.48,1.0,85,0,0,1
2026-08-08,2026,8,2026-08,2026-08-01,8,Saturday,1,ST001,Market_1,Kazan,PR001,Product_1,Dairy,14,3161.06,1795.08,1365.98,14,0,0.0,3161.06,1.0,71,0,0,1
2026-08-09,2026,8,2026-08,2026-08-01,9,Sunday,1,ST001,Market_1,Kazan,PR001,Product_1,Dairy,14,3161.06,1795.08,1365.98,14,0,0.0,3161.06,1.0,57,0,0,1
2026-08-10,2026,8,2026-08,2026-08-01,10,Monday,0,ST001,Market_1,Kazan,PR001,Product_1,Dairy,12,2709.48,1538.6399999999999,1170.8400000000001,12,0,0.0,2709.48,1.0,45,0,0,1
2026-08-11,2026,8,2026-08,2026-08-01,11,Tuesday,0,ST001,Market_1,Kazan,PR001,Product_1,Dairy,11,2483.69,1410.42,1073.27,11,0,0.0,2483.69,1.0,34,0,0,1
2026-08-12,2026,8,2026-08,2026-08-01,12,Wednesday,0,ST001,Market_1,Kazan,PR001,Product_1,Dairy,11,2483.69,1410.42,1073.27,11,0,0.0,2483.69,1.0,23,0,0,1
2026-08-13,2026,8,2026-08,2026-08-01,13,Thursday,0,ST001,Market_1,Kazan,PR001,Product_1,Dairy,13,2935.27,1666.86,1268.41,13,0,0.0,2935.27,1.0,10,154,0,1
2026-08-14,2026,8,2026-08,2026-08-01,14,Friday,0,ST001,Market_1,Kazan,PR001,Product_1,Dairy,10,2257.9,1282.2,975.7,10,0,0.0,2257.9,1.0,0,0,1,0
2026-08-15,2026,8,2026-08,2026-08-01,15,Saturday,1,ST001,Market_1,Kazan,PR001,Product_1,Dairy,22,4967.38,2820.84,2146.54,22,0,0.0,4967.38,1.0,132,0,0,1
2026-08-16,2026,8,2026-08,2026-08-01,16,Sunday,1,ST001,Market_1,Kazan,PR001,Product_1,Dairy,20,4515.8,2564.4,1951.4,20,0,0.0,4515.8,1.0,112,0,0,1
2026-08-17,2026,8,2026-08,2026-08-01,17,Monday,0,ST001,Market_1,Kazan,PR001,Product_1,Dairy,10,2257.9,1282.2,975.7,10,0,0.0,2257.9,1.0,102,0,0,1
2026-08-18,2026,8,2026-08,2026-08-01,18,Tuesday,0,ST001,Market_1,Kazan,PR001,Product_1,Dairy,9,2032.11,1153.98,878.1299999999999,9,0,0.0,2032.11,1.0,93,0,0,1
2026-08-19,2026,8,2026-08,2026-08-01,19,Wednesday,0,ST001,Market_1,Kazan,PR001,Product_1,Dairy,13,2935.27,1666.86,1268.41,13,0,0.0,2935.27,1.0,80,0,0,1
2026-08-20,2026,8,2026-08,2026-08-01,20,Thursday,0,ST001,Market_1,Kazan,PR001,Product_1,Dairy,6,1354.74,769.3199999999999,585.4200000000001,6,0,0.0,1354.74,1.0,74,0,0,1
2026-08-21,2026,8,2026-08,2026-08-01,21,Friday,0,ST001,Market_1,Kazan,PR001,Product_1,Dairy,11,2483.69,1410.42,1073.27,11,0,0.0,2483.69,1.0,63,0,0,1
2026-08-22,2026,8,2026-08,2026-08-01,22,Saturday,1,ST001,Market_1,Kazan,PR001,Product_1,Dairy,18,4064.22,2307.96,1756.2599999999998,18,0,0.0,4064.22,1.0,45,0,0,1
2026-08-23,2026,8,2026-08,2026-08-01,23,Sunday,1,ST001,Market_1,Kazan,PR001,Product_1,Dairy,18,4064.22,2307.96,1756.2599999999998,18,0,0.0,4064.22,1.0,27,0,0,1
2026-08-24,2026,8,2026-08,2026-08-01,24,Monday,0,ST001,Market_1,Kazan,PR001,Product_1,Dairy,9,2032.11,1153.98,878.1299999999999,9,0,0.0,2032.11,1.0,18,154,0,1
2026-08-25,2026,8,2026-08,2026-08-01,25,Tuesday,0,ST001,Market_1,Kazan,PR001,Product_1,Dairy,16,3612.64,2051.52,1561.12,16,0,0.0,3612.64,1.0,2,0,0,1
2026-08-26,2026,8,2026-08,2026-08-01,26,Wednesday,0,ST001,Market_1,Kazan,PR001,Product_1,Dairy,11,2483.69,1410.42,1073.27,11,0,0.0,2483.69,1.0,145,0,0,1
2026-08-27,2026,8,2026-08,2026-08-01,27,Thursday,0,ST001,Market_1,Kazan,PR001,Product_1,Dairy,12,2709.48,1538.6399999999999,1170.8400000000001,12,0,0.0,2709.48,1.0,133,0,0,1
2026-08-28,2026,8,2026-08,2026-08-01,28,Friday,0,ST001,Market_1,Kazan,PR001,Product_1,Dairy,9,2032.11,1153.98,878.1299999999999,9,0,0.0,2032.11,1.0,124,0,0,1
2026-08-29,2026,8,2026-08,2026-08-01,29,Saturday,1,ST001,Market_1,Kazan,PR001,Product_1,Dairy,9,2032.11,1153.98,878.1299999999999,9,0,0.0,2032.11,1.0,115,0,0,1
2026-08-30,2026,8,2026-08,2026-08-01,30,Sunday,1,ST001,Market_1,Kazan,PR001,Product_1,Dairy,16,3612.64,2051.52,1561.12,16,0,0.0,3612.64,1.0,99,0,0,1
2026-08-31,2026,8,2026-08,2026-08-01,31,Monday,0,ST001,Market_1,Kazan,PR001,Product_1,Dairy,12,2709.48,1538.6399999999999,1170.8400000000001,12,0,0.0,2709.48,1.0,87,0,0,1
2026-09-01,2026,9,2026-09,2026-09-01,1,Tuesday,0,ST001,Market_1,Kazan,PR001,Product_1,Dairy,9,2032.11,1153.98,878.1299999999999,9,0,0.0,2032.11,1.0,78,0,0,1
2026-09-02,2026,9,2026-09,2026-09-01,2,Wednesday,0,ST001,Market_1,Kazan,PR001,Product_1,Dairy,11,2483.69,1410.42,1073.27,11,0,0.0,2483.69,1.0,67,0,0,1
2026-09-03,2026,9,2026-09,2026-09-01,3,Thursday,0,ST001,Market_1,Kazan,PR001,Product_1,Dairy,8,1806.32,1025.76,780.56,8,0,0.0,1806.32,1.0,59,0,0,1
2026-09-04,2026,9,2026-09,2026-09-01,4,Friday,0,ST001,Market_1,Kazan,PR001,Product_1,Dairy,5,1128.95,641.1,487.85,5,0,0.0,1128.95,1.0,54,0,0,1
2026-09-05,2026,9,2026-09,2026-09-01,5,Saturday,1,ST001,Market_1,Kazan,PR001,Product_1,Dairy,16,3612.64,2051.52,1561.12,16,0,0.0,3612.64,1.0,38,0,0,1
2026-09-06,2026,9,2026-09,2026-09-01,6,Sunday,1,ST001,Market_1,Kazan,PR001,Product_1,Dairy,17,3838.43,2179.74,1658.69,17,0,0.0,3838.43,1.0,21,154,0,1
2026-09-07,2026,9,2026-09,2026-09-01,7,Monday,0,ST001,Market_1,Kazan,PR001,Product_1,Dairy,9,2032.11,1153.98,878.1299999999999,9,0,0.0,2032.11,1.0,12,0,0,1
2026-06-10,2026,6,2026-06,2026-06-01,10,Wednesday,0,ST001,Market_1,Kazan,PR002,Product_2,Household,19,1215.81,904.4,311.40999999999997,19,0,0.0,1215.81,1.0,289,0,0,1
2026-06-11,2026,6,2026-06,2026-06-01,11,Thursday,0,ST001,Market_1,Kazan,PR002,Product_2,Household,14,895.86,666.4,229.46000000000004,14,0,0.0,895.86,1.0,275,0,0,1
2026-06-12,2026,6,2026-06,2026-06-01,12,Friday,0,ST001,Market_1,Kazan,PR002,Product_2,Household,25,1599.75,1190.0,409.75,25,0,0.0,1599.75,1.0,250,0,0,1
2026-06-13,2026,6,2026-06,2026-06-01,13,Saturday,1,ST001,Market_1,Kazan,PR002,Product_2,Household,25,1599.75,1190.0,409.75,25,0,0.0,1599.75,1.0,225,0,0,1
2026-06-14,2026,6,2026-06,2026-06-01,14,Sunday,1,ST001,Market_1,Kazan,PR002,Product_2,Household,26,1663.74,1237.6000000000001,426.1399999999999,26,0,0.0,1663.74,1.0,199,0,0,1
2026-06-15,2026,6,2026-06,2026-06-01,15,Monday,0,ST001,Market_1,Kazan,PR002,Product_2,Household,25,1599.75,1190.0,409.75,25,0,0.0,1599.75,1.0,174,0,0,1
2026-06-16,2026,6,2026-06,2026-06-01,16,Tuesday,0,ST001,Market_1,Kazan,PR002,Product_2,Household,25,1599.75,1190.0,409.75,25,0,0.0,1599.75,1.0,149,0,0,1
2026-06-17,2026,6,2026-06,2026-06-01,17,Wednesday,0,ST001,Market_1,Kazan,PR002,Product_2,Household,24,1535.76,1142.4,393.3599999999999,24,0,0.0,1535.76,1.0,125,0,0,1
2026-06-18,2026,6,2026-06,2026-06-01,18,Thursday,0,ST001,Market_1,Kazan,PR002,Product_2,Household,18,1151.82,856.8000000000001,295.01999999999987,18,0,0.0,1151.82,1.0,107,0,0,1
2026-06-19,2026,6,2026-06,2026-06-01,19,Friday,0,ST001,Market_1,Kazan,PR002,Product_2,Household,26,1663.74,1237.6000000000001,426.1399999999999,26,0,0.0,1663.74,1.0,81,0,0,1
2026-06-20,2026,6,2026-06,2026-06-01,20,Saturday,1,ST001,Market_1,Kazan,PR002,Product_2,Household,23,1471.77,1094.8,376.97,23,0,0.0,1471.77,1.0,58,0,0,1
2026-06-21,2026,6,2026-06,2026-06-01,21,Sunday,1,ST001,Market_1,Kazan,PR002,Product_2,Household,34,2175.66,1618.4,557.2599999999998,34,0,0.0,2175.66,1.0,24,308,0,1
2026-06-22,2026,6,2026-06,2026-06-01,22,Monday,0,ST001,Market_1,Kazan,PR002,Product_2,Household,15,959.85,714.0,245.85000000000002,15,0,0.0,959.85,1.0,9,0,0,1
2026-06-23,2026,6,2026-06,2026-06-01,23,Tuesday,0,ST001,Market_1,Kazan,PR002,Product_2,Household,22,1407.78,1047.2,360.5799999999999,22,0,0.0,1407.78,1.0,295,0,0,1
2026-06-24,2026,6,2026-06,2026-06-01,24,Wednesday,0,ST001,Market_1,Kazan,PR002,Product_2,Household,21,1343.79,999.6,344.18999999999994,21,0,0.0,1343.79,1.0,274,0,0,1
2026-06-25,2026,6,2026-06,2026-06-01,25,Thursday,0,ST001,Market_1,Kazan,PR002,Product_2,Household,24,1535.76,1142.4,393.3599999999999,24,0,0.0,1535.76,1.0,250,0,0,1
2026-06-26,2026,6,2026-06,2026-06-01,26,Friday,0,ST001,Market_1,Kazan,PR002,Product_2,Household,11,703.89,523.6,180.28999999999996,11,0,0.0,703.89,1.0,239,0,0,1
2026-06-27,2026,6,2026-06,2026-06-01,27,Saturday,1,ST001,Market_1,Kazan,PR002,Product_2,Household,33,2111.67,1570.8,540.8700000000001,33,0,0.0,2111.67,1.0,206,0,0,1
2026-06-28,2026,6,2026-06,2026-06-01,28,Sunday,1,ST001,Market_1,Kazan,PR002,Product_2,Household,38,2431.62,1808.8,622.8199999999999,38,0,0.0,2431.62,1.0,168,0,0,1
2026-06-29,2026,6,2026-06,2026-06-01,29,Monday,0,ST001,Market_1,Kazan,PR002,Product_2,Household,17,1087.83,809.2,278.6299999999999,17,0,0.0,1087.83,1.0,151,0,0,1
2026-06-30,2026,6,2026-06,2026-06-01,30,Tuesday,0,ST001,Market_1,Kazan,PR002,Product_2,Household,24,1535.76,1142.4,393.3599999999999,24,0,0.0,1535.76,1.0,127,0,0,1
2026-07-01,2026,7,2026-07,2026-07-01,1,Wednesday,0,ST001,Market_1,Kazan,PR002,Product_2,Household,23,1471.77,1094.8,376.97,23,0,0.0,1471.77,1.0,104,0,0,1
2026-07-02,2026,7,2026-07,2026-07-01,2,Thursday,0,ST001,Market_1,Kazan,PR002,Product_2,Household,24,1535.76,1142.4,393.3599999999999,24,0,0.0,1535.76,1.0,80,0,0,1
2026-07-03,2026,7,2026-07,2026-07-01,3,Friday,0,ST001,Market_1,Kazan,PR002,Product_2,Household,29,1855.71,1380.4,475.30999999999995,29,0,0.0,1855.71,1.0,51,0,0,1
2026-07-04,2026,7,2026-07,2026-07-01,4,Saturday,1,ST001,Market_1,Kazan,PR002,Product_2,Household,20,1279.8,952.0,327.79999999999995,20,0,0.0,1279.8,1.0,31,308,0,1
2026-07-05,2026,7,2026-07,2026-07-01,5,Sunday,1,ST001,Market_1,Kazan,PR002,Product_2,Household,31,1983.69,1475.6000000000001,508.0899999999999,34,3,191.97,2175.66,0.9117647058823529,0,0,1,0
2026-07-06,2026,7,2026-07,2026-07-01,6,Monday,0,ST001,Market_1,Kazan,PR002,Product_2,Household,19,1215.81,904.4,311.40999999999997,19,0,0.0,1215.81,1.0,289,0,0,1
2026-07-07,2026,7,2026-07,2026-07-01,7,Tuesday,0,ST001,Market_1,Kazan,PR002,Product_2,Household,19,1215.81,904.4,311.40999999999997,19,0,0.0,1215.81,1.0,270,0,0,1
2026-07-08,2026,7,2026-07,2026-07-01,8,Wednesday,0,ST001,Market_1,Kazan,PR002,Product_2,Household,25,1599.75,1190.0,409.75,25,0,0.0,1599.75,1.0,245,0,0,1
2026-07-09,2026,7,2026-07,2026-07-01,9,Thursday,0,ST001,Market_1,Kazan,PR002,Product_2,Household,28,1791.72,1332.8,458.9200000000001,28,0,0.0,1791.72,1.0,217,0,0,1
2026-07-10,2026,7,2026-07,2026-07-01,10,Friday,0,ST001,Market_1,Kazan,PR002,Product_2,Household,27,1727.73,1285.2,442.53,27,0,0.0,1727.73,1.0,190,0,0,1
2026-07-11,2026,7,2026-07,2026-07-01,11,Saturday,1,ST001,Market_1,Kazan,PR002,Product_2,Household,25,1599.75,1190.0,409.75,25,0,0.0,1599.75,1.0,165,0,0,1
2026-07-12,2026,7,2026-07,2026-07-01,12,Sunday,1,ST001,Market_1,Kazan,PR002,Product_2,Household,29,1855.71,1380.4,475.30999999999995,29,0,0.0,1855.71,1.0,136,0,0,1
2026-07-13,2026,7,2026-07,2026-07-01,13,Monday,0,ST001,Market_1,Kazan,PR002,Product_2,Household,26,1663.74,1237.6000000000001,426.1399999999999,26,0,0.0,1663.74,1.0,110,0,0,1
2026-07-14,2026,7,2026-07,2026-07-01,14,Tuesday,0,ST001,Market_1,Kazan,PR002,Product_2,Household,21,1343.79,999.6,344.18999999999994,21,0,0.0,1343.79,1.0,89,0,0,1
2026-07-15,2026,7,2026-07,2026-07-01,15,Wednesday,0,ST001,Market_1,Kazan,PR002,Product_2,Household,26,1663.74,1237.6000000000001,426.1399999999999,26,0,0.0,1663.74,1.0,63,0,0,1
2026-07-16,2026,7,2026-07,2026-07-01,16,Thursday,0,ST001,Market_1,Kazan,PR002,Product_2,Household,29,1855.71,1380.4,475.30999999999995,29,0,0.0,1855.71,1.0,34,0,0,1
2026-07-17,2026,7,2026-07,2026-07-01,17,Friday,0,ST001,Market_1,Kazan,PR002,Product_2,Household,27,1727.73,1285.2,442.53,27,0,0.0,1727.73,1.0,7,308,0,1
2026-07-18,2026,7,2026-07,2026-07-01,18,Saturday,1,ST001,Market_1,Kazan,PR002,Product_2,Household,7,447.93,333.2,114.73000000000002,39,32,2047.68,2495.61,0.1794871794871795,0,0,1,0
2026-07-19,2026,7,2026-07,2026-07-01,19,Sunday,1,ST001,Market_1,Kazan,PR002,Product_2,Household,22,1407.78,1047.2,360.5799999999999,22,0,0.0,1407.78,1.0,286,0,0,1
2026-07-20,2026,7,2026-07,2026-07-01,20,Monday,0,ST001,Market_1,Kazan,PR002,Product_2,Household,23,1471.77,1094.8,376.97,23,0,0.0,1471.77,1.0,263,0,0,1
2026-07-21,2026,7,2026-07,2026-07-01,21,Tuesday,0,ST001,Market_1,Kazan,PR002,Product_2,Household,21,1343.79,999.6,344.18999999999994,21,0,0.0,1343.79,1.0,242,0,0,1
2026-07-22,2026,7,2026-07,2026-07-01,22,Wednesday,0,ST001,Market_1,Kazan,PR002,Product_2,Household,19,1215.81,904.4,311.40999999999997,19,0,0.0,1215.81,1.0,223,0,0,1
2026-07-23,2026,7,2026-07,2026-07-01,23,Thursday,0,ST001,Market_1,Kazan,PR002,Product_2,Household,26,1663.74,1237.6000000000001,426.1399999999999,26,0,0.0,1663.74,1.0,197,0,0,1
2026-07-24,2026,7,2026-07,2026-07-01,24,Friday,0,ST001,Market_1,Kazan,PR002,Product_2,Household,22,1407.78,1047.2,360.5799999999999,22,0,0.0,1407.78,1.0,175,0,0,1
2026-07-25,2026,7,2026-07,2026-07-01,25,Saturday,1,ST001,Market_1,Kazan,PR002,Product_2,Household,32,2047.68,1523.2,524.48,32,0,0.0,2047.68,1.0,143,0,0,1
2026-07-26,2026,7,2026-07,2026-07-01,26,Sunday,1,ST001,Market_1,Kazan,PR002,Product_2,Household,39,2495.61,1856.4,639.21,39,0,0.0,2495.61,1.0,104,0,0,1
2026-07-27,2026,7,2026-07,2026-07-01,27,Monday,0,ST001,Market_1,Kazan,PR002,Product_2,Household,15,959.85,714.0,245.85000000000002,15,0,0.0,959.85,1.0,89,0,0,1
2026-07-28,2026,7,2026-07,2026-07-01,28,Tuesday,0,ST001,Market_1,Kazan,PR002,Product_2,Household,26,1663.74,1237.6000000000001,426.1399999999999,26,0,0.0,1663.74,1.0,63,0,0,1
2026-07-29,2026,7,2026-07,2026-07-01,29,Wednesday,0,ST001,Market_1,Kazan,PR002,Product_2,Household,15,959.85,714.0,245.85000000000002,15,0,0.0,959.85,1.0,48,308,0,1
2026-07-30,2026,7,2026-07,2026-07-01,30,Thursday,0,ST001,Market_1,Kazan,PR002,Product_2,Household,25,1599.75,1190.0,409.75,25,0,0.0,1599.75,1.0,23,0,0,1
2026-07-31,2026,7,2026-07,2026-07-01,31,Friday,0,ST001,Market_1,Kazan,PR002,Product_2,Household,27,1727.73,1285.2,442.53,27,0,0.0,1727.73,1.0,304,0,0,1
2026-08-01,2026,8,2026-08,2026-08-01,1,Saturday,1,ST001,Market_1,Kazan,PR002,Product_2,Household,21,1343.79,999.6,344.18999999999994,21,0,0.0,1343.79,1.0,283,0,0,1
2026-08-02,2026,8,2026-08,2026-08-01,2,Sunday,1,ST001,Market_1,Kazan,PR002,Product_2,Household,29,1855.71,1380.4,475.30999999999995,29,0,0.0,1855.71,1.0,254,0,0,1
2026-08-03,2026,8,2026-08,2026-08-01,3,Monday,0,ST001,Market_1,Kazan,PR002,Product_2,Household,26,1663.74,1237.6000000000001,426.1399999999999,26,0,0.0,1663.74,1.0,228,0,0,1
2026-08-04,2026,8,2026-08,2026-08-01,4,Tuesday,0,ST001,Market_1,Kazan,PR002,Product_2,Household,14,895.86,666.4,229.46000000000004,14,0,0.0,895.86,1.0,214,0,0,1
2026-08-05,2026,8,2026-08,2026-08-01,5,Wednesday,0,ST001,Market_1,Kazan,PR002,Product_2,Household,23,1471.77,1094.8,376.97,23,0,0.0,1471.77,1.0,191,0,0,1
2026-08-06,2026,8,2026-08,2026-08-01,6,Thursday,0,ST001,Market_1,Kazan,PR002,Product_2,Household,29,1855.71,1380.4,475.30999999999995,29,0,0.0,1855.71,1.0,162,0,0,1
2026-08-07,2026,8,2026-08,2026-08-01,7,Friday,0,ST001,Market_1,Kazan,PR002,Product_2,Household,22,1407.78,1047.2,360.5799999999999,22,0,0.0,1407.78,1.0,140,0,0,1
2026-08-08,2026,8,2026-08,2026-08-01,8,Saturday,1,ST001,Market_1,Kazan,PR002,Product_2,Household,30,1919.7,1428.0,491.70000000000005,30,0,0.0,1919.7,1.0,110,0,0,1
2026-08-09,2026,8,2026-08,2026-08-01,9,Sunday,1,ST001,Market_1,Kazan,PR002,Product_2,Household,23,1471.77,1094.8,376.97,23,0,0.0,1471.77,1.0,87,0,0,1
2026-08-10,2026,8,2026-08,2026-08-01,10,Monday,0,ST001,Market_1,Kazan,PR002,Product_2,Household,24,1535.76,1142.4,393.3599999999999,24,0,0.0,1535.76,1.0,63,0,0,1
2026-08-11,2026,8,2026-08,2026-08-01,11,Tuesday,0,ST001,Market_1,Kazan,PR002,Product_2,Household,20,1279.8,952.0,327.79999999999995,20,0,0.0,1279.8,1.0,43,308,0,1
2026-08-12,2026,8,2026-08,2026-08-01,12,Wednesday,0,ST001,Market_1,Kazan,PR002,Product_2,Household,28,1791.72,1332.8,458.9200000000001,28,0,0.0,1791.72,1.0,15,0,0,1
2026-08-13,2026,8,2026-08,2026-08-01,13,Thursday,0,ST001,Market_1,Kazan,PR002,Product_2,Household,34,2175.66,1618.4,557.2599999999998,34,0,0.0,2175.66,1.0,289,0,0,1
2026-08-14,2026,8,2026-08,2026-08-01,14,Friday,0,ST001,Market_1,Kazan,PR002,Product_2,Household,36,2303.64,1713.6000000000001,590.0399999999997,36,0,0.0,2303.64,1.0,253,0,0,1
2026-08-15,2026,8,2026-08,2026-08-01,15,Saturday,1,ST001,Market_1,Kazan,PR002,Product_2,Household,39,2495.61,1856.4,639.21,39,0,0.0,2495.61,1.0,214,0,0,1
2026-08-16,2026,8,2026-08,2026-08-01,16,Sunday,1,ST001,Market_1,Kazan,PR002,Product_2,Household,31,1983.69,1475.6000000000001,508.0899999999999,31,0,0.0,1983.69,1.0,183,0,0,1
2026-08-17,2026,8,2026-08,2026-08-01,17,Monday,0,ST001,Market_1,Kazan,PR002,Product_2,Household,25,1599.75,1190.0,409.75,25,0,0.0,1599.75,1.0,158,0,0,1
2026-08-18,2026,8,2026-08,2026-08-01,18,Tuesday,0,ST001,Market_1,Kazan,PR002,Product_2,Household,24,1535.76,1142.4,393.3599999999999,24,0,0.0,1535.76,1.0,134,0,0,1
2026-08-19,2026,8,2026-08,2026-08-01,19,Wednesday,0,ST001,Market_1,Kazan,PR002,Product_2,Household,29,1855.71,1380.4,475.30999999999995,29,0,0.0,1855.71,1.0,105,0,0,1
2026-08-20,2026,8,2026-08,2026-08-01,20,Thursday,0,ST001,Market_1,Kazan,PR002,Product_2,Household,29,1855.71,1380.4,475.30999999999995,29,0,0.0,1855.71,1.0,76,0,0,1
2026-08-21,2026,8,2026-08,2026-08-01,21,Friday,0,ST001,Market_1,Kazan,PR002,Product_2,Household,24,1535.76,1142.4,393.3599999999999,24,0,0.0,1535.76,1.0,52,0,0,1
2026-08-22,2026,8,2026-08,2026-08-01,22,Saturday,1,ST001,Market_1,Kazan,PR002,Product_2,Household,25,1599.75,1190.0,409.75,25,0,0.0,1599.75,1.0,27,0,0,1
2026-08-23,2026,8,2026-08,2026-08-01,23,Sunday,1,ST001,Market_1,Kazan,PR002,Product_2,Household,27,1727.73,1285.2,442.53,28,1,63.99,1791.72,0.9642857142857143,0,308,1,0
2026-08-24,2026,8,2026-08,2026-08-01,24,Monday,0,ST001,Market_1,Kazan,PR002,Product_2,Household,0,0.0,0.0,0.0,22,22,1407.78,1407.78,0.0,0,0,1,0
2026-08-25,2026,8,2026-08,2026-08-01,25,Tuesday,0,ST001,Market_1,Kazan,PR002,Product_2,Household,27,1727.73,1285.2,442.53,27,0,0.0,1727.73,1.0,281,0,0,1
2026-08-26,2026,8,2026-08,2026-08-01,26,Wednesday,0,ST001,Market_1,Kazan,PR002,Product_2,Household,17,1087.83,809.2,278.6299999999999,17,0,0.0,1087.83,1.0,264,0,0,1
2026-08-27,2026,8,2026-08,2026-08-01,27,Thursday,0,ST001,Market_1,Kazan,PR002,Product_2,Household,25,1599.75,1190.0,409.75,25,0,0.0,1599.75,1.0,239,0,0,1
2026-08-28,2026,8,2026-08,2026-08-01,28,Friday,0,ST001,Market_1,Kazan,PR002,Product_2,Household,21,1343.79,999.6,344.18999999999994,21,0,0.0,1343.79,1.0,218,0,0,1
2026-08-29,2026,8,2026-08,2026-08-01,29,Saturday,1,ST001,Market_1,Kazan,PR002,Product_2,Household,38,2431.62,1808.8,622.8199999999999,38,0,0.0,2431.62,1.0,180,0,0,1
2026-08-30,2026,8,2026-08,2026-08-01,30,Sunday,1,ST001,Market_1,Kazan,PR002,Product_2,Household,24,1535.76,1142.4,393.3599999999999,24,0,0.0,1535.76,1.0,156,0,0,1
2026-08-31,2026,8,2026-08,2026-08-01,31,Monday,0,ST001,Market_1,Kazan,PR002,Product_2,Household,27,1727.73,1285.2,442.53,27,0,0.0,1727.73,1.0,129,0,0,1
2026-09-01,2026,9,2026-09,2026-09-01,1,Tuesday,0,ST001,Market_1,Kazan,PR002,Product_2,Household,21,1343.79,999.6,344.18999999999994,21,0,0.0,1343.79,1.0,108,0,0,1
2026-09-02,2026,9,2026-09,2026-09-01,2,Wednesday,0,ST001,Market_1,Kazan,PR002,Product_2,Household,19,1215.81,904.4,311.40999999999997,19,0,0.0,1215.81,1.0,89,0,0,1
2026-09-03,2026,9,2026-09,2026-09-01,3,Thursday,0,ST001,Market_1,Kazan,PR002,Product_2,Household,23,1471.77,1094.8,376.97,23,0,0.0,1471.77,1.0,66,0,0,1
2026-09-04,2026,9,2026-09,2026-09-01,4,Friday,0,ST001,Market_1,Kazan,PR002,Product_2,Household,18,1151.82,856.8000000000001,295.01999999999987,18,0,0.0,1151.82,1.0,48,308,0,1
2026-09-05,2026,9,2026-09,2026-09-01,5,Saturday,1,ST001,Market_1,Kazan,PR002,Product_2,Household,32,2047.68,1523.2,524.48,32,0,0.0,2047.68,1.0,16,0,0,1
2026-09-06,2026,9,2026-09,2026-09-01,6,Sunday,1,ST001,Market_1,Kazan,PR002,Product_2,Household,34,2175.66,1618.4,557.2599999999998,34,0,0.0,2175.66,1.0,290,0,0,1
2026-09-07,2026,9,2026-09,2026-09-01,7,Monday,0,ST001,Market_1,Kazan,PR002,Product_2,Household,20,1279.8,952.0,327.79999999999995,20,0,0.0,1279.8,1.0,270,0,0,1
2026-06-10,2026,6,2026-06,2026-06-01,10,Wednesday,0,ST001,Market_1,Kazan,PR003,Product_3,Beverages,10,610.1,436.4,173.70000000000005,10,0,0.0,610.1,1.0,102,0,0,1
2026-06-11,2026,6,2026-06,2026-06-01,11,Thursday,0,ST001,Market_1,Kazan,PR003,Product_3,Beverages,5,305.05,218.2,86.85000000000002,5,0,0.0,305.05,1.0,97,0,0,1
2026-06-12,2026,6,2026-06,2026-06-01,12,Friday,0,ST001,Market_1,Kazan,PR003,Product_3,Beverages,12,732.12,523.6800000000001,208.43999999999994,12,0,0.0,732.12,1.0,85,0,0,1
2026-06-13,2026,6,2026-06,2026-06-01,13,Saturday,1,ST001,Market_1,Kazan,PR003,Product_3,Beverages,17,1037.17,741.88,295.2900000000001,17,0,0.0,1037.17,1.0,68,0,0,1
2026-06-14,2026,6,2026-06,2026-06-01,14,Sunday,1,ST001,Market_1,Kazan,PR003,Product_3,Beverages,9,549.09,392.76,156.33000000000004,9,0,0.0,549.09,1.0,59,0,0,1
2026-06-15,2026,6,2026-06,2026-06-01,15,Monday,0,ST001,Market_1,Kazan,PR003,Product_3,Beverages,6,366.06,261.84000000000003,104.21999999999997,6,0,0.0,366.06,1.0,53,0,0,1
2026-06-16,2026,6,2026-06,2026-06-01,16,Tuesday,0,ST001,Market_1,Kazan,PR003,Product_3,Beverages,4,244.04,174.56,69.47999999999999,4,0,0.0,244.04,1.0,49,0,0,1
2026-06-17,2026,6,2026-06,2026-06-01,17,Wednesday,0,ST001,Market_1,Kazan,PR003,Product_3,Beverages,6,366.06,261.84000000000003,104.21999999999997,6,0,0.0,366.06,1.0,43,0,0,1
2026-06-18,2026,6,2026-06,2026-06-01,18,Thursday,0,ST001,Market_1,Kazan,PR003,Product_3,Beverages,4,244.04,174.56,69.47999999999999,4,0,0.0,244.04,1.0,39,0,0,1
2026-06-19,2026,6,2026-06,2026-06-01,19,Friday,0,ST001,Market_1,Kazan,PR003,Product_3,Beverages,7,427.07,305.48,121.58999999999997,7,0,0.0,427.07,1.0,32,0,0,1
2026-06-20,2026,6,2026-06,2026-06-01,20,Saturday,1,ST001,Market_1,Kazan,PR003,Product_3,Beverages,17,1037.17,741.88,295.2900000000001,17,0,0.0,1037.17,1.0,15,0,0,1
2026-06-21,2026,6,2026-06,2026-06-01,21,Sunday,1,ST001,Market_1,Kazan,PR003,Product_3,Beverages,9,549.09,392.76,156.33000000000004,9,0,0.0,549.09,1.0,6,112,0,1
2026-06-22,2026,6,2026-06,2026-06-01,22,Monday,0,ST001,Market_1,Kazan,PR003,Product_3,Beverages,6,366.06,261.84000000000003,104.21999999999997,9,3,183.03,549.09,0.6666666666666666,0,0,1,0
2026-06-23,2026,6,2026-06,2026-06-01,23,Tuesday,0,ST001,Market_1,Kazan,PR003,Product_3,Beverages,8,488.08,349.12,138.95999999999998,8,0,0.0,488.08,1.0,104,0,0,1
2026-06-24,2026,6,2026-06,2026-06-01,24,Wednesday,0,ST001,Market_1,Kazan,PR003,Product_3,Beverages,4,244.04,174.56,69.47999999999999,4,0,0.0,244.04,1.0,100,0,0,1
2026-06-25,2026,6,2026-06,2026-06-01,25,Thursday,0,ST001,Market_1,Kazan,PR003,Product_3,Beverages,8,488.08,349.12,138.95999999999998,8,0,0.0,488.08,1.0,92,0,0,1
2026-06-26,2026,6,2026-06,2026-06-01,26,Friday,0,ST001,Market_1,Kazan,PR003,Product_3,Beverages,8,488.08,349.12,138.95999999999998,8,0,0.0,488.08,1.0,84,0,0,1
2026-06-27,2026,6,2026-06,2026-06-01,27,Saturday,1,ST001,Market_1,Kazan,PR003,Product_3,Beverages,8,488.08,349.12,138.95999999999998,8,0,0.0,488.08,1.0,76,0,0,1
2026-06-28,2026,6,2026-06,2026-06-01,28,Sunday,1,ST001,Market_1,Kazan,PR003,Product_3,Beverages,7,427.07,305.48,121.58999999999997,7,0,0.0,427.07,1.0,69,0,0,1
2026-06-29,2026,6,2026-06,2026-06-01,29,Monday,0,ST001,Market_1,Kazan,PR003,Product_3,Beverages,5,305.05,218.2,86.85000000000002,5,0,0.0,305.05,1.0,64,0,0,1
2026-06-30,2026,6,2026-06,2026-06-01,30,Tuesday,0,ST001,Market_1,Kazan,PR003,Product_3,Beverages,9,549.09,392.76,156.33000000000004,9,0,0.0,549.09,1.0,55,0,0,1
2026-07-01,2026,7,2026-07,2026-07-01,1,Wednesday,0,ST001,Market_1,Kazan,PR003,Product_3,Beverages,10,610.1,436.4,173.70000000000005,10,0,0.0,610.1,1.0,45,0,0,1
2026-07-02,2026,7,2026-07,2026-07-01,2,Thursday,0,ST001,Market_1,Kazan,PR003,Product_3,Beverages,7,427.07,305.48,121.58999999999997,7,0,0.0,427.07,1.0,38,0,0,1
2026-07-03,2026,7,2026-07,2026-07-01,3,Friday,0,ST001,Market_1,Kazan,PR003,Product_3,Beverages,6,366.06,261.84000000000003,104.21999999999997,6,0,0.0,366.06,1.0,32,0,0,1
2026-07-04,2026,7,2026-07,2026-07-01,4,Saturday,1,ST001,Market_1,Kazan,PR003,Product_3,Beverages,13,793.13,567.32,225.80999999999995,13,0,0.0,793.13,1.0,19,0,0,1
2026-07-05,2026,7,2026-07,2026-07-01,5,Sunday,1,ST001,Market_1,Kazan,PR003,Product_3,Beverages,12,732.12,523.6800000000001,208.43999999999994,12,0,0.0,732.12,1.0,7,112,0,1
2026-07-06,2026,7,2026-07,2026-07-01,6,Monday,0,ST001,Market_1,Kazan,PR003,Product_3,Beverages,7,427.07,305.48,121.58999999999997,9,2,122.02,549.09,0.7777777777777778,0,0,1,0
2026-07-07,2026,7,2026-07,2026-07-01,7,Tuesday,0,ST001,Market_1,Kazan,PR003,Product_3,Beverages,7,427.07,305.48,121.58999999999997,7,0,0.0,427.07,1.0,105,0,0,1
2026-07-08,2026,7,2026-07,2026-07-01,8,Wednesday,0,ST001,Market_1,Kazan,PR003,Product_3,Beverages,12,732.12,523.6800000000001,208.43999999999994,12,0,0.0,732.12,1.0,93,0,0,1
2026-07-09,2026,7,2026-07,2026-07-01,9,Thursday,0,ST001,Market_1,Kazan,PR003,Product_3,Beverages,10,610.1,436.4,173.70000000000005,10,0,0.0,610.1,1.0,83,0,0,1
2026-07-10,2026,7,2026-07,2026-07-01,10,Friday,0,ST001,Market_1,Kazan,PR003,Product_3,Beverages,9,549.09,392.76,156.33000000000004,9,0,0.0,549.09,1.0,74,0,0,1
2026-07-11,2026,7,2026-07,2026-07-01,11,Saturday,1,ST001,Market_1,Kazan,PR003,Product_3,Beverages,12,732.12,523.6800000000001,208.43999999999994,12,0,0.0,732.12,1.0,62,0,0,1
2026-07-12,2026,7,2026-07,2026-07-01,12,Sunday,1,ST001,Market_1,Kazan,PR003,Product_3,Beverages,16,976.16,698.24,277.91999999999996,16,0,0.0,976.16,1.0,46,0,0,1
2026-07-13,2026,7,2026-07,2026-07-01,13,Monday,0,ST001,Market_1,Kazan,PR003,Product_3,Beverages,7,427.07,305.48,121.58999999999997,7,0,0.0,427.07,1.0,39,0,0,1
2026-07-14,2026,7,2026-07,2026-07-01,14,Tuesday,0,ST001,Market_1,Kazan,PR003,Product_3,Beverages,11,671.11,480.04,191.07,11,0,0.0,671.11,1.0,28,0,0,1
2026-07-15,2026,7,2026-07,2026-07-01,15,Wednesday,0,ST001,Market_1,Kazan,PR003,Product_3,Beverages,8,488.08,349.12,138.95999999999998,8,0,0.0,488.08,1.0,20,0,0,1
2026-07-16,2026,7,2026-07,2026-07-01,16,Thursday,0,ST001,Market_1,Kazan,PR003,Product_3,Beverages,11,671.11,480.04,191.07,11,0,0.0,671.11,1.0,9,112,0,1
2026-07-17,2026,7,2026-07,2026-07-01,17,Friday,0,ST001,Market_1,Kazan,PR003,Product_3,Beverages,9,549.09,392.76,156.33000000000004,9,0,0.0,549.09,1.0,0,0,1,0
2026-07-18,2026,7,2026-07,2026-07-01,18,Saturday,1,ST001,Market_1,Kazan,PR003,Product_3,Beverages,15,915.15,654.6,260.54999999999995,15,0,0.0,915.15,1.0,97,0,0,1
2026-07-19,2026,7,2026-07,2026-07-01,19,Sunday,1,ST001,Market_1,Kazan,PR003,Product_3,Beverages,9,549.09,392.76,156.33000000000004,9,0,0.0,549.09,1.0,88,0,0,1
2026-07-20,2026,7,2026-07,2026-07-01,20,Monday,0,ST001,Market_1,Kazan,PR003,Product_3,Beverages,8,488.08,349.12,138.95999999999998,8,0,0.0,488.08,1.0,80,0,0,1
2026-07-21,2026,7,2026-07,2026-07-01,21,Tuesday,0,ST001,Market_1,Kazan,PR003,Product_3,Beverages,7,427.07,305.48,121.58999999999997,7,0,0.0,427.07,1.0,73,0,0,1
2026-07-22,2026,7,2026-07,2026-07-01,22,Wednesday,0,ST001,Market_1,Kazan,PR003,Product_3,Beverages,7,427.07,305.48,121.58999999999997,7,0,0.0,427.07,1.0,66,0,0,1
2026-07-23,2026,7,2026-07,2026-07-01,23,Thursday,0,ST001,Market_1,Kazan,PR003,Product_3,Beverages,6,366.06,261.84000000000003,104.21999999999997,6,0,0.0,366.06,1.0,60,0,0,1
2026-07-24,2026,7,2026-07,2026-07-01,24,Friday,0,ST001,Market_1,Kazan,PR003,Product_3,Beverages,5,305.05,218.2,86.85000000000002,5,0,0.0,305.05,1.0,55,0,0,1
2026-07-25,2026,7,2026-07,2026-07-01,25,Saturday,1,ST001,Market_1,Kazan,PR003,Product_3,Beverages,11,671.11,480.04,191.07,11,0,0.0,671.11,1.0,44,0,0,1
2026-07-26,2026,7,2026-07,2026-07-01,26,Sunday,1,ST001,Market_1,Kazan,PR003,Product_3,Beverages,10,610.1,436.4,173.70000000000005,10,0,0.0,610.1,1.0,34,0,0,1
2026-07-27,2026,7,2026-07,2026-07-01,27,Monday,0,ST001,Market_1,Kazan,PR003,Product_3,Beverages,8,488.08,349.12,138.95999999999998,8,0,0.0,488.08,1.0,26,0,0,1
2026-07-28,2026,7,2026-07,2026-07-01,28,Tuesday,0,ST001,Market_1,Kazan,PR003,Product_3,Beverages,5,305.05,218.2,86.85000000000002,5,0,0.0,305.05,1.0,21,0,0,1
2026-07-29,2026,7,2026-07,2026-07-01,29,Wednesday,0,ST001,Market_1,Kazan,PR003,Product_3,Beverages,4,244.04,174.56,69.47999999999999,4,0,0.0,244.04,1.0,17,112,0,1
2026-07-30,2026,7,2026-07,2026-07-01,30,Thursday,0,ST001,Market_1,Kazan,PR003,Product_3,Beverages,9,549.09,392.76,156.33000000000004,9,0,0.0,549.09,1.0,8,0,0,1
2026-07-31,2026,7,2026-07,2026-07-01,31,Friday,0,ST001,Market_1,Kazan,PR003,Product_3,Beverages,3,183.03,130.92000000000002,52.109999999999985,3,0,0.0,183.03,1.0,117,0,0,1
2026-08-01,2026,8,2026-08,2026-08-01,1,Saturday,1,ST001,Market_1,Kazan,PR003,Product_3,Beverages,8,488.08,349.12,138.95999999999998,8,0,0.0,488.08,1.0,109,0,0,1
2026-08-02,2026,8,2026-08,2026-08-01,2,Sunday,1,ST001,Market_1,Kazan,PR003,Product_3,Beverages,8,488.08,349.12,138.95999999999998,8,0,0.0,488.08,1.0,101,0,0,1
2026-08-03,2026,8,2026-08,2026-08-01,3,Monday,0,ST001,Market_1,Kazan,PR003,Product_3,Beverages,10,610.1,436.4,173.70000000000005,10,0,0.0,610.1,1.0,91,0,0,1
2026-08-04,2026,8,2026-08,2026-08-01,4,Tuesday,0,ST001,Market_1,Kazan,PR003,Product_3,Beverages,10,610.1,436.4,173.70000000000005,10,0,0.0,610.1,1.0,81,0,0,1
2026-08-05,2026,8,2026-08,2026-08-01,5,Wednesday,0,ST001,Market_1,Kazan,PR003,Product_3,Beverages,8,488.08,349.12,138.95999999999998,8,0,0.0,488.08,1.0,73,0,0,1
2026-08-06,2026,8,2026-08,2026-08-01,6,Thursday,0,ST001,Market_1,Kazan,PR003,Product_3,Beverages,4,244.04,174.56,69.47999999999999,4,0,0.0,244.04,1.0,69,0,0,1
2026-08-07,2026,8,2026-08,2026-08-01,7,Friday,0,ST001,Market_1,Kazan,PR003,Product_3,Beverages,5,305.05,218.2,86.85000000000002,5,0,0.0,305.05,1.0,64,0,0,1
2026-08-08,2026,8,2026-08,2026-08-01,8,Saturday,1,ST001,Market_1,Kazan,PR003,Product_3,Beverages,16,976.16,698.24,277.91999999999996,16,0,0.0,976.16,1.0,48,0,0,1
2026-08-09,2026,8,2026-08,2026-08-01,9,Sunday,1,ST001,Market_1,Kazan,PR003,Product_3,Beverages,12,732.12,523.6800000000001,208.43999999999994,12,0,0.0,732.12,1.0,36,0,0,1
2026-08-10,2026,8,2026-08,2026-08-01,10,Monday,0,ST001,Market_1,Kazan,PR003,Product_3,Beverages,6,366.06,261.84000000000003,104.21999999999997,6,0,0.0,366.06,1.0,30,0,0,1
2026-08-11,2026,8,2026-08,2026-08-01,11,Tuesday,0,ST001,Market_1,Kazan,PR003,Product_3,Beverages,7,427.07,305.48,121.58999999999997,7,0,0.0,427.07,1.0,23,0,0,1
2026-08-12,2026,8,2026-08,2026-08-01,12,Wednesday,0,ST001,Market_1,Kazan,PR003,Product_3,Beverages,7,427.07,305.48,121.58999999999997,7,0,0.0,427.07,1.0,16,112,0,1
2026-08-13,2026,8,2026-08,2026-08-01,13,Thursday,0,ST001,Market_1,Kazan,PR003,Product_3,Beverages,7,427.07,305.48,121.58999999999997,7,0,0.0,427.07,1.0,9,0,0,1
2026-08-14,2026,8,2026-08,2026-08-01,14,Friday,0,ST001,Market_1,Kazan,PR003,Product_3,Beverages,9,549.09,392.76,156.33000000000004,9,0,0.0,549.09,1.0,112,0,0,1
2026-08-15,2026,8,2026-08,2026-08-01,15,Saturday,1,ST001,Market_1,Kazan,PR003,Product_3,Beverages,12,732.12,523.6800000000001,208.43999999999994,12,0,0.0,732.12,1.0,100,0,0,1
2026-08-16,2026,8,2026-08,2026-08-01,16,Sunday,1,ST001,Market_1,Kazan,PR003,Product_3,Beverages,11,671.11,480.04,191.07,11,0,0.0,671.11,1.0,89,0,0,1
2026-08-17,2026,8,2026-08,2026-08-01,17,Monday,0,ST001,Market_1,Kazan,PR003,Product_3,Beverages,12,732.12,523.6800000000001,208.43999999999994,12,0,0.0,732.12,1.0,77,0,0,1
2026-08-18,2026,8,2026-08,2026-08-01,18,Tuesday,0,ST001,Market_1,Kazan,PR003,Product_3,Beverages,11,671.11,480.04,191.07,11,0,0.0,671.11,1.0,66,0,0,1
2026-08-19,2026,8,2026-08,2026-08-01,19,Wednesday,0,ST001,Market_1,Kazan,PR003,Product_3,Beverages,7,427.07,305.48,121.58999999999997,7,0,0.0,427.07,1.0,59,0,0,1
2026-08-20,2026,8,2026-08,2026-08-01,20,Thursday,0,ST001,Market_1,Kazan,PR003,Product_3,Beverages,5,305.05,218.2,86.85000000000002,5,0,0.0,305.05,1.0,54,0,0,1
2026-08-21,2026,8,2026-08,2026-08-01,21,Friday,0,ST001,Market_1,Kazan,PR003,Product_3,Beverages,7,427.07,305.48,121.58999999999997,7,0,0.0,427.07,1.0,47,0,0,1
2026-08-22,2026,8,2026-08,2026-08-01,22,Saturday,1,ST001,Market_1,Kazan,PR003,Product_3,Beverages,16,976.16,698.24,277.91999999999996,16,0,0.0,976.16,1.0,31,0,0,1
2026-08-23,2026,8,2026-08,2026-08-01,23,Sunday,1,ST001,Market_1,Kazan,PR003,Product_3,Beverages,16,976.16,698.24,277.91999999999996,16,0,0.0,976.16,1.0,15,0,0,1
2026-08-24,2026,8,2026-08,2026-08-01,24,Monday,0,ST001,Market_1,Kazan,PR003,Product_3,Beverages,15,915.15,654.6,260.54999999999995,15,0,0.0,915.15,1.0,0,0,1,0
2026-08-25,2026,8,2026-08,2026-08-01,25,Tuesday,0,ST001,Market_1,Kazan,PR003,Product_3,Beverages,0,0.0,0.0,0.0,4,4,244.04,244.04,0.0,0,112,1,0
2026-08-26,2026,8,2026-08,2026-08-01,26,Wednesday,0,ST001,Market_1,Kazan,PR003,Product_3,Beverages,0,0.0,0.0,0.0,7,7,427.07,427.07,0.0,0,0,1,0
2026-08-27,2026,8,2026-08,2026-08-01,27,Thursday,0,ST001,Market_1,Kazan,PR003,Product_3,Beverages,9,549.09,392.76,156.33000000000004,9,0,0.0,549.09,1.0,103,0,0,1
2026-08-28,2026,8,2026-08,2026-08-01,28,Friday,0,ST001,Market_1,Kazan,PR003,Product_3,Beverages,7,427.07,305.48,121.58999999999997,7,0,0.0,427.07,1.0,96,0,0,1
2026-08-29,2026,8,2026-08,2026-08-01,29,Saturday,1,ST001,Market_1,Kazan,PR003,Product_3,Beverages,10,610.1,436.4,173.70000000000005,10,0,0.0,610.1,1.0,86,0,0,1
2026-08-30,2026,8,2026-08,2026-08-01,30,Sunday,1,ST001,Market_1,Kazan,PR003,Product_3,Beverages,7,427.07,305.48,121.58999999999997,7,0,0.0,427.07,1.0,79,0,0,1
2026-08-31,2026,8,2026-08,2026-08-01,31,Monday,0,ST001,Market_1,Kazan,PR003,Product_3,Beverages,9,549.09,392.76,156.33000000000004,9,0,0.0,549.09,1.0,70,0,0,1
2026-09-01,2026,9,2026-09,2026-09-01,1,Tuesday,0,ST001,Market_1,Kazan,PR003,Product_3,Beverages,10,610.1,436.4,173.70000000000005,10,0,0.0,610.1,1.0,60,0,0,1
2026-09-02,2026,9,2026-09,2026-09-01,2,Wednesday,0,ST001,Market_1,Kazan,PR003,Product_3,Beverages,7,427.07,305.48,121.58999999999997,7,0,0.0,427.07,1.0,53,0,0,1
2026-09-03,2026,9,2026-09,2026-09-01,3,Thursday,0,ST001,Market_1,Kazan,PR003,Product_3,Beverages,18,1098.18,785.52,312.6600000000001,18,0,0.0,1098.18,1.0,35,0,0,1
2026-09-04,2026,9,2026-09,2026-09-01,4,Friday,0,ST001,Market_1,Kazan,PR003,Product_3,Beverages,6,366.06,261.84000000000003,104.21999999999997,6,0,0.0,366.06,1.0,29,0,0,1
2026-09-05,2026,9,2026-09,2026-09-01,5,Saturday,1,ST001,Market_1,Kazan,PR003,Product_3,Beverages,9,549.09,392.76,156.33000000000004,9,0,0.0,549.09,1.0,20,0,0,1
2026-09-06,2026,9,2026-09,2026-09-01,6,Sunday,1,ST001,Market_1,Kazan,PR003,Product_3,Beverages,15,915.15,654.6,260.54999999999995,15,0,0.0,915.15,1.0,5,0,0,1
2026-09-07,2026,9,2026-09,2026-09-01,7,Monday,0,ST001,Market_1,Kazan,PR003,Product_3,Beverages,5,305.05,218.2,86.85000000000002,5,0,0.0,305.05,1.0,0,112,1,0
2026-06-10,2026,6,2026-06,2026-06-01,10,Wednesday,0,ST001,Market_1,Kazan,PR004,Product_4,Beverages,31,1797.38,1359.0400000000002,438.3399999999999,31,0,0.0,1797.3799999999999,1.0,375,0,0,1
2026-06-11,2026,6,2026-06,2026-06-01,11,Thursday,0,ST001,Market_1,Kazan,PR004,Product_4,Beverages,34,1971.32,1490.5600000000002,480.75999999999976,34,0,0.0,1971.32,1.0,341,0,0,1
2026-06-12,2026,6,2026-06,2026-06-01,12,Friday,0,ST001,Market_1,Kazan,PR004,Product_4,Beverages,33,1913.34,1446.72,466.6199999999999,33,0,0.0,1913.34,1.0,308,0,0,1
2026-06-13,2026,6,2026-06,2026-06-01,13,Saturday,1,ST001,Market_1,Kazan,PR004,Product_4,Beverages,58,3362.84,2542.7200000000003,820.1199999999999,58,0,0.0,3362.8399999999997,1.0,250,0,0,1
2026-06-14,2026,6,2026-06,2026-06-01,14,Sunday,1,ST001,Market_1,Kazan,PR004,Product_4,Beverages,44,2551.12,1928.96,622.1599999999999,44,0,0.0,2551.12,1.0,206,0,0,1
2026-06-15,2026,6,2026-06,2026-06-01,15,Monday,0,ST001,Market_1,Kazan,PR004,Product_4,Beverages,26,1507.48,1139.8400000000001,367.6399999999999,26,0,0.0,1507.48,1.0,180,0,0,1
2026-06-16,2026,6,2026-06,2026-06-01,16,Tuesday,0,ST001,Market_1,Kazan,PR004,Product_4,Beverages,19,1101.62,832.96,268.65999999999985,19,0,0.0,1101.62,1.0,161,0,0,1
2026-06-17,2026,6,2026-06,2026-06-01,17,Wednesday,0,ST001,Market_1,Kazan,PR004,Product_4,Beverages,26,1507.48,1139.8400000000001,367.6399999999999,26,0,0.0,1507.48,1.0,135,0,0,1
2026-06-18,2026,6,2026-06,2026-06-01,18,Thursday,0,ST001,Market_1,Kazan,PR004,Product_4,Beverages,33,1913.34,1446.72,466.6199999999999,33,0,0.0,1913.34,1.0,102,0,0,1
2026-06-19,2026,6,2026-06,2026-06-01,19,Friday,0,ST001,Market_1,Kazan,PR004,Product_4,Beverages,33,1913.34,1446.72,466.6199999999999,33,0,0.0,1913.34,1.0,69,0,0,1
2026-06-20,2026,6,2026-06,2026-06-01,20,Saturday,1,ST001,Market_1,Kazan,PR004,Product_4,Beverages,40,2319.2,1753.6000000000001,565.5999999999997,40,0,0.0,2319.2,1.0,29,406,0,1
2026-06-21,2026,6,2026-06,2026-06-01,21,Sunday,1,ST001,Market_1,Kazan,PR004,Product_4,Beverages,29,1681.42,1271.3600000000001,410.05999999999995,44,15,869.6999999999999,2551.12,0.6590909090909091,0,0,1,0
2026-06-22,2026,6,2026-06,2026-06-01,22,Monday,0,ST001,Market_1,Kazan,PR004,Product_4,Beverages,28,1623.44,1227.52,395.9200000000001,28,0,0.0,1623.4399999999998,1.0,378,0,0,1
2026-06-23,2026,6,2026-06,2026-06-01,23,Tuesday,0,ST001,Market_1,Kazan,PR004,Product_4,Beverages,23,1333.54,1008.32,325.2199999999999,23,0,0.0,1333.54,1.0,355,0,0,1
2026-06-24,2026,6,2026-06,2026-06-01,24,Wednesday,0,ST001,Market_1,Kazan,PR004,Product_4,Beverages,32,1855.36,1402.88,452.4799999999998,32,0,0.0,1855.36,1.0,323,0,0,1
2026-06-25,2026,6,2026-06,2026-06-01,25,Thursday,0,ST001,Market_1,Kazan,PR004,Product_4,Beverages,20,1159.6,876.8000000000001,282.79999999999984,20,0,0.0,1159.6,1.0,303,0,0,1
2026-06-26,2026,6,2026-06,2026-06-01,26,Friday,0,ST001,Market_1,Kazan,PR004,Product_4,Beverages,31,1797.38,1359.0400000000002,438.3399999999999,31,0,0.0,1797.3799999999999,1.0,272,0,0,1
2026-06-27,2026,6,2026-06,2026-06-01,27,Saturday,1,ST001,Market_1,Kazan,PR004,Product_4,Beverages,55,3188.9,2411.2000000000003,777.6999999999998,55,0,0.0,3188.8999999999996,1.0,217,0,0,1
2026-06-28,2026,6,2026-06,2026-06-01,28,Sunday,1,ST001,Market_1,Kazan,PR004,Product_4,Beverages,39,2261.22,1709.7600000000002,551.4599999999996,39,0,0.0,2261.22,1.0,178,0,0,1
2026-06-29,2026,6,2026-06,2026-06-01,29,Monday,0,ST001,Market_1,Kazan,PR004,Product_4,Beverages,28,1623.44,1227.52,395.9200000000001,28,0,0.0,1623.4399999999998,1.0,150,0,0,1
2026-06-30,2026,6,2026-06,2026-06-01,30,Tuesday,0,ST001,Market_1,Kazan,PR004,Product_4,Beverages,27,1565.46,1183.68,381.78,27,0,0.0,1565.4599999999998,1.0,123,0,0,1
2026-07-01,2026,7,2026-07,2026-07-01,1,Wednesday,0,ST001,Market_1,Kazan,PR004,Product_4,Beverages,37,2145.26,1622.0800000000002,523.1800000000001,37,0,0.0,2145.2599999999998,1.0,86,0,0,1
2026-07-02,2026,7,2026-07,2026-07-01,2,Thursday,0,ST001,Market_1,Kazan,PR004,Product_4,Beverages,24,1391.52,1052.16,339.3599999999999,24,0,0.0,1391.52,1.0,62,0,0,1
2026-07-03,2026,7,2026-07,2026-07-01,3,Friday,0,ST001,Market_1,Kazan,PR004,Product_4,Beverages,31,1797.38,1359.0400000000002,438.3399999999999,31,0,0.0,1797.3799999999999,1.0,31,406,0,1
2026-07-04,2026,7,2026-07,2026-07-01,4,Saturday,1,ST001,Market_1,Kazan,PR004,Product_4,Beverages,31,1797.38,1359.0400000000002,438.3399999999999,49,18,1043.6399999999999,2841.02,0.6326530612244898,0,0,1,0
2026-07-05,2026,7,2026-07,2026-07-01,5,Sunday,1,ST001,Market_1,Kazan,PR004,Product_4,Beverages,59,3420.82,2586.5600000000004,834.2599999999998,59,0,0.0,3420.8199999999997,1.0,347,0,0,1
2026-07-06,2026,7,2026-07,2026-07-01,6,Monday,0,ST001,Market_1,Kazan,PR004,Product_4,Beverages,36,2087.28,1578.2400000000002,509.03999999999996,36,0,0.0,2087.2799999999997,1.0,311,0,0,1
2026-07-07,2026,7,2026-07,2026-07-01,7,Tuesday,0,ST001,Market_1,Kazan,PR004,Product_4,Beverages,33,1913.34,1446.72,466.6199999999999,33,0,0.0,1913.34,1.0,278,0,0,1
2026-07-08,2026,7,2026-07,2026-07-01,8,Wednesday,0,ST001,Market_1,Kazan,PR004,Product_4,Beverages,22,1275.56,964.48,311.0799999999999,22,0,0.0,1275.56,1.0,256,0,0,1
2026-07-09,2026,7,2026-07,2026-07-01,9,Thursday,0,ST001,Market_1,Kazan,PR004,Product_4,Beverages,38,2203.24,1665.92,537.3199999999997,38,0,0.0,2203.24,1.0,218,0,0,1
2026-07-10,2026,7,2026-07,2026-07-01,10,Friday,0,ST001,Market_1,Kazan,PR004,Product_4,Beverages,34,1971.32,1490.5600000000002,480.75999999999976,34,0,0.0,1971.32,1.0,184,0,0,1
2026-07-11,2026,7,2026-07,2026-07-01,11,Saturday,1,ST001,Market_1,Kazan,PR004,Product_4,Beverages,32,1855.36,1402.88,452.4799999999998,32,0,0.0,1855.36,1.0,152,0,0,1
2026-07-12,2026,7,2026-07,2026-07-01,12,Sunday,1,ST001,Market_1,Kazan,PR004,Product_4,Beverages,44,2551.12,1928.96,622.1599999999999,44,0,0.0,2551.12,1.0,108,0,0,1
2026-07-13,2026,7,2026-07,2026-07-01,13,Monday,0,ST001,Market_1,Kazan,PR004,Product_4,Beverages,24,1391.52,1052.16,339.3599999999999,24,0,0.0,1391.52,1.0,84,0,0,1
2026-07-14,2026,7,2026-07,2026-07-01,14,Tuesday,0,ST001,Market_1,Kazan,PR004,Product_4,Beverages,18,1043.64,789.1200000000001,254.51999999999998,18,0,0.0,1043.6399999999999,1.0,66,0,0,1
2026-07-15,2026,7,2026-07,2026-07-01,15,Wednesday,0,ST001,Market_1,Kazan,PR004,Product_4,Beverages,25,1449.5,1096.0,353.5,25,0,0.0,1449.5,1.0,41,406,0,1
2026-07-16,2026,7,2026-07,2026-07-01,16,Thursday,0,ST001,Market_1,Kazan,PR004,Product_4,Beverages,26,1507.48,1139.8400000000001,367.6399999999999,26,0,0.0,1507.48,1.0,15,0,0,1
2026-07-17,2026,7,2026-07,2026-07-01,17,Friday,0,ST001,Market_1,Kazan,PR004,Product_4,Beverages,27,1565.46,1183.68,381.78,27,0,0.0,1565.4599999999998,1.0,394,0,0,1
2026-07-18,2026,7,2026-07,2026-07-01,18,Saturday,1,ST001,Market_1,Kazan,PR004,Product_4,Beverages,42,2435.16,1841.2800000000002,593.8799999999997,42,0,0.0,2435.16,1.0,352,0,0,1
2026-07-19,2026,7,2026-07,2026-07-01,19,Sunday,1,ST001,Market_1,Kazan,PR004,Product_4,Beverages,44,2551.12,1928.96,622.1599999999999,44,0,0.0,2551.12,1.0,308,0,0,1
2026-07-20,2026,7,2026-07,2026-07-01,20,Monday,0,ST001,Market_1,Kazan,PR004,Product_4,Beverages,34,1971.32,1490.5600000000002,480.75999999999976,34,0,0.0,1971.32,1.0,274,0,0,1
2026-07-21,2026,7,2026-07,2026-07-01,21,Tuesday,0,ST001,Market_1,Kazan,PR004,Product_4,Beverages,29,1681.42,1271.3600000000001,410.05999999999995,29,0,0.0,1681.4199999999998,1.0,245,0,0,1
2026-07-22,2026,7,2026-07,2026-07-01,22,Wednesday,0,ST001,Market_1,Kazan,PR004,Product_4,Beverages,22,1275.56,964.48,311.0799999999999,22,0,0.0,1275.56,1.0,223,0,0,1
2026-07-23,2026,7,2026-07,2026-07-01,23,Thursday,0,ST001,Market_1,Kazan,PR004,Product_4,Beverages,31,1797.38,1359.0400000000002,438.3399999999999,31,0,0.0,1797.3799999999999,1.0,192,0,0,1
2026-07-24,2026,7,2026-07,2026-07-01,24,Friday,0,ST001,Market_1,Kazan,PR004,Product_4,Beverages,30,1739.4,1315.2,424.20000000000005,30,0,0.0,1739.3999999999999,1.0,162,0,0,1
2026-07-25,2026,7,2026-07,2026-07-01,25,Saturday,1,ST001,Market_1,Kazan,PR004,Product_4,Beverages,37,2145.26,1622.0800000000002,523.1800000000001,37,0,0.0,2145.2599999999998,1.0,125,0,0,1
2026-07-26,2026,7,2026-07,2026-07-01,26,Sunday,1,ST001,Market_1,Kazan,PR004,Product_4,Beverages,30,1739.4,1315.2,424.20000000000005,30,0,0.0,1739.3999999999999,1.0,95,0,0,1
2026-07-27,2026,7,2026-07,2026-07-01,27,Monday,0,ST001,Market_1,Kazan,PR004,Product_4,Beverages,14,811.72,613.76,197.96000000000004,14,0,0.0,811.7199999999999,1.0,81,0,0,1
2026-07-28,2026,7,2026-07,2026-07-01,28,Tuesday,0,ST001,Market_1,Kazan,PR004,Product_4,Beverages,27,1565.46,1183.68,381.78,27,0,0.0,1565.4599999999998,1.0,54,406,0,1
2026-07-29,2026,7,2026-07,2026-07-01,29,Wednesday,0,ST001,Market_1,Kazan,PR004,Product_4,Beverages,30,1739.4,1315.2,424.20000000000005,30,0,0.0,1739.3999999999999,1.0,24,0,0,1
2026-07-30,2026,7,2026-07,2026-07-01,30,Thursday,0,ST001,Market_1,Kazan,PR004,Product_4,Beverages,34,1971.32,1490.5600000000002,480.75999999999976,34,0,0.0,1971.32,1.0,396,0,0,1
2026-07-31,2026,7,2026-07,2026-07-01,31,Friday,0,ST001,Market_1,Kazan,PR004,Product_4,Beverages,23,1333.54,1008.32,325.2199999999999,23,0,0.0,1333.54,1.0,373,0,0,1
2026-08-01,2026,8,2026-08,2026-08-01,1,Saturday,1,ST001,Market_1,Kazan,PR004,Product_4,Beverages,43,2493.14,1885.1200000000001,608.0199999999998,43,0,0.0,2493.14,1.0,330,0,0,1
2026-08-02,2026,8,2026-08,2026-08-01,2,Sunday,1,ST001,Market_1,Kazan,PR004,Product_4,Beverages,27,1565.46,1183.68,381.78,27,0,0.0,1565.4599999999998,1.0,303,0,0,1
2026-08-03,2026,8,2026-08,2026-08-01,3,Monday,0,ST001,Market_1,Kazan,PR004,Product_4,Beverages,32,1855.36,1402.88,452.4799999999998,32,0,0.0,1855.36,1.0,271,0,0,1
2026-08-04,2026,8,2026-08,2026-08-01,4,Tuesday,0,ST001,Market_1,Kazan,PR004,Product_4,Beverages,32,1855.36,1402.88,452.4799999999998,32,0,0.0,1855.36,1.0,239,0,0,1
2026-08-05,2026,8,2026-08,2026-08-01,5,Wednesday,0,ST001,Market_1,Kazan,PR004,Product_4,Beverages,26,1507.48,1139.8400000000001,367.6399999999999,26,0,0.0,1507.48,1.0,213,0,0,1
2026-08-06,2026,8,2026-08,2026-08-01,6,Thursday,0,ST001,Market_1,Kazan,PR004,Product_4,Beverages,20,1159.6,876.8000000000001,282.79999999999984,20,0,0.0,1159.6,1.0,193,0,0,1
2026-08-07,2026,8,2026-08,2026-08-01,7,Friday,0,ST001,Market_1,Kazan,PR004,Product_4,Beverages,30,1739.4,1315.2,424.20000000000005,30,0,0.0,1739.3999999999999,1.0,163,0,0,1
2026-08-08,2026,8,2026-08,2026-08-01,8,Saturday,1,ST001,Market_1,Kazan,PR004,Product_4,Beverages,40,2319.2,1753.6000000000001,565.5999999999997,40,0,0.0,2319.2,1.0,123,0,0,1
2026-08-09,2026,8,2026-08,2026-08-01,9,Sunday,1,ST001,Market_1,Kazan,PR004,Product_4,Beverages,41,2377.18,1797.44,579.7399999999998,41,0,0.0,2377.18,1.0,82,0,0,1
2026-08-10,2026,8,2026-08,2026-08-01,10,Monday,0,ST001,Market_1,Kazan,PR004,Product_4,Beverages,20,1159.6,876.8000000000001,282.79999999999984,20,0,0.0,1159.6,1.0,62,0,0,1
2026-08-11,2026,8,2026-08,2026-08-01,11,Tuesday,0,ST001,Market_1,Kazan,PR004,Product_4,Beverages,25,1449.5,1096.0,353.5,25,0,0.0,1449.5,1.0,37,406,0,1
2026-08-12,2026,8,2026-08,2026-08-01,12,Wednesday,0,ST001,Market_1,Kazan,PR004,Product_4,Beverages,36,2087.28,1578.2400000000002,509.03999999999996,36,0,0.0,2087.2799999999997,1.0,1,0,0,1
2026-08-13,2026,8,2026-08,2026-08-01,13,Thursday,0,ST001,Market_1,Kazan,PR004,Product_4,Beverages,23,1333.54,1008.32,325.2199999999999,23,0,0.0,1333.54,1.0,384,0,0,1
2026-08-14,2026,8,2026-08,2026-08-01,14,Friday,0,ST001,Market_1,Kazan,PR004,Product_4,Beverages,32,1855.36,1402.88,452.4799999999998,32,0,0.0,1855.36,1.0,352,0,0,1
2026-08-15,2026,8,2026-08,2026-08-01,15,Saturday,1,ST001,Market_1,Kazan,PR004,Product_4,Beverages,42,2435.16,1841.2800000000002,593.8799999999997,42,0,0.0,2435.16,1.0,310,0,0,1
2026-08-16,2026,8,2026-08,2026-08-01,16,Sunday,1,ST001,Market_1,Kazan,PR004,Product_4,Beverages,34,1971.32,1490.5600000000002,480.75999999999976,34,0,0.0,1971.32,1.0,276,0,0,1
2026-08-17,2026,8,2026-08,2026-08-01,17,Monday,0,ST001,Market_1,Kazan,PR004,Product_4,Beverages,19,1101.62,832.96,268.65999999999985,19,0,0.0,1101.62,1.0,257,0,0,1
2026-08-18,2026,8,2026-08,2026-08-01,18,Tuesday,0,ST001,Market_1,Kazan,PR004,Product_4,Beverages,25,1449.5,1096.0,353.5,25,0,0.0,1449.5,1.0,232,0,0,1
2026-08-19,2026,8,2026-08,2026-08-01,19,Wednesday,0,ST001,Market_1,Kazan,PR004,Product_4,Beverages,36,2087.28,1578.2400000000002,509.03999999999996,36,0,0.0,2087.2799999999997,1.0,196,0,0,1
2026-08-20,2026,8,2026-08,2026-08-01,20,Thursday,0,ST001,Market_1,Kazan,PR004,Product_4,Beverages,33,1913.34,1446.72,466.6199999999999,33,0,0.0,1913.34,1.0,163,0,0,1
2026-08-21,2026,8,2026-08,2026-08-01,21,Friday,0,ST001,Market_1,Kazan,PR004,Product_4,Beverages,26,1507.48,1139.8400000000001,367.6399999999999,26,0,0.0,1507.48,1.0,137,0,0,1
2026-08-22,2026,8,2026-08,2026-08-01,22,Saturday,1,ST001,Market_1,Kazan,PR004,Product_4,Beverages,49,2841.02,2148.1600000000003,692.8599999999997,49,0,0.0,2841.02,1.0,88,0,0,1
2026-08-23,2026,8,2026-08,2026-08-01,23,Sunday,1,ST001,Market_1,Kazan,PR004,Product_4,Beverages,39,2261.22,1709.7600000000002,551.4599999999996,39,0,0.0,2261.22,1.0,49,0,0,1
2026-08-24,2026,8,2026-08,2026-08-01,24,Monday,0,ST001,Market_1,Kazan,PR004,Product_4,Beverages,29,1681.42,1271.3600000000001,410.05999999999995,29,0,0.0,1681.4199999999998,1.0,20,406,0,1
2026-08-25,2026,8,2026-08,2026-08-01,25,Tuesday,0,ST001,Market_1,Kazan,PR004,Product_4,Beverages,20,1159.6,876.8000000000001,282.79999999999984,37,17,985.66,2145.2599999999998,0.5405405405405406,0,0,1,0
2026-08-26,2026,8,2026-08,2026-08-01,26,Wednesday,0,ST001,Market_1,Kazan,PR004,Product_4,Beverages,25,1449.5,1096.0,353.5,25,0,0.0,1449.5,1.0,381,0,0,1
2026-08-27,2026,8,2026-08,2026-08-01,27,Thursday,0,ST001,Market_1,Kazan,PR004,Product_4,Beverages,38,2203.24,1665.92,537.3199999999997,38,0,0.0,2203.24,1.0,343,0,0,1
2026-08-28,2026,8,2026-08,2026-08-01,28,Friday,0,ST001,Market_1,Kazan,PR004,Product_4,Beverages,31,1797.38,1359.0400000000002,438.3399999999999,31,0,0.0,1797.3799999999999,1.0,312,0,0,1
2026-08-29,2026,8,2026-08,2026-08-01,29,Saturday,1,ST001,Market_1,Kazan,PR004,Product_4,Beverages,45,2609.1,1972.8000000000002,636.2999999999997,45,0,0.0,2609.1,1.0,267,0,0,1
2026-08-30,2026,8,2026-08,2026-08-01,30,Sunday,1,ST001,Market_1,Kazan,PR004,Product_4,Beverages,34,1971.32,1490.5600000000002,480.75999999999976,34,0,0.0,1971.32,1.0,233,0,0,1
2026-08-31,2026,8,2026-08,2026-08-01,31,Monday,0,ST001,Market_1,Kazan,PR004,Product_4,Beverages,46,2667.08,2016.64,650.4399999999998,46,0,0.0,2667.08,1.0,187,0,0,1
2026-09-01,2026,9,2026-09,2026-09-01,1,Tuesday,0,ST001,Market_1,Kazan,PR004,Product_4,Beverages,36,2087.28,1578.2400000000002,509.03999999999996,36,0,0.0,2087.2799999999997,1.0,151,0,0,1
2026-09-02,2026,9,2026-09,2026-09-01,2,Wednesday,0,ST001,Market_1,Kazan,PR004,Product_4,Beverages,25,1449.5,1096.0,353.5,25,0,0.0,1449.5,1.0,126,0,0,1
2026-09-03,2026,9,2026-09,2026-09-01,3,Thursday,0,ST001,Market_1,Kazan,PR004,Product_4,Beverages,28,1623.44,1227.52,395.9200000000001,28,0,0.0,1623.4399999999998,1.0,98,0,0,1
2026-09-04,2026,9,2026-09,2026-09-01,4,Friday,0,ST001,Market_1,Kazan,PR004,Product_4,Beverages,27,1565.46,1183.68,381.78,27,0,0.0,1565.4599999999998,1.0,71,0,0,1
2026-09-05,2026,9,2026-09,2026-09-01,5,Saturday,1,ST001,Market_1,Kazan,PR004,Product_4,Beverages,33,1913.34,1446.72,466.6199999999999,33,0,0.0,1913.34,1.0,38,406,0,1
2026-09-06,2026,9,2026-09,2026-09-01,6,Sunday,1,ST001,Market_1,Kazan,PR004,Product_4,Beverages,38,2203.24,1665.92,537.3199999999997,60,22,1275.56,3478.7999999999997,0.6333333333333333,0,0,1,0
2026-09-07,2026,9,2026-09,2026-09-01,7,Monday,0,ST001,Market_1,Kazan,PR004,Product_4,Beverages,31,1797.38,1359.0400000000002,438.3399999999999,31,0,0.0,1797.3799999999999,1.0,375,0,0,1
2026-06-10,2026,6,2026-06,2026-06-01,10,Wednesday,0,ST001,Market_1,Kazan,PR005,Product_5,Dairy,22,1916.2,1310.1,606.1000000000001,22,0,0.0,1916.1999999999998,1.0,230,0,0,1
2026-06-11,2026,6,2026-06,2026-06-01,11,Thursday,0,ST001,Market_1,Kazan,PR005,Product_5,Dairy,14,1219.4,833.6999999999999,385.70000000000016,14,0,0.0,1219.3999999999999,1.0,216,0,0,1
2026-06-12,2026,6,2026-06,2026-06-01,12,Friday,0,ST001,Market_1,Kazan,PR005,Product_5,Dairy,13,1132.3,774.15,358.15,13,0,0.0,1132.3,1.0,203,0,0,1
2026-06-13,2026,6,2026-06,2026-06-01,13,Saturday,1,ST001,Market_1,Kazan,PR005,Product_5,Dairy,23,2003.3,1369.6499999999999,633.6500000000001,23,0,0.0,2003.3,1.0,180,0,0,1
2026-06-14,2026,6,2026-06,2026-06-01,14,Sunday,1,ST001,Market_1,Kazan,PR005,Product_5,Dairy,24,2090.4,1429.1999999999998,661.2000000000003,24,0,0.0,2090.3999999999996,1.0,156,0,0,1
2026-06-15,2026,6,2026-06,2026-06-01,15,Monday,0,ST001,Market_1,Kazan,PR005,Product_5,Dairy,19,1654.9,1131.45,523.45,19,0,0.0,1654.8999999999999,1.0,137,0,0,1
2026-06-16,2026,6,2026-06,2026-06-01,16,Tuesday,0,ST001,Market_1,Kazan,PR005,Product_5,Dairy,13,1132.3,774.15,358.15,13,0,0.0,1132.3,1.0,124,0,0,1
2026-06-17,2026,6,2026-06,2026-06-01,17,Wednesday,0,ST001,Market_1,Kazan,PR005,Product_5,Dairy,20,1742.0,1191.0,551.0,20,0,0.0,1742.0,1.0,104,0,0,1
2026-06-18,2026,6,2026-06,2026-06-01,18,Thursday,0,ST001,Market_1,Kazan,PR005,Product_5,Dairy,19,1654.9,1131.45,523.45,19,0,0.0,1654.8999999999999,1.0,85,0,0,1
2026-06-19,2026,6,2026-06,2026-06-01,19,Friday,0,ST001,Market_1,Kazan,PR005,Product_5,Dairy,14,1219.4,833.6999999999999,385.70000000000016,14,0,0.0,1219.3999999999999,1.0,71,0,0,1
2026-06-20,2026,6,2026-06,2026-06-01,20,Saturday,1,ST001,Market_1,Kazan,PR005,Product_5,Dairy,22,1916.2,1310.1,606.1000000000001,22,0,0.0,1916.1999999999998,1.0,49,0,0,1
2026-06-21,2026,6,2026-06,2026-06-01,21,Sunday,1,ST001,Market_1,Kazan,PR005,Product_5,Dairy,12,1045.2,714.5999999999999,330.60000000000014,12,0,0.0,1045.1999999999998,1.0,37,252,0,1
2026-06-22,2026,6,2026-06,2026-06-01,22,Monday,0,ST001,Market_1,Kazan,PR005,Product_5,Dairy,17,1480.7,1012.3499999999999,468.35000000000014,17,0,0.0,1480.6999999999998,1.0,20,0,0,1
2026-06-23,2026,6,2026-06,2026-06-01,23,Tuesday,0,ST001,Market_1,Kazan,PR005,Product_5,Dairy,16,1393.6,952.8,440.79999999999995,16,0,0.0,1393.6,1.0,256,0,0,1
2026-06-24,2026,6,2026-06,2026-06-01,24,Wednesday,0,ST001,Market_1,Kazan,PR005,Product_5,Dairy,7,609.7,416.84999999999997,192.85000000000008,7,0,0.0,609.6999999999999,1.0,249,0,0,1
2026-06-25,2026,6,2026-06,2026-06-01,25,Thursday,0,ST001,Market_1,Kazan,PR005,Product_5,Dairy,17,1480.7,1012.3499999999999,468.35000000000014,17,0,0.0,1480.6999999999998,1.0,232,0,0,1
2026-06-26,2026,6,2026-06,2026-06-01,26,Friday,0,ST001,Market_1,Kazan,PR005,Product_5,Dairy,18,1567.8,1071.8999999999999,495.9000000000001,18,0,0.0,1567.8,1.0,214,0,0,1
2026-06-27,2026,6,2026-06,2026-06-01,27,Saturday,1,ST001,Market_1,Kazan,PR005,Product_5,Dairy,19,1654.9,1131.45,523.45,19,0,0.0,1654.8999999999999,1.0,195,0,0,1
2026-06-28,2026,6,2026-06,2026-06-01,28,Sunday,1,ST001,Market_1,Kazan,PR005,Product_5,Dairy,22,1916.2,1310.1,606.1000000000001,22,0,0.0,1916.1999999999998,1.0,173,0,0,1
2026-06-29,2026,6,2026-06,2026-06-01,29,Monday,0,ST001,Market_1,Kazan,PR005,Product_5,Dairy,14,1219.4,833.6999999999999,385.70000000000016,14,0,0.0,1219.3999999999999,1.0,159,0,0,1
2026-06-30,2026,6,2026-06,2026-06-01,30,Tuesday,0,ST001,Market_1,Kazan,PR005,Product_5,Dairy,31,2700.1,1846.05,854.05,31,0,0.0,2700.1,1.0,128,0,0,1
2026-07-01,2026,7,2026-07,2026-07-01,1,Wednesday,0,ST001,Market_1,Kazan,PR005,Product_5,Dairy,20,1742.0,1191.0,551.0,20,0,0.0,1742.0,1.0,108,0,0,1
2026-07-02,2026,7,2026-07,2026-07-01,2,Thursday,0,ST001,Market_1,Kazan,PR005,Product_5,Dairy,24,2090.4,1429.1999999999998,661.2000000000003,24,0,0.0,2090.3999999999996,1.0,84,0,0,1
2026-07-03,2026,7,2026-07,2026-07-01,3,Friday,0,ST001,Market_1,Kazan,PR005,Product_5,Dairy,20,1742.0,1191.0,551.0,20,0,0.0,1742.0,1.0,64,0,0,1
2026-07-04,2026,7,2026-07,2026-07-01,4,Saturday,1,ST001,Market_1,Kazan,PR005,Product_5,Dairy,36,3135.6,2143.7999999999997,991.8000000000002,36,0,0.0,3135.6,1.0,28,0,0,1
2026-07-05,2026,7,2026-07,2026-07-01,5,Sunday,1,ST001,Market_1,Kazan,PR005,Product_5,Dairy,25,2177.5,1488.75,688.75,25,0,0.0,2177.5,1.0,3,252,0,1
2026-07-06,2026,7,2026-07,2026-07-01,6,Monday,0,ST001,Market_1,Kazan,PR005,Product_5,Dairy,3,261.3,178.64999999999998,82.65000000000003,24,21,1829.1,2090.3999999999996,0.125,0,0,1,0
2026-07-07,2026,7,2026-07,2026-07-01,7,Tuesday,0,ST001,Market_1,Kazan,PR005,Product_5,Dairy,20,1742.0,1191.0,551.0,20,0,0.0,1742.0,1.0,232,0,0,1
2026-07-08,2026,7,2026-07,2026-07-01,8,Wednesday,0,ST001,Market_1,Kazan,PR005,Product_5,Dairy,14,1219.4,833.6999999999999,385.70000000000016,14,0,0.0,1219.3999999999999,1.0,218,0,0,1
2026-07-09,2026,7,2026-07,2026-07-01,9,Thursday,0,ST001,Market_1,Kazan,PR005,Product_5,Dairy,17,1480.7,1012.3499999999999,468.35000000000014,17,0,0.0,1480.6999999999998,1.0,201,0,0,1
2026-07-10,2026,7,2026-07,2026-07-01,10,Friday,0,ST001,Market_1,Kazan,PR005,Product_5,Dairy,12,1045.2,714.5999999999999,330.60000000000014,12,0,0.0,1045.1999999999998,1.0,189,0,0,1
2026-07-11,2026,7,2026-07,2026-07-01,11,Saturday,1,ST001,Market_1,Kazan,PR005,Product_5,Dairy,26,2264.6,1548.3,716.3,26,0,0.0,2264.6,1.0,163,0,0,1
2026-07-12,2026,7,2026-07,2026-07-01,12,Sunday,1,ST001,Market_1,Kazan,PR005,Product_5,Dairy,32,2787.2,1905.6,881.5999999999999,32,0,0.0,2787.2,1.0,131,0,0,1
2026-07-13,2026,7,2026-07,2026-07-01,13,Monday,0,ST001,Market_1,Kazan,PR005,Product_5,Dairy,16,1393.6,952.8,440.79999999999995,16,0,0.0,1393.6,1.0,115,0,0,1
2026-07-14,2026,7,2026-07,2026-07-01,14,Tuesday,0,ST001,Market_1,Kazan,PR005,Product_5,Dairy,22,1916.2,1310.1,606.1000000000001,22,0,0.0,1916.1999999999998,1.0,93,0,0,1
2026-07-15,2026,7,2026-07,2026-07-01,15,Wednesday,0,ST001,Market_1,Kazan,PR005,Product_5,Dairy,22,1916.2,1310.1,606.1000000000001,22,0,0.0,1916.1999999999998,1.0,71,0,0,1
2026-07-16,2026,7,2026-07,2026-07-01,16,Thursday,0,ST001,Market_1,Kazan,PR005,Product_5,Dairy,22,1916.2,1310.1,606.1000000000001,22,0,0.0,1916.1999999999998,1.0,49,0,0,1
2026-07-17,2026,7,2026-07,2026-07-01,17,Friday,0,ST001,Market_1,Kazan,PR005,Product_5,Dairy,18,1567.8,1071.8999999999999,495.9000000000001,18,0,0.0,1567.8,1.0,31,0,0,1
2026-07-18,2026,7,2026-07,2026-07-01,18,Saturday,1,ST001,Market_1,Kazan,PR005,Product_5,Dairy,22,1916.2,1310.1,606.1000000000001,22,0,0.0,1916.1999999999998,1.0,9,252,0,1
2026-07-19,2026,7,2026-07,2026-07-01,19,Sunday,1,ST001,Market_1,Kazan,PR005,Product_5,Dairy,9,783.9,535.9499999999999,247.95000000000005,24,15,1306.5,2090.3999999999996,0.375,0,0,1,0
2026-07-20,2026,7,2026-07,2026-07-01,20,Monday,0,ST001,Market_1,Kazan,PR005,Product_5,Dairy,16,1393.6,952.8,440.79999999999995,16,0,0.0,1393.6,1.0,236,0,0,1
2026-07-21,2026,7,2026-07,2026-07-01,21,Tuesday,0,ST001,Market_1,Kazan,PR005,Product_5,Dairy,14,1219.4,833.6999999999999,385.70000000000016,14,0,0.0,1219.3999999999999,1.0,222,0,0,1
2026-07-22,2026,7,2026-07,2026-07-01,22,Wednesday,0,ST001,Market_1,Kazan,PR005,Product_5,Dairy,14,1219.4,833.6999999999999,385.70000000000016,14,0,0.0,1219.3999999999999,1.0,208,0,0,1
2026-07-23,2026,7,2026-07,2026-07-01,23,Thursday,0,ST001,Market_1,Kazan,PR005,Product_5,Dairy,19,1654.9,1131.45,523.45,19,0,0.0,1654.8999999999999,1.0,189,0,0,1
2026-07-24,2026,7,2026-07,2026-07-01,24,Friday,0,ST001,Market_1,Kazan,PR005,Product_5,Dairy,19,1654.9,1131.45,523.45,19,0,0.0,1654.8999999999999,1.0,170,0,0,1
2026-07-25,2026,7,2026-07,2026-07-01,25,Saturday,1,ST001,Market_1,Kazan,PR005,Product_5,Dairy,23,2003.3,1369.6499999999999,633.6500000000001,23,0,0.0,2003.3,1.0,147,0,0,1
2026-07-26,2026,7,2026-07,2026-07-01,26,Sunday,1,ST001,Market_1,Kazan,PR005,Product_5,Dairy,25,2177.5,1488.75,688.75,25,0,0.0,2177.5,1.0,122,0,0,1
2026-07-27,2026,7,2026-07,2026-07-01,27,Monday,0,ST001,Market_1,Kazan,PR005,Product_5,Dairy,16,1393.6,952.8,440.79999999999995,16,0,0.0,1393.6,1.0,106,0,0,1
2026-07-28,2026,7,2026-07,2026-07-01,28,Tuesday,0,ST001,Market_1,Kazan,PR005,Product_5,Dairy,19,1654.9,1131.45,523.45,19,0,0.0,1654.8999999999999,1.0,87,0,0,1
2026-07-29,2026,7,2026-07,2026-07-01,29,Wednesday,0,ST001,Market_1,Kazan,PR005,Product_5,Dairy,19,1654.9,1131.45,523.45,19,0,0.0,1654.8999999999999,1.0,68,0,0,1
2026-07-30,2026,7,2026-07,2026-07-01,30,Thursday,0,ST001,Market_1,Kazan,PR005,Product_5,Dairy,22,1916.2,1310.1,606.1000000000001,22,0,0.0,1916.1999999999998,1.0,46,0,0,1
2026-07-31,2026,7,2026-07,2026-07-01,31,Friday,0,ST001,Market_1,Kazan,PR005,Product_5,Dairy,28,2438.8,1667.3999999999999,771.4000000000003,28,0,0.0,2438.7999999999997,1.0,18,252,0,1
2026-08-01,2026,8,2026-08,2026-08-01,1,Saturday,1,ST001,Market_1,Kazan,PR005,Product_5,Dairy,18,1567.8,1071.8999999999999,495.9000000000001,20,2,174.2,1742.0,0.9,0,0,1,0
2026-08-02,2026,8,2026-08,2026-08-01,2,Sunday,1,ST001,Market_1,Kazan,PR005,Product_5,Dairy,27,2351.7,1607.85,743.8499999999999,27,0,0.0,2351.7,1.0,225,0,0,1
2026-08-03,2026,8,2026-08,2026-08-01,3,Monday,0,ST001,Market_1,Kazan,PR005,Product_5,Dairy,16,1393.6,952.8,440.79999999999995,16,0,0.0,1393.6,1.0,209,0,0,1
2026-08-04,2026,8,2026-08,2026-08-01,4,Tuesday,0,ST001,Market_1,Kazan,PR005,Product_5,Dairy,18,1567.8,1071.8999999999999,495.9000000000001,18,0,0.0,1567.8,1.0,191,0,0,1
2026-08-05,2026,8,2026-08,2026-08-01,5,Wednesday,0,ST001,Market_1,Kazan,PR005,Product_5,Dairy,15,1306.5,893.25,413.25,15,0,0.0,1306.5,1.0,176,0,0,1
2026-08-06,2026,8,2026-08,2026-08-01,6,Thursday,0,ST001,Market_1,Kazan,PR005,Product_5,Dairy,22,1916.2,1310.1,606.1000000000001,22,0,0.0,1916.1999999999998,1.0,154,0,0,1
2026-08-07,2026,8,2026-08,2026-08-01,7,Friday,0,ST001,Market_1,Kazan,PR005,Product_5,Dairy,15,1306.5,893.25,413.25,15,0,0.0,1306.5,1.0,139,0,0,1
2026-08-08,2026,8,2026-08,2026-08-01,8,Saturday,1,ST001,Market_1,Kazan,PR005,Product_5,Dairy,29,2525.9,1726.9499999999998,798.9500000000003,29,0,0.0,2525.8999999999996,1.0,110,0,0,1
2026-08-09,2026,8,2026-08,2026-08-01,9,Sunday,1,ST001,Market_1,Kazan,PR005,Product_5,Dairy,24,2090.4,1429.1999999999998,661.2000000000003,24,0,0.0,2090.3999999999996,1.0,86,0,0,1
2026-08-10,2026,8,2026-08,2026-08-01,10,Monday,0,ST001,Market_1,Kazan,PR005,Product_5,Dairy,13,1132.3,774.15,358.15,13,0,0.0,1132.3,1.0,73,0,0,1
2026-08-11,2026,8,2026-08,2026-08-01,11,Tuesday,0,ST001,Market_1,Kazan,PR005,Product_5,Dairy,13,1132.3,774.15,358.15,13,0,0.0,1132.3,1.0,60,0,0,1
2026-08-12,2026,8,2026-08,2026-08-01,12,Wednesday,0,ST001,Market_1,Kazan,PR005,Product_5,Dairy,21,1829.1,1250.55,578.55,21,0,0.0,1829.1,1.0,39,0,0,1
2026-08-13,2026,8,2026-08,2026-08-01,13,Thursday,0,ST001,Market_1,Kazan,PR005,Product_5,Dairy,19,1654.9,1131.45,523.45,19,0,0.0,1654.8999999999999,1.0,20,252,0,1
2026-08-14,2026,8,2026-08,2026-08-01,14,Friday,0,ST001,Market_1,Kazan,PR005,Product_5,Dairy,20,1742.0,1191.0,551.0,29,9,783.9,2525.8999999999996,0.6896551724137931,0,0,1,0
2026-08-15,2026,8,2026-08,2026-08-01,15,Saturday,1,ST001,Market_1,Kazan,PR005,Product_5,Dairy,30,2613.0,1786.5,826.5,30,0,0.0,2613.0,1.0,222,0,0,1
2026-08-16,2026,8,2026-08,2026-08-01,16,Sunday,1,ST001,Market_1,Kazan,PR005,Product_5,Dairy,36,3135.6,2143.7999999999997,991.8000000000002,36,0,0.0,3135.6,1.0,186,0,0,1
2026-08-17,2026,8,2026-08,2026-08-01,17,Monday,0,ST001,Market_1,Kazan,PR005,Product_5,Dairy,14,1219.4,833.6999999999999,385.70000000000016,14,0,0.0,1219.3999999999999,1.0,172,0,0,1
2026-08-18,2026,8,2026-08,2026-08-01,18,Tuesday,0,ST001,Market_1,Kazan,PR005,Product_5,Dairy,19,1654.9,1131.45,523.45,19,0,0.0,1654.8999999999999,1.0,153,0,0,1
2026-08-19,2026,8,2026-08,2026-08-01,19,Wednesday,0,ST001,Market_1,Kazan,PR005,Product_5,Dairy,16,1393.6,952.8,440.79999999999995,16,0,0.0,1393.6,1.0,137,0,0,1
2026-08-20,2026,8,2026-08,2026-08-01,20,Thursday,0,ST001,Market_1,Kazan,PR005,Product_5,Dairy,22,1916.2,1310.1,606.1000000000001,22,0,0.0,1916.1999999999998,1.0,115,0,0,1
2026-08-21,2026,8,2026-08,2026-08-01,21,Friday,0,ST001,Market_1,Kazan,PR005,Product_5,Dairy,23,2003.3,1369.6499999999999,633.6500000000001,23,0,0.0,2003.3,1.0,92,0,0,1
2026-08-22,2026,8,2026-08,2026-08-01,22,Saturday,1,ST001,Market_1,Kazan,PR005,Product_5,Dairy,28,2438.8,1667.3999999999999,771.4000000000003,28,0,0.0,2438.7999999999997,1.0,64,0,0,1
2026-08-23,2026,8,2026-08,2026-08-01,23,Sunday,1,ST001,Market_1,Kazan,PR005,Product_5,Dairy,27,2351.7,1607.85,743.8499999999999,27,0,0.0,2351.7,1.0,37,0,0,1
2026-08-24,2026,8,2026-08,2026-08-01,24,Monday,0,ST001,Market_1,Kazan,PR005,Product_5,Dairy,19,1654.9,1131.45,523.45,19,0,0.0,1654.8999999999999,1.0,18,0,0,1
2026-08-25,2026,8,2026-08,2026-08-01,25,Tuesday,0,ST001,Market_1,Kazan,PR005,Product_5,Dairy,14,1219.4,833.6999999999999,385.70000000000016,14,0,0.0,1219.3999999999999,1.0,4,252,0,1
2026-08-26,2026,8,2026-08,2026-08-01,26,Wednesday,0,ST001,Market_1,Kazan,PR005,Product_5,Dairy,4,348.4,238.2,110.19999999999999,19,15,1306.5,1654.8999999999999,0.21052631578947367,0,0,1,0
2026-08-27,2026,8,2026-08,2026-08-01,27,Thursday,0,ST001,Market_1,Kazan,PR005,Product_5,Dairy,14,1219.4,833.6999999999999,385.70000000000016,14,0,0.0,1219.3999999999999,1.0,238,0,0,1
2026-08-28,2026,8,2026-08,2026-08-01,28,Friday,0,ST001,Market_1,Kazan,PR005,Product_5,Dairy,19,1654.9,1131.45,523.45,19,0,0.0,1654.8999999999999,1.0,219,0,0,1
2026-08-29,2026,8,2026-08,2026-08-01,29,Saturday,1,ST001,Market_1,Kazan,PR005,Product_5,Dairy,28,2438.8,1667.3999999999999,771.4000000000003,28,0,0.0,2438.7999999999997,1.0,191,0,0,1
2026-08-30,2026,8,2026-08,2026-08-01,30,Sunday,1,ST001,Market_1,Kazan,PR005,Product_5,Dairy,24,2090.4,1429.1999999999998,661.2000000000003,24,0,0.0,2090.3999999999996,1.0,167,0,0,1
2026-08-31,2026,8,2026-08,2026-08-01,31,Monday,0,ST001,Market_1,Kazan,PR005,Product_5,Dairy,12,1045.2,714.5999999999999,330.60000000000014,12,0,0.0,1045.1999999999998,1.0,155,0,0,1
2026-09-01,2026,9,2026-09,2026-09-01,1,Tuesday,0,ST001,Market_1,Kazan,PR005,Product_5,Dairy,21,1829.1,1250.55,578.55,21,0,0.0,1829.1,1.0,134,0,0,1
2026-09-02,2026,9,2026-09,2026-09-01,2,Wednesday,0,ST001,Market_1,Kazan,PR005,Product_5,Dairy,15,1306.5,893.25,413.25,15,0,0.0,1306.5,1.0,119,0,0,1
2026-09-03,2026,9,2026-09,2026-09-01,3,Thursday,0,ST001,Market_1,Kazan,PR005,Product_5,Dairy,14,1219.4,833.6999999999999,385.70000000000016,14,0,0.0,1219.3999999999999,1.0,105,0,0,1
2026-09-04,2026,9,2026-09,2026-09-01,4,Friday,0,ST001,Market_1,Kazan,PR005,Product_5,Dairy,14,1219.4,833.6999999999999,385.70000000000016,14,0,0.0,1219.3999999999999,1.0,91,0,0,1
2026-09-05,2026,9,2026-09,2026-09-01,5,Saturday,1,ST001,Market_1,Kazan,PR005,Product_5,Dairy,16,1393.6,952.8,440.79999999999995,16,0,0.0,1393.6,1.0,75,0,0,1
2026-09-06,2026,9,2026-09,2026-09-01,6,Sunday,1,ST001,Market_1,Kazan,PR005,Product_5,Dairy,16,1393.6,952.8,440.79999999999995,16,0,0.0,1393.6,1.0,59,0,0,1
2026-09-07,2026,9,2026-09,2026-09-01,7,Monday,0,ST001,Market_1,Kazan,PR005,Product_5,Dairy,14,1219.4,833.6999999999999,385.70000000000016,14,0,0.0,1219.3999999999999,1.0,45,252,0,1
2026-06-10,2026,6,2026-06,2026-06-01,10,Wednesday,0,ST001,Market_1,Kazan,PR006,Product_6,Snacks,28,3691.24,2470.16,1221.08,28,0,0.0,3691.2400000000002,1.0,280,0,0,1
2026-06-11,2026,6,2026-06,2026-06-01,11,Thursday,0,ST001,Market_1,Kazan,PR006,Product_6,Snacks,22,2900.26,1940.84,959.4200000000003,22,0,0.0,2900.26,1.0,258,0,0,1
2026-06-12,2026,6,2026-06,2026-06-01,12,Friday,0,ST001,Market_1,Kazan,PR006,Product_6,Snacks,20,2636.6,1764.4,872.1999999999998,20,0,0.0,2636.6000000000004,1.0,238,0,0,1
2026-06-13,2026,6,2026-06,2026-06-01,13,Saturday,1,ST001,Market_1,Kazan,PR006,Product_6,Snacks,32,4218.56,2823.04,1395.5200000000004,32,0,0.0,4218.56,1.0,206,0,0,1
2026-06-14,2026,6,2026-06,2026-06-01,14,Sunday,1,ST001,Market_1,Kazan,PR006,Product_6,Snacks,30,3954.9,2646.6,1308.3000000000002,30,0,0.0,3954.9000000000005,1.0,176,0,0,1
2026-06-15,2026,6,2026-06,2026-06-01,15,Monday,0,ST001,Market_1,Kazan,PR006,Product_6,Snacks,17,2241.11,1499.74,741.3700000000001,17,0,0.0,2241.11,1.0,159,0,0,1
2026-06-16,2026,6,2026-06,2026-06-01,16,Tuesday,0,ST001,Market_1,Kazan,PR006,Product_6,Snacks,17,2241.11,1499.74,741.3700000000001,17,0,0.0,2241.11,1.0,142,0,0,1
2026-06-17,2026,6,2026-06,2026-06-01,17,Wednesday,0,ST001,Market_1,Kazan,PR006,Product_6,Snacks,15,1977.45,1323.3,654.1500000000001,15,0,0.0,1977.4500000000003,1.0,127,0,0,1
2026-06-18,2026,6,2026-06,2026-06-01,18,Thursday,0,ST001,Market_1,Kazan,PR006,Product_6,Snacks,26,3427.58,2293.72,1133.8600000000001,26,0,0.0,3427.5800000000004,1.0,101,0,0,1
2026-06-19,2026,6,2026-06,2026-06-01,19,Friday,0,ST001,Market_1,Kazan,PR006,Product_6,Snacks,24,3163.92,2117.2799999999997,1046.6400000000003,24,0,0.0,3163.92,1.0,77,0,0,1
2026-06-20,2026,6,2026-06,2026-06-01,20,Saturday,1,ST001,Market_1,Kazan,PR006,Product_6,Snacks,41,5405.03,3617.02,1788.0099999999998,41,0,0.0,5405.030000000001,1.0,36,0,0,1
2026-06-21,2026,6,2026-06,2026-06-01,21,Sunday,1,ST001,Market_1,Kazan,PR006,Product_6,Snacks,29,3823.07,2558.38,1264.69,29,0,0.0,3823.07,1.0,7,308,0,1
2026-06-22,2026,6,2026-06,2026-06-01,22,Monday,0,ST001,Market_1,Kazan,PR006,Product_6,Snacks,7,922.81,617.54,305.27,22,15,1977.4500000000003,2900.26,0.3181818181818182,0,0,1,0
2026-06-23,2026,6,2026-06,2026-06-01,23,Tuesday,0,ST001,Market_1,Kazan,PR006,Product_6,Snacks,22,2900.26,1940.84,959.4200000000003,22,0,0.0,2900.26,1.0,286,0,0,1
2026-06-24,2026,6,2026-06,2026-06-01,24,Wednesday,0,ST001,Market_1,Kazan,PR006,Product_6,Snacks,16,2109.28,1411.52,697.7600000000002,16,0,0.0,2109.28,1.0,270,0,0,1
2026-06-25,2026,6,2026-06,2026-06-01,25,Thursday,0,ST001,Market_1,Kazan,PR006,Product_6,Snacks,26,3427.58,2293.72,1133.8600000000001,26,0,0.0,3427.5800000000004,1.0,244,0,0,1
2026-06-26,2026,6,2026-06,2026-06-01,26,Friday,0,ST001,Market_1,Kazan,PR006,Product_6,Snacks,18,2372.94,1587.96,784.98,18,0,0.0,2372.94,1.0,226,0,0,1
2026-06-27,2026,6,2026-06,2026-06-01,27,Saturday,1,ST001,Market_1,Kazan,PR006,Product_6,Snacks,22,2900.26,1940.84,959.4200000000003,22,0,0.0,2900.26,1.0,204,0,0,1
2026-06-28,2026,6,2026-06,2026-06-01,28,Sunday,1,ST001,Market_1,Kazan,PR006,Product_6,Snacks,32,4218.56,2823.04,1395.5200000000004,32,0,0.0,4218.56,1.0,172,0,0,1
2026-06-29,2026,6,2026-06,2026-06-01,29,Monday,0,ST001,Market_1,Kazan,PR006,Product_6,Snacks,20,2636.6,1764.4,872.1999999999998,20,0,0.0,2636.6000000000004,1.0,152,0,0,1
2026-06-30,2026,6,2026-06,2026-06-01,30,Tuesday,0,ST001,Market_1,Kazan,PR006,Product_6,Snacks,23,3032.09,2029.06,1003.0300000000002,23,0,0.0,3032.09,1.0,129,0,0,1
2026-07-01,2026,7,2026-07,2026-07-01,1,Wednesday,0,ST001,Market_1,Kazan,PR006,Product_6,Snacks,30,3954.9,2646.6,1308.3000000000002,30,0,0.0,3954.9000000000005,1.0,99,0,0,1
2026-07-02,2026,7,2026-07,2026-07-01,2,Thursday,0,ST001,Market_1,Kazan,PR006,Product_6,Snacks,20,2636.6,1764.4,872.1999999999998,20,0,0.0,2636.6000000000004,1.0,79,0,0,1
2026-07-03,2026,7,2026-07,2026-07-01,3,Friday,0,ST001,Market_1,Kazan,PR006,Product_6,Snacks,26,3427.58,2293.72,1133.8600000000001,26,0,0.0,3427.5800000000004,1.0,53,0,0,1
2026-07-04,2026,7,2026-07,2026-07-01,4,Saturday,1,ST001,Market_1,Kazan,PR006,Product_6,Snacks,21,2768.43,1852.62,915.81,21,0,0.0,2768.4300000000003,1.0,32,308,0,1
2026-07-05,2026,7,2026-07,2026-07-01,5,Sunday,1,ST001,Market_1,Kazan,PR006,Product_6,Snacks,25,3295.75,2205.5,1090.25,25,0,0.0,3295.7500000000005,1.0,7,0,0,1
2026-07-06,2026,7,2026-07,2026-07-01,6,Monday,0,ST001,Market_1,Kazan,PR006,Product_6,Snacks,24,3163.92,2117.2799999999997,1046.6400000000003,24,0,0.0,3163.92,1.0,291,0,0,1
2026-07-07,2026,7,2026-07,2026-07-01,7,Tuesday,0,ST001,Market_1,Kazan,PR006,Product_6,Snacks,16,2109.28,1411.52,697.7600000000002,16,0,0.0,2109.28,1.0,275,0,0,1
2026-07-08,2026,7,2026-07,2026-07-01,8,Wednesday,0,ST001,Market_1,Kazan,PR006,Product_6,Snacks,30,3954.9,2646.6,1308.3000000000002,30,0,0.0,3954.9000000000005,1.0,245,0,0,1
2026-07-09,2026,7,2026-07,2026-07-01,9,Thursday,0,ST001,Market_1,Kazan,PR006,Product_6,Snacks,23,3032.09,2029.06,1003.0300000000002,23,0,0.0,3032.09,1.0,222,0,0,1
2026-07-10,2026,7,2026-07,2026-07-01,10,Friday,0,ST001,Market_1,Kazan,PR006,Product_6,Snacks,17,2241.11,1499.74,741.3700000000001,17,0,0.0,2241.11,1.0,205,0,0,1
2026-07-11,2026,7,2026-07,2026-07-01,11,Saturday,1,ST001,Market_1,Kazan,PR006,Product_6,Snacks,29,3823.07,2558.38,1264.69,29,0,0.0,3823.07,1.0,176,0,0,1
2026-07-12,2026,7,2026-07,2026-07-01,12,Sunday,1,ST001,Market_1,Kazan,PR006,Product_6,Snacks,29,3823.07,2558.38,1264.69,29,0,0.0,3823.07,1.0,147,0,0,1
2026-07-13,2026,7,2026-07,2026-07-01,13,Monday,0,ST001,Market_1,Kazan,PR006,Product_6,Snacks,34,4482.22,2999.48,1482.7400000000002,34,0,0.0,4482.22,1.0,113,0,0,1
2026-07-14,2026,7,2026-07,2026-07-01,14,Tuesday,0,ST001,Market_1,Kazan,PR006,Product_6,Snacks,35,4614.05,3087.7,1526.3500000000004,35,0,0.0,4614.05,1.0,78,0,0,1
2026-07-15,2026,7,2026-07,2026-07-01,15,Wednesday,0,ST001,Market_1,Kazan,PR006,Product_6,Snacks,19,2504.77,1676.18,828.5899999999999,19,0,0.0,2504.7700000000004,1.0,59,0,0,1
2026-07-16,2026,7,2026-07,2026-07-01,16,Thursday,0,ST001,Market_1,Kazan,PR006,Product_6,Snacks,21,2768.43,1852.62,915.81,21,0,0.0,2768.4300000000003,1.0,38,0,0,1
2026-07-17,2026,7,2026-07,2026-07-01,17,Friday,0,ST001,Market_1,Kazan,PR006,Product_6,Snacks,24,3163.92,2117.2799999999997,1046.6400000000003,24,0,0.0,3163.92,1.0,14,308,0,1
2026-07-18,2026,7,2026-07,2026-07-01,18,Saturday,1,ST001,Market_1,Kazan,PR006,Product_6,Snacks,14,1845.62,1235.08,610.54,33,19,2504.7700000000004,4350.39,0.42424242424242425,0,0,1,0
2026-07-19,2026,7,2026-07,2026-07-01,19,Sunday,1,ST001,Market_1,Kazan,PR006,Product_6,Snacks,24,3163.92,2117.2799999999997,1046.6400000000003,24,0,0.0,3163.92,1.0,284,0,0,1
2026-07-20,2026,7,2026-07,2026-07-01,20,Monday,0,ST001,Market_1,Kazan,PR006,Product_6,Snacks,26,3427.58,2293.72,1133.8600000000001,26,0,0.0,3427.5800000000004,1.0,258,0,0,1
2026-07-21,2026,7,2026-07,2026-07-01,21,Tuesday,0,ST001,Market_1,Kazan,PR006,Product_6,Snacks,16,2109.28,1411.52,697.7600000000002,16,0,0.0,2109.28,1.0,242,0,0,1
2026-07-22,2026,7,2026-07,2026-07-01,22,Wednesday,0,ST001,Market_1,Kazan,PR006,Product_6,Snacks,19,2504.77,1676.18,828.5899999999999,19,0,0.0,2504.7700000000004,1.0,223,0,0,1
2026-07-23,2026,7,2026-07,2026-07-01,23,Thursday,0,ST001,Market_1,Kazan,PR006,Product_6,Snacks,25,3295.75,2205.5,1090.25,25,0,0.0,3295.7500000000005,1.0,198,0,0,1
2026-07-24,2026,7,2026-07,2026-07-01,24,Friday,0,ST001,Market_1,Kazan,PR006,Product_6,Snacks,27,3559.41,2381.94,1177.4699999999998,27,0,0.0,3559.4100000000003,1.0,171,0,0,1
2026-07-25,2026,7,2026-07,2026-07-01,25,Saturday,1,ST001,Market_1,Kazan,PR006,Product_6,Snacks,27,3559.41,2381.94,1177.4699999999998,27,0,0.0,3559.4100000000003,1.0,144,0,0,1
2026-07-26,2026,7,2026-07,2026-07-01,26,Sunday,1,ST001,Market_1,Kazan,PR006,Product_6,Snacks,31,4086.73,2734.82,1351.9099999999999,31,0,0.0,4086.7300000000005,1.0,113,0,0,1
2026-07-27,2026,7,2026-07,2026-07-01,27,Monday,0,ST001,Market_1,Kazan,PR006,Product_6,Snacks,16,2109.28,1411.52,697.7600000000002,16,0,0.0,2109.28,1.0,97,0,0,1
2026-07-28,2026,7,2026-07,2026-07-01,28,Tuesday,0,ST001,Market_1,Kazan,PR006,Product_6,Snacks,21,2768.43,1852.62,915.81,21,0,0.0,2768.4300000000003,1.0,76,0,0,1
2026-07-29,2026,7,2026-07,2026-07-01,29,Wednesday,0,ST001,Market_1,Kazan,PR006,Product_6,Snacks,20,2636.6,1764.4,872.1999999999998,20,0,0.0,2636.6000000000004,1.0,56,0,0,1
2026-07-30,2026,7,2026-07,2026-07-01,30,Thursday,0,ST001,Market_1,Kazan,PR006,Product_6,Snacks,27,3559.41,2381.94,1177.4699999999998,27,0,0.0,3559.4100000000003,1.0,29,308,0,1
2026-07-31,2026,7,2026-07,2026-07-01,31,Friday,0,ST001,Market_1,Kazan,PR006,Product_6,Snacks,26,3427.58,2293.72,1133.8600000000001,26,0,0.0,3427.5800000000004,1.0,3,0,0,1
2026-08-01,2026,8,2026-08,2026-08-01,1,Saturday,1,ST001,Market_1,Kazan,PR006,Product_6,Snacks,29,3823.07,2558.38,1264.69,29,0,0.0,3823.07,1.0,282,0,0,1
2026-08-02,2026,8,2026-08,2026-08-01,2,Sunday,1,ST001,Market_1,Kazan,PR006,Product_6,Snacks,35,4614.05,3087.7,1526.3500000000004,35,0,0.0,4614.05,1.0,247,0,0,1
2026-08-03,2026,8,2026-08,2026-08-01,3,Monday,0,ST001,Market_1,Kazan,PR006,Product_6,Snacks,22,2900.26,1940.84,959.4200000000003,22,0,0.0,2900.26,1.0,225,0,0,1
2026-08-04,2026,8,2026-08,2026-08-01,4,Tuesday,0,ST001,Market_1,Kazan,PR006,Product_6,Snacks,34,4482.22,2999.48,1482.7400000000002,34,0,0.0,4482.22,1.0,191,0,0,1
2026-08-05,2026,8,2026-08,2026-08-01,5,Wednesday,0,ST001,Market_1,Kazan,PR006,Product_6,Snacks,15,1977.45,1323.3,654.1500000000001,15,0,0.0,1977.4500000000003,1.0,176,0,0,1
2026-08-06,2026,8,2026-08,2026-08-01,6,Thursday,0,ST001,Market_1,Kazan,PR006,Product_6,Snacks,21,2768.43,1852.62,915.81,21,0,0.0,2768.4300000000003,1.0,155,0,0,1
2026-08-07,2026,8,2026-08,2026-08-01,7,Friday,0,ST001,Market_1,Kazan,PR006,Product_6,Snacks,15,1977.45,1323.3,654.1500000000001,15,0,0.0,1977.4500000000003,1.0,140,0,0,1
2026-08-08,2026,8,2026-08,2026-08-01,8,Saturday,1,ST001,Market_1,Kazan,PR006,Product_6,Snacks,24,3163.92,2117.2799999999997,1046.6400000000003,24,0,0.0,3163.92,1.0,116,0,0,1
2026-08-09,2026,8,2026-08,2026-08-01,9,Sunday,1,ST001,Market_1,Kazan,PR006,Product_6,Snacks,35,4614.05,3087.7,1526.3500000000004,35,0,0.0,4614.05,1.0,81,0,0,1
2026-08-10,2026,8,2026-08,2026-08-01,10,Monday,0,ST001,Market_1,Kazan,PR006,Product_6,Snacks,20,2636.6,1764.4,872.1999999999998,20,0,0.0,2636.6000000000004,1.0,61,0,0,1
2026-08-11,2026,8,2026-08,2026-08-01,11,Tuesday,0,ST001,Market_1,Kazan,PR006,Product_6,Snacks,21,2768.43,1852.62,915.81,21,0,0.0,2768.4300000000003,1.0,40,0,0,1
2026-08-12,2026,8,2026-08,2026-08-01,12,Wednesday,0,ST001,Market_1,Kazan,PR006,Product_6,Snacks,26,3427.58,2293.72,1133.8600000000001,26,0,0.0,3427.5800000000004,1.0,14,308,0,1
2026-08-13,2026,8,2026-08,2026-08-01,13,Thursday,0,ST001,Market_1,Kazan,PR006,Product_6,Snacks,14,1845.62,1235.08,610.54,25,11,1450.13,3295.7500000000005,0.56,0,0,1,0
2026-08-14,2026,8,2026-08,2026-08-01,14,Friday,0,ST001,Market_1,Kazan,PR006,Product_6,Snacks,18,2372.94,1587.96,784.98,18,0,0.0,2372.94,1.0,290,0,0,1
2026-08-15,2026,8,2026-08,2026-08-01,15,Saturday,1,ST001,Market_1,Kazan,PR006,Product_6,Snacks,30,3954.9,2646.6,1308.3000000000002,30,0,0.0,3954.9000000000005,1.0,260,0,0,1
2026-08-16,2026,8,2026-08,2026-08-01,16,Sunday,1,ST001,Market_1,Kazan,PR006,Product_6,Snacks,33,4350.39,2911.2599999999998,1439.1300000000006,33,0,0.0,4350.39,1.0,227,0,0,1
2026-08-17,2026,8,2026-08,2026-08-01,17,Monday,0,ST001,Market_1,Kazan,PR006,Product_6,Snacks,24,3163.92,2117.2799999999997,1046.6400000000003,24,0,0.0,3163.92,1.0,203,0,0,1
2026-08-18,2026,8,2026-08,2026-08-01,18,Tuesday,0,ST001,Market_1,Kazan,PR006,Product_6,Snacks,13,1713.79,1146.86,566.9300000000001,13,0,0.0,1713.7900000000002,1.0,190,0,0,1
2026-08-19,2026,8,2026-08,2026-08-01,19,Wednesday,0,ST001,Market_1,Kazan,PR006,Product_6,Snacks,16,2109.28,1411.52,697.7600000000002,16,0,0.0,2109.28,1.0,174,0,0,1
2026-08-20,2026,8,2026-08,2026-08-01,20,Thursday,0,ST001,Market_1,Kazan,PR006,Product_6,Snacks,22,2900.26,1940.84,959.4200000000003,22,0,0.0,2900.26,1.0,152,0,0,1
2026-08-21,2026,8,2026-08,2026-08-01,21,Friday,0,ST001,Market_1,Kazan,PR006,Product_6,Snacks,10,1318.3,882.2,436.0999999999999,10,0,0.0,1318.3000000000002,1.0,142,0,0,1
2026-08-22,2026,8,2026-08,2026-08-01,22,Saturday,1,ST001,Market_1,Kazan,PR006,Product_6,Snacks,34,4482.22,2999.48,1482.7400000000002,34,0,0.0,4482.22,1.0,108,0,0,1
2026-08-23,2026,8,2026-08,2026-08-01,23,Sunday,1,ST001,Market_1,Kazan,PR006,Product_6,Snacks,21,2768.43,1852.62,915.81,21,0,0.0,2768.4300000000003,1.0,87,0,0,1
2026-08-24,2026,8,2026-08,2026-08-01,24,Monday,0,ST001,Market_1,Kazan,PR006,Product_6,Snacks,33,4350.39,2911.2599999999998,1439.1300000000006,33,0,0.0,4350.39,1.0,54,0,0,1
2026-08-25,2026,8,2026-08,2026-08-01,25,Tuesday,0,ST001,Market_1,Kazan,PR006,Product_6,Snacks,20,2636.6,1764.4,872.1999999999998,20,0,0.0,2636.6000000000004,1.0,34,0,0,1
2026-08-26,2026,8,2026-08,2026-08-01,26,Wednesday,0,ST001,Market_1,Kazan,PR006,Product_6,Snacks,20,2636.6,1764.4,872.1999999999998,20,0,0.0,2636.6000000000004,1.0,14,308,0,1
2026-08-27,2026,8,2026-08,2026-08-01,27,Thursday,0,ST001,Market_1,Kazan,PR006,Product_6,Snacks,14,1845.62,1235.08,610.54,24,10,1318.3000000000002,3163.92,0.5833333333333334,0,0,1,0
2026-08-28,2026,8,2026-08,2026-08-01,28,Friday,0,ST001,Market_1,Kazan,PR006,Product_6,Snacks,17,2241.11,1499.74,741.3700000000001,17,0,0.0,2241.11,1.0,291,0,0,1
2026-08-29,2026,8,2026-08,2026-08-01,29,Saturday,1,ST001,Market_1,Kazan,PR006,Product_6,Snacks,33,4350.39,2911.2599999999998,1439.1300000000006,33,0,0.0,4350.39,1.0,258,0,0,1
2026-08-30,2026,8,2026-08,2026-08-01,30,Sunday,1,ST001,Market_1,Kazan,PR006,Product_6,Snacks,27,3559.41,2381.94,1177.4699999999998,27,0,0.0,3559.4100000000003,1.0,231,0,0,1
2026-08-31,2026,8,2026-08,2026-08-01,31,Monday,0,ST001,Market_1,Kazan,PR006,Product_6,Snacks,19,2504.77,1676.18,828.5899999999999,19,0,0.0,2504.7700000000004,1.0,212,0,0,1
2026-09-01,2026,9,2026-09,2026-09-01,1,Tuesday,0,ST001,Market_1,Kazan,PR006,Product_6,Snacks,24,3163.92,2117.2799999999997,1046.6400000000003,24,0,0.0,3163.92,1.0,188,0,0,1
2026-09-02,2026,9,2026-09,2026-09-01,2,Wednesday,0,ST001,Market_1,Kazan,PR006,Product_6,Snacks,17,2241.11,1499.74,741.3700000000001,17,0,0.0,2241.11,1.0,171,0,0,1
2026-09-03,2026,9,2026-09,2026-09-01,3,Thursday,0,ST001,Market_1,Kazan,PR006,Product_6,Snacks,24,3163.92,2117.2799999999997,1046.6400000000003,24,0,0.0,3163.92,1.0,147,0,0,1
2026-09-04,2026,9,2026-09,2026-09-01,4,Friday,0,ST001,Market_1,Kazan,PR006,Product_6,Snacks,24,3163.92,2117.2799999999997,1046.6400000000003,24,0,0.0,3163.92,1.0,123,0,0,1
2026-09-05,2026,9,2026-09,2026-09-01,5,Saturday,1,ST001,Market_1,Kazan,PR006,Product_6,Snacks,36,4745.88,3175.92,1569.96,36,0,0.0,4745.88,1.0,87,0,0,1
2026-09-06,2026,9,2026-09,2026-09-01,6,Sunday,1,ST001,Market_1,Kazan,PR006,Product_6,Snacks,32,4218.56,2823.04,1395.5200000000004,32,0,0.0,4218.56,1.0,55,0,0,1
2026-09-07,2026,9,2026-09,2026-09-01,7,Monday,0,ST001,Market_1,Kazan,PR006,Product_6,Snacks,27,3559.41,2381.94,1177.4699999999998,27,0,0.0,3559.4100000000003,1.0,28,0,0,1
2026-06-10,2026,6,2026-06,2026-06-01,10,Wednesday,0,ST001,Market_1,Kazan,PR007,Product_7,Dairy,8,874.64,609.2,265.43999999999994,8,0,0.0,874.64,1.0,174,0,0,1
2026-06-11,2026,6,2026-06,2026-06-01,11,Thursday,0,ST001,Market_1,Kazan,PR007,Product_7,Dairy,20,2186.6,1523.0,663.5999999999999,20,0,0.0,2186.6,1.0,154,0,0,1
2026-06-12,2026,6,2026-06,2026-06-01,12,Friday,0,ST001,Market_1,Kazan,PR007,Product_7,Dairy,12,1311.96,913.8000000000001,398.15999999999997,12,0,0.0,1311.96,1.0,142,0,0,1
2026-06-13,2026,6,2026-06,2026-06-01,13,Saturday,1,ST001,Market_1,Kazan,PR007,Product_7,Dairy,17,1858.61,1294.5500000000002,564.0599999999997,17,0,0.0,1858.61,1.0,125,0,0,1
2026-06-14,2026,6,2026-06,2026-06-01,14,Sunday,1,ST001,Market_1,Kazan,PR007,Product_7,Dairy,27,2951.91,2056.05,895.8599999999997,27,0,0.0,2951.91,1.0,98,0,0,1
2026-06-15,2026,6,2026-06,2026-06-01,15,Monday,0,ST001,Market_1,Kazan,PR007,Product_7,Dairy,8,874.64,609.2,265.43999999999994,8,0,0.0,874.64,1.0,90,0,0,1
2026-06-16,2026,6,2026-06,2026-06-01,16,Tuesday,0,ST001,Market_1,Kazan,PR007,Product_7,Dairy,18,1967.94,1370.7,597.24,18,0,0.0,1967.94,1.0,72,0,0,1
2026-06-17,2026,6,2026-06,2026-06-01,17,Wednesday,0,ST001,Market_1,Kazan,PR007,Product_7,Dairy,10,1093.3,761.5,331.79999999999995,10,0,0.0,1093.3,1.0,62,0,0,1
2026-06-18,2026,6,2026-06,2026-06-01,18,Thursday,0,ST001,Market_1,Kazan,PR007,Product_7,Dairy,19,2077.27,1446.8500000000001,630.4199999999998,19,0,0.0,2077.27,1.0,43,0,0,1
2026-06-19,2026,6,2026-06,2026-06-01,19,Friday,0,ST001,Market_1,Kazan,PR007,Product_7,Dairy,16,1749.28,1218.4,530.8799999999999,16,0,0.0,1749.28,1.0,27,0,0,1
2026-06-20,2026,6,2026-06,2026-06-01,20,Saturday,1,ST001,Market_1,Kazan,PR007,Product_7,Dairy,23,2514.59,1751.45,763.1400000000001,23,0,0.0,2514.59,1.0,4,182,0,1
2026-06-21,2026,6,2026-06,2026-06-01,21,Sunday,1,ST001,Market_1,Kazan,PR007,Product_7,Dairy,4,437.32,304.6,132.71999999999997,22,18,1967.94,2405.2599999999998,0.18181818181818182,0,0,1,0
2026-06-22,2026,6,2026-06,2026-06-01,22,Monday,0,ST001,Market_1,Kazan,PR007,Product_7,Dairy,9,983.97,685.35,298.62,9,0,0.0,983.97,1.0,173,0,0,1
2026-06-23,2026,6,2026-06,2026-06-01,23,Tuesday,0,ST001,Market_1,Kazan,PR007,Product_7,Dairy,4,437.32,304.6,132.71999999999997,4,0,0.0,437.32,1.0,169,0,0,1
2026-06-24,2026,6,2026-06,2026-06-01,24,Wednesday,0,ST001,Market_1,Kazan,PR007,Product_7,Dairy,8,874.64,609.2,265.43999999999994,8,0,0.0,874.64,1.0,161,0,0,1
2026-06-25,2026,6,2026-06,2026-06-01,25,Thursday,0,ST001,Market_1,Kazan,PR007,Product_7,Dairy,17,1858.61,1294.5500000000002,564.0599999999997,17,0,0.0,1858.61,1.0,144,0,0,1
2026-06-26,2026,6,2026-06,2026-06-01,26,Friday,0,ST001,Market_1,Kazan,PR007,Product_7,Dairy,13,1421.29,989.95,431.3399999999999,13,0,0.0,1421.29,1.0,131,0,0,1
2026-06-27,2026,6,2026-06,2026-06-01,27,Saturday,1,ST001,Market_1,Kazan,PR007,Product_7,Dairy,21,2295.93,1599.15,696.7799999999997,21,0,0.0,2295.93,1.0,110,0,0,1
2026-06-28,2026,6,2026-06,2026-06-01,28,Sunday,1,ST001,Market_1,Kazan,PR007,Product_7,Dairy,19,2077.27,1446.8500000000001,630.4199999999998,19,0,0.0,2077.27,1.0,91,0,0,1
2026-06-29,2026,6,2026-06,2026-06-01,29,Monday,0,ST001,Market_1,Kazan,PR007,Product_7,Dairy,11,1202.63,837.6500000000001,364.98,11,0,0.0,1202.6299999999999,1.0,80,0,0,1
2026-06-30,2026,6,2026-06,2026-06-01,30,Tuesday,0,ST001,Market_1,Kazan,PR007,Product_7,Dairy,14,1530.62,1066.1000000000001,464.51999999999975,14,0,0.0,1530.62,1.0,66,0,0,1
2026-07-01,2026,7,2026-07,2026-07-01,1,Wednesday,0,ST001,Market_1,Kazan,PR007,Product_7,Dairy,9,983.97,685.35,298.62,9,0,0.0,983.97,1.0,57,0,0,1
2026-07-02,2026,7,2026-07,2026-07-01,2,Thursday,0,ST001,Market_1,Kazan,PR007,Product_7,Dairy,7,765.31,533.0500000000001,232.25999999999988,7,0,0.0,765.31,1.0,50,0,0,1
2026-07-03,2026,7,2026-07,2026-07-01,3,Friday,0,ST001,Market_1,Kazan,PR007,Product_7,Dairy,17,1858.61,1294.5500000000002,564.0599999999997,17,0,0.0,1858.61,1.0,33,0,0,1
2026-07-04,2026,7,2026-07,2026-07-01,4,Saturday,1,ST001,Market_1,Kazan,PR007,Product_7,Dairy,19,2077.27,1446.8500000000001,630.4199999999998,19,0,0.0,2077.27,1.0,14,182,0,1
2026-07-05,2026,7,2026-07,2026-07-01,5,Sunday,1,ST001,Market_1,Kazan,PR007,Product_7,Dairy,14,1530.62,1066.1000000000001,464.51999999999975,20,6,655.98,2186.6,0.7,0,0,1,0
2026-07-06,2026,7,2026-07,2026-07-01,6,Monday,0,ST001,Market_1,Kazan,PR007,Product_7,Dairy,11,1202.63,837.6500000000001,364.98,11,0,0.0,1202.6299999999999,1.0,171,0,0,1
2026-07-07,2026,7,2026-07,2026-07-01,7,Tuesday,0,ST001,Market_1,Kazan,PR007,Product_7,Dairy,14,1530.62,1066.1000000000001,464.51999999999975,14,0,0.0,1530.62,1.0,157,0,0,1
2026-07-08,2026,7,2026-07,2026-07-01,8,Wednesday,0,ST001,Market_1,Kazan,PR007,Product_7,Dairy,16,1749.28,1218.4,530.8799999999999,16,0,0.0,1749.28,1.0,141,0,0,1
2026-07-09,2026,7,2026-07,2026-07-01,9,Thursday,0,ST001,Market_1,Kazan,PR007,Product_7,Dairy,16,1749.28,1218.4,530.8799999999999,16,0,0.0,1749.28,1.0,125,0,0,1
2026-07-10,2026,7,2026-07,2026-07-01,10,Friday,0,ST001,Market_1,Kazan,PR007,Product_7,Dairy,22,2405.26,1675.3000000000002,729.96,22,0,0.0,2405.2599999999998,1.0,103,0,0,1
2026-07-11,2026,7,2026-07,2026-07-01,11,Saturday,1,ST001,Market_1,Kazan,PR007,Product_7,Dairy,16,1749.28,1218.4,530.8799999999999,16,0,0.0,1749.28,1.0,87,0,0,1
2026-07-12,2026,7,2026-07,2026-07-01,12,Sunday,1,ST001,Market_1,Kazan,PR007,Product_7,Dairy,16,1749.28,1218.4,530.8799999999999,16,0,0.0,1749.28,1.0,71,0,0,1
2026-07-13,2026,7,2026-07,2026-07-01,13,Monday,0,ST001,Market_1,Kazan,PR007,Product_7,Dairy,12,1311.96,913.8000000000001,398.15999999999997,12,0,0.0,1311.96,1.0,59,0,0,1
2026-07-14,2026,7,2026-07,2026-07-01,14,Tuesday,0,ST001,Market_1,Kazan,PR007,Product_7,Dairy,18,1967.94,1370.7,597.24,18,0,0.0,1967.94,1.0,41,0,0,1
2026-07-15,2026,7,2026-07,2026-07-01,15,Wednesday,0,ST001,Market_1,Kazan,PR007,Product_7,Dairy,12,1311.96,913.8000000000001,398.15999999999997,12,0,0.0,1311.96,1.0,29,0,0,1
2026-07-16,2026,7,2026-07,2026-07-01,16,Thursday,0,ST001,Market_1,Kazan,PR007,Product_7,Dairy,15,1639.95,1142.25,497.70000000000005,15,0,0.0,1639.95,1.0,14,182,0,1
2026-07-17,2026,7,2026-07,2026-07-01,17,Friday,0,ST001,Market_1,Kazan,PR007,Product_7,Dairy,14,1530.62,1066.1000000000001,464.51999999999975,14,0,0.0,1530.62,1.0,0,0,1,0
2026-07-18,2026,7,2026-07,2026-07-01,18,Saturday,1,ST001,Market_1,Kazan,PR007,Product_7,Dairy,22,2405.26,1675.3000000000002,729.96,22,0,0.0,2405.2599999999998,1.0,160,0,0,1
2026-07-19,2026,7,2026-07,2026-07-01,19,Sunday,1,ST001,Market_1,Kazan,PR007,Product_7,Dairy,19,2077.27,1446.8500000000001,630.4199999999998,19,0,0.0,2077.27,1.0,141,0,0,1
2026-07-20,2026,7,2026-07,2026-07-01,20,Monday,0,ST001,Market_1,Kazan,PR007,Product_7,Dairy,15,1639.95,1142.25,497.70000000000005,15,0,0.0,1639.95,1.0,126,0,0,1
2026-07-21,2026,7,2026-07,2026-07-01,21,Tuesday,0,ST001,Market_1,Kazan,PR007,Product_7,Dairy,14,1530.62,1066.1000000000001,464.51999999999975,14,0,0.0,1530.62,1.0,112,0,0,1
2026-07-22,2026,7,2026-07,2026-07-01,22,Wednesday,0,ST001,Market_1,Kazan,PR007,Product_7,Dairy,14,1530.62,1066.1000000000001,464.51999999999975,14,0,0.0,1530.62,1.0,98,0,0,1
2026-07-23,2026,7,2026-07,2026-07-01,23,Thursday,0,ST001,Market_1,Kazan,PR007,Product_7,Dairy,15,1639.95,1142.25,497.70000000000005,15,0,0.0,1639.95,1.0,83,0,0,1
2026-07-24,2026,7,2026-07,2026-07-01,24,Friday,0,ST001,Market_1,Kazan,PR007,Product_7,Dairy,10,1093.3,761.5,331.79999999999995,10,0,0.0,1093.3,1.0,73,0,0,1
2026-07-25,2026,7,2026-07,2026-07-01,25,Saturday,1,ST001,Market_1,Kazan,PR007,Product_7,Dairy,18,1967.94,1370.7,597.24,18,0,0.0,1967.94,1.0,55,0,0,1
2026-07-26,2026,7,2026-07,2026-07-01,26,Sunday,1,ST001,Market_1,Kazan,PR007,Product_7,Dairy,9,983.97,685.35,298.62,9,0,0.0,983.97,1.0,46,0,0,1
2026-07-27,2026,7,2026-07,2026-07-01,27,Monday,0,ST001,Market_1,Kazan,PR007,Product_7,Dairy,16,1749.28,1218.4,530.8799999999999,16,0,0.0,1749.28,1.0,30,0,0,1
2026-07-28,2026,7,2026-07,2026-07-01,28,Tuesday,0,ST001,Market_1,Kazan,PR007,Product_7,Dairy,16,1749.28,1218.4,530.8799999999999,16,0,0.0,1749.28,1.0,14,182,0,1
2026-07-29,2026,7,2026-07,2026-07-01,29,Wednesday,0,ST001,Market_1,Kazan,PR007,Product_7,Dairy,12,1311.96,913.8000000000001,398.15999999999997,12,0,0.0,1311.96,1.0,2,0,0,1
2026-07-30,2026,7,2026-07,2026-07-01,30,Thursday,0,ST001,Market_1,Kazan,PR007,Product_7,Dairy,11,1202.63,837.6500000000001,364.98,11,0,0.0,1202.6299999999999,1.0,173,0,0,1
2026-07-31,2026,7,2026-07,2026-07-01,31,Friday,0,ST001,Market_1,Kazan,PR007,Product_7,Dairy,7,765.31,533.0500000000001,232.25999999999988,7,0,0.0,765.31,1.0,166,0,0,1
2026-08-01,2026,8,2026-08,2026-08-01,1,Saturday,1,ST001,Market_1,Kazan,PR007,Product_7,Dairy,19,2077.27,1446.8500000000001,630.4199999999998,19,0,0.0,2077.27,1.0,147,0,0,1
2026-08-02,2026,8,2026-08,2026-08-01,2,Sunday,1,ST001,Market_1,Kazan,PR007,Product_7,Dairy,20,2186.6,1523.0,663.5999999999999,20,0,0.0,2186.6,1.0,127,0,0,1
2026-08-03,2026,8,2026-08,2026-08-01,3,Monday,0,ST001,Market_1,Kazan,PR007,Product_7,Dairy,14,1530.62,1066.1000000000001,464.51999999999975,14,0,0.0,1530.62,1.0,113,0,0,1
2026-08-04,2026,8,2026-08,2026-08-01,4,Tuesday,0,ST001,Market_1,Kazan,PR007,Product_7,Dairy,8,874.64,609.2,265.43999999999994,8,0,0.0,874.64,1.0,105,0,0,1
2026-08-05,2026,8,2026-08,2026-08-01,5,Wednesday,0,ST001,Market_1,Kazan,PR007,Product_7,Dairy,17,1858.61,1294.5500000000002,564.0599999999997,17,0,0.0,1858.61,1.0,88,0,0,1
2026-08-06,2026,8,2026-08,2026-08-01,6,Thursday,0,ST001,Market_1,Kazan,PR007,Product_7,Dairy,14,1530.62,1066.1000000000001,464.51999999999975,14,0,0.0,1530.62,1.0,74,0,0,1
2026-08-07,2026,8,2026-08,2026-08-01,7,Friday,0,ST001,Market_1,Kazan,PR007,Product_7,Dairy,9,983.97,685.35,298.62,9,0,0.0,983.97,1.0,65,0,0,1
2026-08-08,2026,8,2026-08,2026-08-01,8,Saturday,1,ST001,Market_1,Kazan,PR007,Product_7,Dairy,16,1749.28,1218.4,530.8799999999999,16,0,0.0,1749.28,1.0,49,0,0,1
2026-08-09,2026,8,2026-08,2026-08-01,9,Sunday,1,ST001,Market_1,Kazan,PR007,Product_7,Dairy,15,1639.95,1142.25,497.70000000000005,15,0,0.0,1639.95,1.0,34,0,0,1
2026-08-10,2026,8,2026-08,2026-08-01,10,Monday,0,ST001,Market_1,Kazan,PR007,Product_7,Dairy,11,1202.63,837.6500000000001,364.98,11,0,0.0,1202.6299999999999,1.0,23,182,0,1
2026-08-11,2026,8,2026-08,2026-08-01,11,Tuesday,0,ST001,Market_1,Kazan,PR007,Product_7,Dairy,10,1093.3,761.5,331.79999999999995,10,0,0.0,1093.3,1.0,13,0,0,1
2026-08-12,2026,8,2026-08,2026-08-01,12,Wednesday,0,ST001,Market_1,Kazan,PR007,Product_7,Dairy,12,1311.96,913.8000000000001,398.15999999999997,12,0,0.0,1311.96,1.0,183,0,0,1
2026-08-13,2026,8,2026-08,2026-08-01,13,Thursday,0,ST001,Market_1,Kazan,PR007,Product_7,Dairy,8,874.64,609.2,265.43999999999994,8,0,0.0,874.64,1.0,175,0,0,1
2026-08-14,2026,8,2026-08,2026-08-01,14,Friday,0,ST001,Market_1,Kazan,PR007,Product_7,Dairy,16,1749.28,1218.4,530.8799999999999,16,0,0.0,1749.28,1.0,159,0,0,1
2026-08-15,2026,8,2026-08,2026-08-01,15,Saturday,1,ST001,Market_1,Kazan,PR007,Product_7,Dairy,17,1858.61,1294.5500000000002,564.0599999999997,17,0,0.0,1858.61,1.0,142,0,0,1
2026-08-16,2026,8,2026-08,2026-08-01,16,Sunday,1,ST001,Market_1,Kazan,PR007,Product_7,Dairy,22,2405.26,1675.3000000000002,729.96,22,0,0.0,2405.2599999999998,1.0,120,0,0,1
2026-08-17,2026,8,2026-08,2026-08-01,17,Monday,0,ST001,Market_1,Kazan,PR007,Product_7,Dairy,14,1530.62,1066.1000000000001,464.51999999999975,14,0,0.0,1530.62,1.0,106,0,0,1
2026-08-18,2026,8,2026-08,2026-08-01,18,Tuesday,0,ST001,Market_1,Kazan,PR007,Product_7,Dairy,16,1749.28,1218.4,530.8799999999999,16,0,0.0,1749.28,1.0,90,0,0,1
2026-08-19,2026,8,2026-08,2026-08-01,19,Wednesday,0,ST001,Market_1,Kazan,PR007,Product_7,Dairy,22,2405.26,1675.3000000000002,729.96,22,0,0.0,2405.2599999999998,1.0,68,0,0,1
2026-08-20,2026,8,2026-08,2026-08-01,20,Thursday,0,ST001,Market_1,Kazan,PR007,Product_7,Dairy,6,655.98,456.90000000000003,199.07999999999998,6,0,0.0,655.98,1.0,62,0,0,1
2026-08-21,2026,8,2026-08,2026-08-01,21,Friday,0,ST001,Market_1,Kazan,PR007,Product_7,Dairy,10,1093.3,761.5,331.79999999999995,10,0,0.0,1093.3,1.0,52,0,0,1
2026-08-22,2026,8,2026-08,2026-08-01,22,Saturday,1,ST001,Market_1,Kazan,PR007,Product_7,Dairy,25,2733.25,1903.7500000000002,829.4999999999998,25,0,0.0,2733.25,1.0,27,0,0,1
2026-08-23,2026,8,2026-08,2026-08-01,23,Sunday,1,ST001,Market_1,Kazan,PR007,Product_7,Dairy,15,1639.95,1142.25,497.70000000000005,15,0,0.0,1639.95,1.0,12,182,0,1
2026-08-24,2026,8,2026-08,2026-08-01,24,Monday,0,ST001,Market_1,Kazan,PR007,Product_7,Dairy,12,1311.96,913.8000000000001,398.15999999999997,12,0,0.0,1311.96,1.0,0,0,1,0
2026-08-25,2026,8,2026-08,2026-08-01,25,Tuesday,0,ST001,Market_1,Kazan,PR007,Product_7,Dairy,6,655.98,456.90000000000003,199.07999999999998,6,0,0.0,655.98,1.0,176,0,0,1
2026-08-26,2026,8,2026-08,2026-08-01,26,Wednesday,0,ST001,Market_1,Kazan,PR007,Product_7,Dairy,3,327.99,228.45000000000002,99.53999999999999,3,0,0.0,327.99,1.0,173,0,0,1
2026-08-27,2026,8,2026-08,2026-08-01,27,Thursday,0,ST001,Market_1,Kazan,PR007,Product_7,Dairy,19,2077.27,1446.8500000000001,630.4199999999998,19,0,0.0,2077.27,1.0,154,0,0,1
2026-08-28,2026,8,2026-08,2026-08-01,28,Friday,0,ST001,Market_1,Kazan,PR007,Product_7,Dairy,13,1421.29,989.95,431.3399999999999,13,0,0.0,1421.29,1.0,141,0,0,1
2026-08-29,2026,8,2026-08,2026-08-01,29,Saturday,1,ST001,Market_1,Kazan,PR007,Product_7,Dairy,16,1749.28,1218.4,530.8799999999999,16,0,0.0,1749.28,1.0,125,0,0,1
2026-08-30,2026,8,2026-08,2026-08-01,30,Sunday,1,ST001,Market_1,Kazan,PR007,Product_7,Dairy,29,3170.57,2208.3500000000004,962.2199999999998,29,0,0.0,3170.57,1.0,96,0,0,1
2026-08-31,2026,8,2026-08,2026-08-01,31,Monday,0,ST001,Market_1,Kazan,PR007,Product_7,Dairy,20,2186.6,1523.0,663.5999999999999,20,0,0.0,2186.6,1.0,76,0,0,1
2026-09-01,2026,9,2026-09,2026-09-01,1,Tuesday,0,ST001,Market_1,Kazan,PR007,Product_7,Dairy,12,1311.96,913.8000000000001,398.15999999999997,12,0,0.0,1311.96,1.0,64,0,0,1
2026-09-02,2026,9,2026-09,2026-09-01,2,Wednesday,0,ST001,Market_1,Kazan,PR007,Product_7,Dairy,10,1093.3,761.5,331.79999999999995,10,0,0.0,1093.3,1.0,54,0,0,1
2026-09-03,2026,9,2026-09,2026-09-01,3,Thursday,0,ST001,Market_1,Kazan,PR007,Product_7,Dairy,9,983.97,685.35,298.62,9,0,0.0,983.97,1.0,45,0,0,1
2026-09-04,2026,9,2026-09,2026-09-01,4,Friday,0,ST001,Market_1,Kazan,PR007,Product_7,Dairy,14,1530.62,1066.1000000000001,464.51999999999975,14,0,0.0,1530.62,1.0,31,182,0,1
2026-09-05,2026,9,2026-09,2026-09-01,5,Saturday,1,ST001,Market_1,Kazan,PR007,Product_7,Dairy,12,1311.96,913.8000000000001,398.15999999999997,12,0,0.0,1311.96,1.0,19,0,0,1
2026-09-06,2026,9,2026-09,2026-09-01,6,Sunday,1,ST001,Market_1,Kazan,PR007,Product_7,Dairy,14,1530.62,1066.1000000000001,464.51999999999975,14,0,0.0,1530.62,1.0,187,0,0,1
2026-09-07,2026,9,2026-09,2026-09-01,7,Monday,0,ST001,Market_1,Kazan,PR007,Product_7,Dairy,17,1858.61,1294.5500000000002,564.0599999999997,17,0,0.0,1858.61,1.0,170,0,0,1
2026-06-10,2026,6,2026-06,2026-06-01,10,Wednesday,0,ST001,Market_1,Kazan,PR008,Product_8,Dairy,25,2479.75,1446.5,1033.25,25,0,0.0,2479.75,1.0,325,0,0,1
2026-06-11,2026,6,2026-06,2026-06-01,11,Thursday,0,ST001,Market_1,Kazan,PR008,Product_8,Dairy,31,3074.89,1793.66,1281.2299999999998,31,0,0.0,3074.89,1.0,294,0,0,1
2026-06-12,2026,6,2026-06,2026-06-01,12,Friday,0,ST001,Market_1,Kazan,PR008,Product_8,Dairy,16,1587.04,925.76,661.28,16,0,0.0,1587.04,1.0,278,0,0,1
2026-06-13,2026,6,2026-06,2026-06-01,13,Saturday,1,ST001,Market_1,Kazan,PR008,Product_8,Dairy,36,3570.84,2082.96,1487.88,36,0,0.0,3570.84,1.0,242,0,0,1
2026-06-14,2026,6,2026-06,2026-06-01,14,Sunday,1,ST001,Market_1,Kazan,PR008,Product_8,Dairy,34,3372.46,1967.24,1405.22,34,0,0.0,3372.46,1.0,208,0,0,1
2026-06-15,2026,6,2026-06,2026-06-01,15,Monday,0,ST001,Market_1,Kazan,PR008,Product_8,Dairy,31,3074.89,1793.66,1281.2299999999998,31,0,0.0,3074.89,1.0,177,0,0,1
2026-06-16,2026,6,2026-06,2026-06-01,16,Tuesday,0,ST001,Market_1,Kazan,PR008,Product_8,Dairy,24,2380.56,1388.6399999999999,991.9200000000001,24,0,0.0,2380.56,1.0,153,0,0,1
2026-06-17,2026,6,2026-06,2026-06-01,17,Wednesday,0,ST001,Market_1,Kazan,PR008,Product_8,Dairy,27,2678.13,1562.22,1115.91,27,0,0.0,2678.13,1.0,126,0,0,1
2026-06-18,2026,6,2026-06,2026-06-01,18,Thursday,0,ST001,Market_1,Kazan,PR008,Product_8,Dairy,15,1487.85,867.9,619.9499999999999,15,0,0.0,1487.85,1.0,111,0,0,1
2026-06-19,2026,6,2026-06,2026-06-01,19,Friday,0,ST001,Market_1,Kazan,PR008,Product_8,Dairy,30,2975.7,1735.8,1239.8999999999999,30,0,0.0,2975.7,1.0,81,0,0,1
2026-06-20,2026,6,2026-06,2026-06-01,20,Saturday,1,ST001,Market_1,Kazan,PR008,Product_8,Dairy,29,2876.51,1677.94,1198.5700000000002,29,0,0.0,2876.5099999999998,1.0,52,350,0,1
2026-06-21,2026,6,2026-06,2026-06-01,21,Sunday,1,ST001,Market_1,Kazan,PR008,Product_8,Dairy,28,2777.32,1620.08,1157.2400000000002,28,0,0.0,2777.3199999999997,1.0,24,0,0,1
2026-06-22,2026,6,2026-06,2026-06-01,22,Monday,0,ST001,Market_1,Kazan,PR008,Product_8,Dairy,29,2876.51,1677.94,1198.5700000000002,29,0,0.0,2876.5099999999998,1.0,345,0,0,1
2026-06-23,2026,6,2026-06,2026-06-01,23,Tuesday,0,ST001,Market_1,Kazan,PR008,Product_8,Dairy,21,2082.99,1215.06,867.9299999999998,21,0,0.0,2082.99,1.0,324,0,0,1
2026-06-24,2026,6,2026-06,2026-06-01,24,Wednesday,0,ST001,Market_1,Kazan,PR008,Product_8,Dairy,24,2380.56,1388.6399999999999,991.9200000000001,24,0,0.0,2380.56,1.0,300,0,0,1
2026-06-25,2026,6,2026-06,2026-06-01,25,Thursday,0,ST001,Market_1,Kazan,PR008,Product_8,Dairy,26,2578.94,1504.36,1074.5800000000002,26,0,0.0,2578.94,1.0,274,0,0,1
2026-06-26,2026,6,2026-06,2026-06-01,26,Friday,0,ST001,Market_1,Kazan,PR008,Product_8,Dairy,17,1686.23,983.62,702.61,17,0,0.0,1686.23,1.0,257,0,0,1
2026-06-27,2026,6,2026-06,2026-06-01,27,Saturday,1,ST001,Market_1,Kazan,PR008,Product_8,Dairy,41,4066.79,2372.2599999999998,1694.5300000000002,41,0,0.0,4066.79,1.0,216,0,0,1
2026-06-28,2026,6,2026-06,2026-06-01,28,Sunday,1,ST001,Market_1,Kazan,PR008,Product_8,Dairy,29,2876.51,1677.94,1198.5700000000002,29,0,0.0,2876.5099999999998,1.0,187,0,0,1
2026-06-29,2026,6,2026-06,2026-06-01,29,Monday,0,ST001,Market_1,Kazan,PR008,Product_8,Dairy,22,2182.18,1272.92,909.2599999999998,22,0,0.0,2182.18,1.0,165,0,0,1
2026-06-30,2026,6,2026-06,2026-06-01,30,Tuesday,0,ST001,Market_1,Kazan,PR008,Product_8,Dairy,26,2578.94,1504.36,1074.5800000000002,26,0,0.0,2578.94,1.0,139,0,0,1
2026-07-01,2026,7,2026-07,2026-07-01,1,Wednesday,0,ST001,Market_1,Kazan,PR008,Product_8,Dairy,30,2975.7,1735.8,1239.8999999999999,30,0,0.0,2975.7,1.0,109,0,0,1
2026-07-02,2026,7,2026-07,2026-07-01,2,Thursday,0,ST001,Market_1,Kazan,PR008,Product_8,Dairy,33,3273.27,1909.3799999999999,1363.89,33,0,0.0,3273.27,1.0,76,0,0,1
2026-07-03,2026,7,2026-07,2026-07-01,3,Friday,0,ST001,Market_1,Kazan,PR008,Product_8,Dairy,19,1884.61,1099.34,785.27,19,0,0.0,1884.61,1.0,57,350,0,1
2026-07-04,2026,7,2026-07,2026-07-01,4,Saturday,1,ST001,Market_1,Kazan,PR008,Product_8,Dairy,41,4066.79,2372.2599999999998,1694.5300000000002,41,0,0.0,4066.79,1.0,16,0,0,1
2026-07-05,2026,7,2026-07,2026-07-01,5,Sunday,1,ST001,Market_1,Kazan,PR008,Product_8,Dairy,28,2777.32,1620.08,1157.2400000000002,28,0,0.0,2777.3199999999997,1.0,338,0,0,1
2026-07-06,2026,7,2026-07,2026-07-01,6,Monday,0,ST001,Market_1,Kazan,PR008,Product_8,Dairy,20,1983.8,1157.2,826.5999999999999,20,0,0.0,1983.8,1.0,318,0,0,1
2026-07-07,2026,7,2026-07,2026-07-01,7,Tuesday,0,ST001,Market_1,Kazan,PR008,Product_8,Dairy,27,2678.13,1562.22,1115.91,27,0,0.0,2678.13,1.0,291,0,0,1
2026-07-08,2026,7,2026-07,2026-07-01,8,Wednesday,0,ST001,Market_1,Kazan,PR008,Product_8,Dairy,24,2380.56,1388.6399999999999,991.9200000000001,24,0,0.0,2380.56,1.0,267,0,0,1
2026-07-09,2026,7,2026-07,2026-07-01,9,Thursday,0,ST001,Market_1,Kazan,PR008,Product_8,Dairy,30,2975.7,1735.8,1239.8999999999999,30,0,0.0,2975.7,1.0,237,0,0,1
2026-07-10,2026,7,2026-07,2026-07-01,10,Friday,0,ST001,Market_1,Kazan,PR008,Product_8,Dairy,39,3868.41,2256.54,1611.87,39,0,0.0,3868.41,1.0,198,0,0,1
2026-07-11,2026,7,2026-07,2026-07-01,11,Saturday,1,ST001,Market_1,Kazan,PR008,Product_8,Dairy,37,3670.03,2140.82,1529.21,37,0,0.0,3670.0299999999997,1.0,161,0,0,1
2026-07-12,2026,7,2026-07,2026-07-01,12,Sunday,1,ST001,Market_1,Kazan,PR008,Product_8,Dairy,43,4265.17,2487.98,1777.19,43,0,0.0,4265.17,1.0,118,0,0,1
2026-07-13,2026,7,2026-07,2026-07-01,13,Monday,0,ST001,Market_1,Kazan,PR008,Product_8,Dairy,19,1884.61,1099.34,785.27,19,0,0.0,1884.61,1.0,99,0,0,1
2026-07-14,2026,7,2026-07,2026-07-01,14,Tuesday,0,ST001,Market_1,Kazan,PR008,Product_8,Dairy,26,2578.94,1504.36,1074.5800000000002,26,0,0.0,2578.94,1.0,73,0,0,1
2026-07-15,2026,7,2026-07,2026-07-01,15,Wednesday,0,ST001,Market_1,Kazan,PR008,Product_8,Dairy,20,1983.8,1157.2,826.5999999999999,20,0,0.0,1983.8,1.0,53,0,0,1
2026-07-16,2026,7,2026-07,2026-07-01,16,Thursday,0,ST001,Market_1,Kazan,PR008,Product_8,Dairy,30,2975.7,1735.8,1239.8999999999999,30,0,0.0,2975.7,1.0,23,350,0,1
2026-07-17,2026,7,2026-07,2026-07-01,17,Friday,0,ST001,Market_1,Kazan,PR008,Product_8,Dairy,23,2281.37,1330.78,950.5899999999999,28,5,495.95,2777.3199999999997,0.8214285714285714,0,0,1,0
2026-07-18,2026,7,2026-07,2026-07-01,18,Saturday,1,ST001,Market_1,Kazan,PR008,Product_8,Dairy,34,3372.46,1967.24,1405.22,34,0,0.0,3372.46,1.0,316,0,0,1
2026-07-19,2026,7,2026-07,2026-07-01,19,Sunday,1,ST001,Market_1,Kazan,PR008,Product_8,Dairy,34,3372.46,1967.24,1405.22,34,0,0.0,3372.46,1.0,282,0,0,1
2026-07-20,2026,7,2026-07,2026-07-01,20,Monday,0,ST001,Market_1,Kazan,PR008,Product_8,Dairy,25,2479.75,1446.5,1033.25,25,0,0.0,2479.75,1.0,257,0,0,1
2026-07-21,2026,7,2026-07,2026-07-01,21,Tuesday,0,ST001,Market_1,Kazan,PR008,Product_8,Dairy,22,2182.18,1272.92,909.2599999999998,22,0,0.0,2182.18,1.0,235,0,0,1
2026-07-22,2026,7,2026-07,2026-07-01,22,Wednesday,0,ST001,Market_1,Kazan,PR008,Product_8,Dairy,28,2777.32,1620.08,1157.2400000000002,28,0,0.0,2777.3199999999997,1.0,207,0,0,1
2026-07-23,2026,7,2026-07,2026-07-01,23,Thursday,0,ST001,Market_1,Kazan,PR008,Product_8,Dairy,17,1686.23,983.62,702.61,17,0,0.0,1686.23,1.0,190,0,0,1
2026-07-24,2026,7,2026-07,2026-07-01,24,Friday,0,ST001,Market_1,Kazan,PR008,Product_8,Dairy,19,1884.61,1099.34,785.27,19,0,0.0,1884.61,1.0,171,0,0,1
2026-07-25,2026,7,2026-07,2026-07-01,25,Saturday,1,ST001,Market_1,Kazan,PR008,Product_8,Dairy,34,3372.46,1967.24,1405.22,34,0,0.0,3372.46,1.0,137,0,0,1
2026-07-26,2026,7,2026-07,2026-07-01,26,Sunday,1,ST001,Market_1,Kazan,PR008,Product_8,Dairy,38,3769.22,2198.68,1570.54,38,0,0.0,3769.22,1.0,99,0,0,1
2026-07-27,2026,7,2026-07,2026-07-01,27,Monday,0,ST001,Market_1,Kazan,PR008,Product_8,Dairy,23,2281.37,1330.78,950.5899999999999,23,0,0.0,2281.37,1.0,76,0,0,1
2026-07-28,2026,7,2026-07,2026-07-01,28,Tuesday,0,ST001,Market_1,Kazan,PR008,Product_8,Dairy,27,2678.13,1562.22,1115.91,27,0,0.0,2678.13,1.0,49,350,0,1
2026-07-29,2026,7,2026-07,2026-07-01,29,Wednesday,0,ST001,Market_1,Kazan,PR008,Product_8,Dairy,28,2777.32,1620.08,1157.2400000000002,28,0,0.0,2777.3199999999997,1.0,21,0,0,1
2026-07-30,2026,7,2026-07,2026-07-01,30,Thursday,0,ST001,Market_1,Kazan,PR008,Product_8,Dairy,28,2777.32,1620.08,1157.2400000000002,28,0,0.0,2777.3199999999997,1.0,343,0,0,1
2026-07-31,2026,7,2026-07,2026-07-01,31,Friday,0,ST001,Market_1,Kazan,PR008,Product_8,Dairy,21,2082.99,1215.06,867.9299999999998,21,0,0.0,2082.99,1.0,322,0,0,1
2026-08-01,2026,8,2026-08,2026-08-01,1,Saturday,1,ST001,Market_1,Kazan,PR008,Product_8,Dairy,31,3074.89,1793.66,1281.2299999999998,31,0,0.0,3074.89,1.0,291,0,0,1
2026-08-02,2026,8,2026-08,2026-08-01,2,Sunday,1,ST001,Market_1,Kazan,PR008,Product_8,Dairy,38,3769.22,2198.68,1570.54,38,0,0.0,3769.22,1.0,253,0,0,1
2026-08-03,2026,8,2026-08,2026-08-01,3,Monday,0,ST001,Market_1,Kazan,PR008,Product_8,Dairy,22,2182.18,1272.92,909.2599999999998,22,0,0.0,2182.18,1.0,231,0,0,1
2026-08-04,2026,8,2026-08,2026-08-01,4,Tuesday,0,ST001,Market_1,Kazan,PR008,Product_8,Dairy,30,2975.7,1735.8,1239.8999999999999,30,0,0.0,2975.7,1.0,201,0,0,1
2026-08-05,2026,8,2026-08,2026-08-01,5,Wednesday,0,ST001,Market_1,Kazan,PR008,Product_8,Dairy,28,2777.32,1620.08,1157.2400000000002,28,0,0.0,2777.3199999999997,1.0,173,0,0,1
2026-08-06,2026,8,2026-08,2026-08-01,6,Thursday,0,ST001,Market_1,Kazan,PR008,Product_8,Dairy,18,1785.42,1041.48,743.94,18,0,0.0,1785.42,1.0,155,0,0,1
2026-08-07,2026,8,2026-08,2026-08-01,7,Friday,0,ST001,Market_1,Kazan,PR008,Product_8,Dairy,24,2380.56,1388.6399999999999,991.9200000000001,24,0,0.0,2380.56,1.0,131,0,0,1
2026-08-08,2026,8,2026-08,2026-08-01,8,Saturday,1,ST001,Market_1,Kazan,PR008,Product_8,Dairy,36,3570.84,2082.96,1487.88,36,0,0.0,3570.84,1.0,95,0,0,1
2026-08-09,2026,8,2026-08,2026-08-01,9,Sunday,1,ST001,Market_1,Kazan,PR008,Product_8,Dairy,56,5554.64,3240.16,2314.4800000000005,56,0,0.0,5554.639999999999,1.0,39,0,0,1
2026-08-10,2026,8,2026-08,2026-08-01,10,Monday,0,ST001,Market_1,Kazan,PR008,Product_8,Dairy,24,2380.56,1388.6399999999999,991.9200000000001,24,0,0.0,2380.56,1.0,15,350,0,1
2026-08-11,2026,8,2026-08,2026-08-01,11,Tuesday,0,ST001,Market_1,Kazan,PR008,Product_8,Dairy,15,1487.85,867.9,619.9499999999999,22,7,694.3299999999999,2182.18,0.6818181818181818,0,0,1,0
2026-08-12,2026,8,2026-08,2026-08-01,12,Wednesday,0,ST001,Market_1,Kazan,PR008,Product_8,Dairy,22,2182.18,1272.92,909.2599999999998,22,0,0.0,2182.18,1.0,328,0,0,1
2026-08-13,2026,8,2026-08,2026-08-01,13,Thursday,0,ST001,Market_1,Kazan,PR008,Product_8,Dairy,28,2777.32,1620.08,1157.2400000000002,28,0,0.0,2777.3199999999997,1.0,300,0,0,1
2026-08-14,2026,8,2026-08,2026-08-01,14,Friday,0,ST001,Market_1,Kazan,PR008,Product_8,Dairy,30,2975.7,1735.8,1239.8999999999999,30,0,0.0,2975.7,1.0,270,0,0,1
2026-08-15,2026,8,2026-08,2026-08-01,15,Saturday,1,ST001,Market_1,Kazan,PR008,Product_8,Dairy,43,4265.17,2487.98,1777.19,43,0,0.0,4265.17,1.0,227,0,0,1
2026-08-16,2026,8,2026-08,2026-08-01,16,Sunday,1,ST001,Market_1,Kazan,PR008,Product_8,Dairy,39,3868.41,2256.54,1611.87,39,0,0.0,3868.41,1.0,188,0,0,1
2026-08-17,2026,8,2026-08,2026-08-01,17,Monday,0,ST001,Market_1,Kazan,PR008,Product_8,Dairy,17,1686.23,983.62,702.61,17,0,0.0,1686.23,1.0,171,0,0,1
2026-08-18,2026,8,2026-08,2026-08-01,18,Tuesday,0,ST001,Market_1,Kazan,PR008,Product_8,Dairy,22,2182.18,1272.92,909.2599999999998,22,0,0.0,2182.18,1.0,149,0,0,1
2026-08-19,2026,8,2026-08,2026-08-01,19,Wednesday,0,ST001,Market_1,Kazan,PR008,Product_8,Dairy,22,2182.18,1272.92,909.2599999999998,22,0,0.0,2182.18,1.0,127,0,0,1
2026-08-20,2026,8,2026-08,2026-08-01,20,Thursday,0,ST001,Market_1,Kazan,PR008,Product_8,Dairy,29,2876.51,1677.94,1198.5700000000002,29,0,0.0,2876.5099999999998,1.0,98,0,0,1
2026-08-21,2026,8,2026-08,2026-08-01,21,Friday,0,ST001,Market_1,Kazan,PR008,Product_8,Dairy,27,2678.13,1562.22,1115.91,27,0,0.0,2678.13,1.0,71,0,0,1
2026-08-22,2026,8,2026-08,2026-08-01,22,Saturday,1,ST001,Market_1,Kazan,PR008,Product_8,Dairy,44,4364.36,2545.84,1818.5199999999995,44,0,0.0,4364.36,1.0,27,350,0,1
2026-08-23,2026,8,2026-08,2026-08-01,23,Sunday,1,ST001,Market_1,Kazan,PR008,Product_8,Dairy,25,2479.75,1446.5,1033.25,25,0,0.0,2479.75,1.0,2,0,0,1
2026-08-24,2026,8,2026-08,2026-08-01,24,Monday,0,ST001,Market_1,Kazan,PR008,Product_8,Dairy,30,2975.7,1735.8,1239.8999999999999,30,0,0.0,2975.7,1.0,322,0,0,1
2026-08-25,2026,8,2026-08,2026-08-01,25,Tuesday,0,ST001,Market_1,Kazan,PR008,Product_8,Dairy,31,3074.89,1793.66,1281.2299999999998,31,0,0.0,3074.89,1.0,291,0,0,1
2026-08-26,2026,8,2026-08,2026-08-01,26,Wednesday,0,ST001,Market_1,Kazan,PR008,Product_8,Dairy,26,2578.94,1504.36,1074.5800000000002,26,0,0.0,2578.94,1.0,265,0,0,1
2026-08-27,2026,8,2026-08,2026-08-01,27,Thursday,0,ST001,Market_1,Kazan,PR008,Product_8,Dairy,32,3174.08,1851.52,1322.56,32,0,0.0,3174.08,1.0,233,0,0,1
2026-08-28,2026,8,2026-08,2026-08-01,28,Friday,0,ST001,Market_1,Kazan,PR008,Product_8,Dairy,25,2479.75,1446.5,1033.25,25,0,0.0,2479.75,1.0,208,0,0,1
2026-08-29,2026,8,2026-08,2026-08-01,29,Saturday,1,ST001,Market_1,Kazan,PR008,Product_8,Dairy,32,3174.08,1851.52,1322.56,32,0,0.0,3174.08,1.0,176,0,0,1
2026-08-30,2026,8,2026-08,2026-08-01,30,Sunday,1,ST001,Market_1,Kazan,PR008,Product_8,Dairy,40,3967.6,2314.4,1653.1999999999998,40,0,0.0,3967.6,1.0,136,0,0,1
2026-08-31,2026,8,2026-08,2026-08-01,31,Monday,0,ST001,Market_1,Kazan,PR008,Product_8,Dairy,32,3174.08,1851.52,1322.56,32,0,0.0,3174.08,1.0,104,0,0,1
2026-09-01,2026,9,2026-09,2026-09-01,1,Tuesday,0,ST001,Market_1,Kazan,PR008,Product_8,Dairy,27,2678.13,1562.22,1115.91,27,0,0.0,2678.13,1.0,77,0,0,1
2026-09-02,2026,9,2026-09,2026-09-01,2,Wednesday,0,ST001,Market_1,Kazan,PR008,Product_8,Dairy,26,2578.94,1504.36,1074.5800000000002,26,0,0.0,2578.94,1.0,51,0,0,1
2026-09-03,2026,9,2026-09,2026-09-01,3,Thursday,0,ST001,Market_1,Kazan,PR008,Product_8,Dairy,21,2082.99,1215.06,867.9299999999998,21,0,0.0,2082.99,1.0,30,350,0,1
2026-09-04,2026,9,2026-09,2026-09-01,4,Friday,0,ST001,Market_1,Kazan,PR008,Product_8,Dairy,17,1686.23,983.62,702.61,17,0,0.0,1686.23,1.0,13,0,0,1
2026-09-05,2026,9,2026-09,2026-09-01,5,Saturday,1,ST001,Market_1,Kazan,PR008,Product_8,Dairy,35,3471.65,2025.1,1446.5500000000002,35,0,0.0,3471.65,1.0,328,0,0,1
2026-09-06,2026,9,2026-09,2026-09-01,6,Sunday,1,ST001,Market_1,Kazan,PR008,Product_8,Dairy,48,4761.12,2777.2799999999997,1983.8400000000001,48,0,0.0,4761.12,1.0,280,0,0,1
2026-09-07,2026,9,2026-09,2026-09-01,7,Monday,0,ST001,Market_1,Kazan,PR008,Product_8,Dairy,29,2876.51,1677.94,1198.5700000000002,29,0,0.0,2876.5099999999998,1.0,251,0,0,1
2026-06-10,2026,6,2026-06,2026-06-01,10,Wednesday,0,ST001,Market_1,Kazan,PR009,Product_9,Dairy,4,588.64,398.16,190.47999999999996,4,0,0.0,588.64,1.0,80,0,0,1
2026-06-11,2026,6,2026-06,2026-06-01,11,Thursday,0,ST001,Market_1,Kazan,PR009,Product_9,Dairy,2,294.32,199.08,95.23999999999998,2,0,0.0,294.32,1.0,78,0,0,1
2026-06-12,2026,6,2026-06,2026-06-01,12,Friday,0,ST001,Market_1,Kazan,PR009,Product_9,Dairy,6,882.96,597.24,285.72,6,0,0.0,882.96,1.0,72,0,0,1
2026-06-13,2026,6,2026-06,2026-06-01,13,Saturday,1,ST001,Market_1,Kazan,PR009,Product_9,Dairy,2,294.32,199.08,95.23999999999998,2,0,0.0,294.32,1.0,70,0,0,1
2026-06-14,2026,6,2026-06,2026-06-01,14,Sunday,1,ST001,Market_1,Kazan,PR009,Product_9,Dairy,5,735.8,497.70000000000005,238.0999999999999,5,0,0.0,735.8,1.0,65,0,0,1
2026-06-15,2026,6,2026-06,2026-06-01,15,Monday,0,ST001,Market_1,Kazan,PR009,Product_9,Dairy,6,882.96,597.24,285.72,6,0,0.0,882.96,1.0,59,0,0,1
2026-06-16,2026,6,2026-06,2026-06-01,16,Tuesday,0,ST001,Market_1,Kazan,PR009,Product_9,Dairy,7,1030.12,696.7800000000001,333.3399999999998,7,0,0.0,1030.12,1.0,52,0,0,1
2026-06-17,2026,6,2026-06,2026-06-01,17,Wednesday,0,ST001,Market_1,Kazan,PR009,Product_9,Dairy,10,1471.6,995.4000000000001,476.1999999999998,10,0,0.0,1471.6,1.0,42,0,0,1
2026-06-18,2026,6,2026-06,2026-06-01,18,Thursday,0,ST001,Market_1,Kazan,PR009,Product_9,Dairy,3,441.48,298.62,142.86,3,0,0.0,441.48,1.0,39,0,0,1
2026-06-19,2026,6,2026-06,2026-06-01,19,Friday,0,ST001,Market_1,Kazan,PR009,Product_9,Dairy,6,882.96,597.24,285.72,6,0,0.0,882.96,1.0,33,0,0,1
2026-06-20,2026,6,2026-06,2026-06-01,20,Saturday,1,ST001,Market_1,Kazan,PR009,Product_9,Dairy,8,1177.28,796.32,380.9599999999999,8,0,0.0,1177.28,1.0,25,0,0,1
2026-06-21,2026,6,2026-06,2026-06-01,21,Sunday,1,ST001,Market_1,Kazan,PR009,Product_9,Dairy,7,1030.12,696.7800000000001,333.3399999999998,7,0,0.0,1030.12,1.0,18,0,0,1
2026-06-22,2026,6,2026-06,2026-06-01,22,Monday,0,ST001,Market_1,Kazan,PR009,Product_9,Dairy,4,588.64,398.16,190.47999999999996,4,0,0.0,588.64,1.0,14,0,0,1
2026-06-23,2026,6,2026-06,2026-06-01,23,Tuesday,0,ST001,Market_1,Kazan,PR009,Product_9,Dairy,4,588.64,398.16,190.47999999999996,4,0,0.0,588.64,1.0,10,84,0,1
2026-06-24,2026,6,2026-06,2026-06-01,24,Wednesday,0,ST001,Market_1,Kazan,PR009,Product_9,Dairy,8,1177.28,796.32,380.9599999999999,8,0,0.0,1177.28,1.0,2,0,0,1
2026-06-25,2026,6,2026-06,2026-06-01,25,Thursday,0,ST001,Market_1,Kazan,PR009,Product_9,Dairy,9,1324.44,895.86,428.58000000000004,9,0,0.0,1324.44,1.0,77,0,0,1
2026-06-26,2026,6,2026-06,2026-06-01,26,Friday,0,ST001,Market_1,Kazan,PR009,Product_9,Dairy,7,1030.12,696.7800000000001,333.3399999999998,7,0,0.0,1030.12,1.0,70,0,0,1
2026-06-27,2026,6,2026-06,2026-06-01,27,Saturday,1,ST001,Market_1,Kazan,PR009,Product_9,Dairy,4,588.64,398.16,190.47999999999996,4,0,0.0,588.64,1.0,66,0,0,1
2026-06-28,2026,6,2026-06,2026-06-01,28,Sunday,1,ST001,Market_1,Kazan,PR009,Product_9,Dairy,8,1177.28,796.32,380.9599999999999,8,0,0.0,1177.28,1.0,58,0,0,1
2026-06-29,2026,6,2026-06,2026-06-01,29,Monday,0,ST001,Market_1,Kazan,PR009,Product_9,Dairy,6,882.96,597.24,285.72,6,0,0.0,882.96,1.0,52,0,0,1
2026-06-30,2026,6,2026-06,2026-06-01,30,Tuesday,0,ST001,Market_1,Kazan,PR009,Product_9,Dairy,4,588.64,398.16,190.47999999999996,4,0,0.0,588.64,1.0,48,0,0,1
2026-07-01,2026,7,2026-07,2026-07-01,1,Wednesday,0,ST001,Market_1,Kazan,PR009,Product_9,Dairy,2,294.32,199.08,95.23999999999998,2,0,0.0,294.32,1.0,46,0,0,1
2026-07-02,2026,7,2026-07,2026-07-01,2,Thursday,0,ST001,Market_1,Kazan,PR009,Product_9,Dairy,8,1177.28,796.32,380.9599999999999,8,0,0.0,1177.28,1.0,38,0,0,1
2026-07-03,2026,7,2026-07,2026-07-01,3,Friday,0,ST001,Market_1,Kazan,PR009,Product_9,Dairy,8,1177.28,796.32,380.9599999999999,8,0,0.0,1177.28,1.0,30,0,0,1
2026-07-04,2026,7,2026-07,2026-07-01,4,Saturday,1,ST001,Market_1,Kazan,PR009,Product_9,Dairy,8,1177.28,796.32,380.9599999999999,8,0,0.0,1177.28,1.0,22,0,0,1
2026-07-05,2026,7,2026-07,2026-07-01,5,Sunday,1,ST001,Market_1,Kazan,PR009,Product_9,Dairy,9,1324.44,895.86,428.58000000000004,9,0,0.0,1324.44,1.0,13,0,0,1
2026-07-06,2026,7,2026-07,2026-07-01,6,Monday,0,ST001,Market_1,Kazan,PR009,Product_9,Dairy,8,1177.28,796.32,380.9599999999999,8,0,0.0,1177.28,1.0,5,0,0,1
2026-07-07,2026,7,2026-07,2026-07-01,7,Tuesday,0,ST001,Market_1,Kazan,PR009,Product_9,Dairy,5,735.8,497.70000000000005,238.0999999999999,8,3,441.48,1177.28,0.625,0,84,1,0
2026-07-08,2026,7,2026-07,2026-07-01,8,Wednesday,0,ST001,Market_1,Kazan,PR009,Product_9,Dairy,0,0.0,0.0,0.0,7,7,1030.12,1030.12,0.0,0,0,1,0
2026-07-09,2026,7,2026-07,2026-07-01,9,Thursday,0,ST001,Market_1,Kazan,PR009,Product_9,Dairy,8,1177.28,796.32,380.9599999999999,8,0,0.0,1177.28,1.0,76,0,0,1
2026-07-10,2026,7,2026-07,2026-07-01,10,Friday,0,ST001,Market_1,Kazan,PR009,Product_9,Dairy,11,1618.76,1094.94,523.8199999999999,11,0,0.0,1618.76,1.0,65,0,0,1
2026-07-11,2026,7,2026-07,2026-07-01,11,Saturday,1,ST001,Market_1,Kazan,PR009,Product_9,Dairy,10,1471.6,995.4000000000001,476.1999999999998,10,0,0.0,1471.6,1.0,55,0,0,1
2026-07-12,2026,7,2026-07,2026-07-01,12,Sunday,1,ST001,Market_1,Kazan,PR009,Product_9,Dairy,9,1324.44,895.86,428.58000000000004,9,0,0.0,1324.44,1.0,46,0,0,1
2026-07-13,2026,7,2026-07,2026-07-01,13,Monday,0,ST001,Market_1,Kazan,PR009,Product_9,Dairy,5,735.8,497.70000000000005,238.0999999999999,5,0,0.0,735.8,1.0,41,0,0,1
2026-07-14,2026,7,2026-07,2026-07-01,14,Tuesday,0,ST001,Market_1,Kazan,PR009,Product_9,Dairy,4,588.64,398.16,190.47999999999996,4,0,0.0,588.64,1.0,37,0,0,1
2026-07-15,2026,7,2026-07,2026-07-01,15,Wednesday,0,ST001,Market_1,Kazan,PR009,Product_9,Dairy,8,1177.28,796.32,380.9599999999999,8,0,0.0,1177.28,1.0,29,0,0,1
2026-07-16,2026,7,2026-07,2026-07-01,16,Thursday,0,ST001,Market_1,Kazan,PR009,Product_9,Dairy,4,588.64,398.16,190.47999999999996,4,0,0.0,588.64,1.0,25,0,0,1
2026-07-17,2026,7,2026-07,2026-07-01,17,Friday,0,ST001,Market_1,Kazan,PR009,Product_9,Dairy,6,882.96,597.24,285.72,6,0,0.0,882.96,1.0,19,0,0,1
2026-07-18,2026,7,2026-07,2026-07-01,18,Saturday,1,ST001,Market_1,Kazan,PR009,Product_9,Dairy,6,882.96,597.24,285.72,6,0,0.0,882.96,1.0,13,0,0,1
2026-07-19,2026,7,2026-07,2026-07-01,19,Sunday,1,ST001,Market_1,Kazan,PR009,Product_9,Dairy,12,1765.92,1194.48,571.44,12,0,0.0,1765.92,1.0,1,84,0,1
2026-07-20,2026,7,2026-07,2026-07-01,20,Monday,0,ST001,Market_1,Kazan,PR009,Product_9,Dairy,1,147.16,99.54,47.61999999999999,7,6,882.96,1030.12,0.14285714285714285,0,0,1,0
2026-07-21,2026,7,2026-07,2026-07-01,21,Tuesday,0,ST001,Market_1,Kazan,PR009,Product_9,Dairy,9,1324.44,895.86,428.58000000000004,9,0,0.0,1324.44,1.0,75,0,0,1
2026-07-22,2026,7,2026-07,2026-07-01,22,Wednesday,0,ST001,Market_1,Kazan,PR009,Product_9,Dairy,4,588.64,398.16,190.47999999999996,4,0,0.0,588.64,1.0,71,0,0,1
2026-07-23,2026,7,2026-07,2026-07-01,23,Thursday,0,ST001,Market_1,Kazan,PR009,Product_9,Dairy,2,294.32,199.08,95.23999999999998,2,0,0.0,294.32,1.0,69,0,0,1
2026-07-24,2026,7,2026-07,2026-07-01,24,Friday,0,ST001,Market_1,Kazan,PR009,Product_9,Dairy,4,588.64,398.16,190.47999999999996,4,0,0.0,588.64,1.0,65,0,0,1
2026-07-25,2026,7,2026-07,2026-07-01,25,Saturday,1,ST001,Market_1,Kazan,PR009,Product_9,Dairy,4,588.64,398.16,190.47999999999996,4,0,0.0,588.64,1.0,61,0,0,1
2026-07-26,2026,7,2026-07,2026-07-01,26,Sunday,1,ST001,Market_1,Kazan,PR009,Product_9,Dairy,11,1618.76,1094.94,523.8199999999999,11,0,0.0,1618.76,1.0,50,0,0,1
2026-07-27,2026,7,2026-07,2026-07-01,27,Monday,0,ST001,Market_1,Kazan,PR009,Product_9,Dairy,5,735.8,497.70000000000005,238.0999999999999,5,0,0.0,735.8,1.0,45,0,0,1
2026-07-28,2026,7,2026-07,2026-07-01,28,Tuesday,0,ST001,Market_1,Kazan,PR009,Product_9,Dairy,8,1177.28,796.32,380.9599999999999,8,0,0.0,1177.28,1.0,37,0,0,1
2026-07-29,2026,7,2026-07,2026-07-01,29,Wednesday,0,ST001,Market_1,Kazan,PR009,Product_9,Dairy,6,882.96,597.24,285.72,6,0,0.0,882.96,1.0,31,0,0,1
2026-07-30,2026,7,2026-07,2026-07-01,30,Thursday,0,ST001,Market_1,Kazan,PR009,Product_9,Dairy,4,588.64,398.16,190.47999999999996,4,0,0.0,588.64,1.0,27,0,0,1
2026-07-31,2026,7,2026-07,2026-07-01,31,Friday,0,ST001,Market_1,Kazan,PR009,Product_9,Dairy,9,1324.44,895.86,428.58000000000004,9,0,0.0,1324.44,1.0,18,0,0,1
2026-08-01,2026,8,2026-08,2026-08-01,1,Saturday,1,ST001,Market_1,Kazan,PR009,Product_9,Dairy,9,1324.44,895.86,428.58000000000004,9,0,0.0,1324.44,1.0,9,0,0,1
2026-08-02,2026,8,2026-08,2026-08-01,2,Sunday,1,ST001,Market_1,Kazan,PR009,Product_9,Dairy,6,882.96,597.24,285.72,6,0,0.0,882.96,1.0,3,84,0,1
2026-08-03,2026,8,2026-08,2026-08-01,3,Monday,0,ST001,Market_1,Kazan,PR009,Product_9,Dairy,3,441.48,298.62,142.86,3,0,0.0,441.48,1.0,0,0,1,0
2026-08-04,2026,8,2026-08,2026-08-01,4,Tuesday,0,ST001,Market_1,Kazan,PR009,Product_9,Dairy,1,147.16,99.54,47.61999999999999,1,0,0.0,147.16,1.0,83,0,0,1
2026-08-05,2026,8,2026-08,2026-08-01,5,Wednesday,0,ST001,Market_1,Kazan,PR009,Product_9,Dairy,5,735.8,497.70000000000005,238.0999999999999,5,0,0.0,735.8,1.0,78,0,0,1
2026-08-06,2026,8,2026-08,2026-08-01,6,Thursday,0,ST001,Market_1,Kazan,PR009,Product_9,Dairy,9,1324.44,895.86,428.58000000000004,9,0,0.0,1324.44,1.0,69,0,0,1
2026-08-07,2026,8,2026-08,2026-08-01,7,Friday,0,ST001,Market_1,Kazan,PR009,Product_9,Dairy,3,441.48,298.62,142.86,3,0,0.0,441.48,1.0,66,0,0,1
2026-08-08,2026,8,2026-08,2026-08-01,8,Saturday,1,ST001,Market_1,Kazan,PR009,Product_9,Dairy,5,735.8,497.70000000000005,238.0999999999999,5,0,0.0,735.8,1.0,61,0,0,1
2026-08-09,2026,8,2026-08,2026-08-01,9,Sunday,1,ST001,Market_1,Kazan,PR009,Product_9,Dairy,2,294.32,199.08,95.23999999999998,2,0,0.0,294.32,1.0,59,0,0,1
2026-08-10,2026,8,2026-08,2026-08-01,10,Monday,0,ST001,Market_1,Kazan,PR009,Product_9,Dairy,8,1177.28,796.32,380.9599999999999,8,0,0.0,1177.28,1.0,51,0,0,1
2026-08-11,2026,8,2026-08,2026-08-01,11,Tuesday,0,ST001,Market_1,Kazan,PR009,Product_9,Dairy,3,441.48,298.62,142.86,3,0,0.0,441.48,1.0,48,0,0,1
2026-08-12,2026,8,2026-08,2026-08-01,12,Wednesday,0,ST001,Market_1,Kazan,PR009,Product_9,Dairy,10,1471.6,995.4000000000001,476.1999999999998,10,0,0.0,1471.6,1.0,38,0,0,1
2026-08-13,2026,8,2026-08,2026-08-01,13,Thursday,0,ST001,Market_1,Kazan,PR009,Product_9,Dairy,3,441.48,298.62,142.86,3,0,0.0,441.48,1.0,35,0,0,1
2026-08-14,2026,8,2026-08,2026-08-01,14,Friday,0,ST001,Market_1,Kazan,PR009,Product_9,Dairy,8,1177.28,796.32,380.9599999999999,8,0,0.0,1177.28,1.0,27,0,0,1
2026-08-15,2026,8,2026-08,2026-08-01,15,Saturday,1,ST001,Market_1,Kazan,PR009,Product_9,Dairy,8,1177.28,796.32,380.9599999999999,8,0,0.0,1177.28,1.0,19,0,0,1
2026-08-16,2026,8,2026-08,2026-08-01,16,Sunday,1,ST001,Market_1,Kazan,PR009,Product_9,Dairy,8,1177.28,796.32,380.9599999999999,8,0,0.0,1177.28,1.0,11,0,0,1
2026-08-17,2026,8,2026-08,2026-08-01,17,Monday,0,ST001,Market_1,Kazan,PR009,Product_9,Dairy,5,735.8,497.70000000000005,238.0999999999999,5,0,0.0,735.8,1.0,6,84,0,1
2026-08-18,2026,8,2026-08,2026-08-01,18,Tuesday,0,ST001,Market_1,Kazan,PR009,Product_9,Dairy,3,441.48,298.62,142.86,3,0,0.0,441.48,1.0,3,0,0,1
2026-08-19,2026,8,2026-08,2026-08-01,19,Wednesday,0,ST001,Market_1,Kazan,PR009,Product_9,Dairy,13,1913.08,1294.02,619.06,13,0,0.0,1913.08,1.0,74,0,0,1
2026-08-20,2026,8,2026-08,2026-08-01,20,Thursday,0,ST001,Market_1,Kazan,PR009,Product_9,Dairy,9,1324.44,895.86,428.58000000000004,9,0,0.0,1324.44,1.0,65,0,0,1
2026-08-21,2026,8,2026-08,2026-08-01,21,Friday,0,ST001,Market_1,Kazan,PR009,Product_9,Dairy,8,1177.28,796.32,380.9599999999999,8,0,0.0,1177.28,1.0,57,0,0,1
2026-08-22,2026,8,2026-08,2026-08-01,22,Saturday,1,ST001,Market_1,Kazan,PR009,Product_9,Dairy,4,588.64,398.16,190.47999999999996,4,0,0.0,588.64,1.0,53,0,0,1
2026-08-23,2026,8,2026-08,2026-08-01,23,Sunday,1,ST001,Market_1,Kazan,PR009,Product_9,Dairy,8,1177.28,796.32,380.9599999999999,8,0,0.0,1177.28,1.0,45,0,0,1
2026-08-24,2026,8,2026-08,2026-08-01,24,Monday,0,ST001,Market_1,Kazan,PR009,Product_9,Dairy,4,588.64,398.16,190.47999999999996,4,0,0.0,588.64,1.0,41,0,0,1
2026-08-25,2026,8,2026-08,2026-08-01,25,Tuesday,0,ST001,Market_1,Kazan,PR009,Product_9,Dairy,6,882.96,597.24,285.72,6,0,0.0,882.96,1.0,35,0,0,1
2026-08-26,2026,8,2026-08,2026-08-01,26,Wednesday,0,ST001,Market_1,Kazan,PR009,Product_9,Dairy,9,1324.44,895.86,428.58000000000004,9,0,0.0,1324.44,1.0,26,0,0,1
2026-08-27,2026,8,2026-08,2026-08-01,27,Thursday,0,ST001,Market_1,Kazan,PR009,Product_9,Dairy,5,735.8,497.70000000000005,238.0999999999999,5,0,0.0,735.8,1.0,21,0,0,1
2026-08-28,2026,8,2026-08,2026-08-01,28,Friday,0,ST001,Market_1,Kazan,PR009,Product_9,Dairy,2,294.32,199.08,95.23999999999998,2,0,0.0,294.32,1.0,19,0,0,1
2026-08-29,2026,8,2026-08,2026-08-01,29,Saturday,1,ST001,Market_1,Kazan,PR009,Product_9,Dairy,11,1618.76,1094.94,523.8199999999999,11,0,0.0,1618.76,1.0,8,84,0,1
2026-08-30,2026,8,2026-08,2026-08-01,30,Sunday,1,ST001,Market_1,Kazan,PR009,Product_9,Dairy,8,1177.28,796.32,380.9599999999999,11,3,441.48,1618.76,0.7272727272727273,0,0,1,0
2026-08-31,2026,8,2026-08,2026-08-01,31,Monday,0,ST001,Market_1,Kazan,PR009,Product_9,Dairy,3,441.48,298.62,142.86,3,0,0.0,441.48,1.0,81,0,0,1
2026-09-01,2026,9,2026-09,2026-09-01,1,Tuesday,0,ST001,Market_1,Kazan,PR009,Product_9,Dairy,9,1324.44,895.86,428.58000000000004,9,0,0.0,1324.44,1.0,72,0,0,1
2026-09-02,2026,9,2026-09,2026-09-01,2,Wednesday,0,ST001,Market_1,Kazan,PR009,Product_9,Dairy,3,441.48,298.62,142.86,3,0,0.0,441.48,1.0,69,0,0,1
2026-09-03,2026,9,2026-09,2026-09-01,3,Thursday,0,ST001,Market_1,Kazan,PR009,Product_9,Dairy,1,147.16,99.54,47.61999999999999,1,0,0.0,147.16,1.0,68,0,0,1
2026-09-04,2026,9,2026-09,2026-09-01,4,Friday,0,ST001,Market_1,Kazan,PR009,Product_9,Dairy,5,735.8,497.70000000000005,238.0999999999999,5,0,0.0,735.8,1.0,63,0,0,1
2026-09-05,2026,9,2026-09,2026-09-01,5,Saturday,1,ST001,Market_1,Kazan,PR009,Product_9,Dairy,2,294.32,199.08,95.23999999999998,2,0,0.0,294.32,1.0,61,0,0,1
2026-09-06,2026,9,2026-09,2026-09-01,6,Sunday,1,ST001,Market_1,Kazan,PR009,Product_9,Dairy,12,1765.92,1194.48,571.44,12,0,0.0,1765.92,1.0,49,0,0,1
2026-09-07,2026,9,2026-09,2026-09-01,7,Monday,0,ST001,Market_1,Kazan,PR009,Product_9,Dairy,10,1471.6,995.4000000000001,476.1999999999998,10,0,0.0,1471.6,1.0,39,0,0,1
2026-06-10,2026,6,2026-06,2026-06-01,10,Wednesday,0,ST001,Market_1,Kazan,PR010,Product_10,Dairy,28,1538.04,1067.64,470.39999999999986,28,0,0.0,1538.04,1.0,308,0,0,1
2026-06-11,2026,6,2026-06,2026-06-01,11,Thursday,0,ST001,Market_1,Kazan,PR010,Product_10,Dairy,35,1922.55,1334.5500000000002,587.9999999999998,35,0,0.0,1922.55,1.0,273,0,0,1
2026-06-12,2026,6,2026-06,2026-06-01,12,Friday,0,ST001,Market_1,Kazan,PR010,Product_10,Dairy,20,1098.6,762.6,335.9999999999999,20,0,0.0,1098.6,1.0,253,0,0,1
2026-06-13,2026,6,2026-06,2026-06-01,13,Saturday,1,ST001,Market_1,Kazan,PR010,Product_10,Dairy,30,1647.9,1143.9,504.0,30,0,0.0,1647.9,1.0,223,0,0,1
2026-06-14,2026,6,2026-06,2026-06-01,14,Sunday,1,ST001,Market_1,Kazan,PR010,Product_10,Dairy,38,2087.34,1448.94,638.4000000000001,38,0,0.0,2087.34,1.0,185,0,0,1
2026-06-15,2026,6,2026-06,2026-06-01,15,Monday,0,ST001,Market_1,Kazan,PR010,Product_10,Dairy,24,1318.32,915.1200000000001,403.1999999999998,24,0,0.0,1318.32,1.0,161,0,0,1
2026-06-16,2026,6,2026-06,2026-06-01,16,Tuesday,0,ST001,Market_1,Kazan,PR010,Product_10,Dairy,22,1208.46,838.86,369.6,22,0,0.0,1208.46,1.0,139,0,0,1
2026-06-17,2026,6,2026-06,2026-06-01,17,Wednesday,0,ST001,Market_1,Kazan,PR010,Product_10,Dairy,29,1592.97,1105.77,487.20000000000005,29,0,0.0,1592.97,1.0,110,0,0,1
2026-06-18,2026,6,2026-06,2026-06-01,18,Thursday,0,ST001,Market_1,Kazan,PR010,Product_10,Dairy,27,1483.11,1029.51,453.5999999999999,27,0,0.0,1483.11,1.0,83,0,0,1
2026-06-19,2026,6,2026-06,2026-06-01,19,Friday,0,ST001,Market_1,Kazan,PR010,Product_10,Dairy,32,1757.76,1220.16,537.5999999999999,32,0,0.0,1757.76,1.0,51,0,0,1
2026-06-20,2026,6,2026-06,2026-06-01,20,Saturday,1,ST001,Market_1,Kazan,PR010,Product_10,Dairy,29,1592.97,1105.77,487.20000000000005,29,0,0.0,1592.97,1.0,22,336,0,1
2026-06-21,2026,6,2026-06,2026-06-01,21,Sunday,1,ST001,Market_1,Kazan,PR010,Product_10,Dairy,22,1208.46,838.86,369.6,28,6,329.58,1538.04,0.7857142857142857,0,0,1,0
2026-06-22,2026,6,2026-06,2026-06-01,22,Monday,0,ST001,Market_1,Kazan,PR010,Product_10,Dairy,30,1647.9,1143.9,504.0,30,0,0.0,1647.9,1.0,306,0,0,1
2026-06-23,2026,6,2026-06,2026-06-01,23,Tuesday,0,ST001,Market_1,Kazan,PR010,Product_10,Dairy,27,1483.11,1029.51,453.5999999999999,27,0,0.0,1483.11,1.0,279,0,0,1
2026-06-24,2026,6,2026-06,2026-06-01,24,Wednesday,0,ST001,Market_1,Kazan,PR010,Product_10,Dairy,34,1867.62,1296.42,571.1999999999998,34,0,0.0,1867.62,1.0,245,0,0,1
2026-06-25,2026,6,2026-06,2026-06-01,25,Thursday,0,ST001,Market_1,Kazan,PR010,Product_10,Dairy,22,1208.46,838.86,369.6,22,0,0.0,1208.46,1.0,223,0,0,1
2026-06-26,2026,6,2026-06,2026-06-01,26,Friday,0,ST001,Market_1,Kazan,PR010,Product_10,Dairy,28,1538.04,1067.64,470.39999999999986,28,0,0.0,1538.04,1.0,195,0,0,1
2026-06-27,2026,6,2026-06,2026-06-01,27,Saturday,1,ST001,Market_1,Kazan,PR010,Product_10,Dairy,32,1757.76,1220.16,537.5999999999999,32,0,0.0,1757.76,1.0,163,0,0,1
2026-06-28,2026,6,2026-06,2026-06-01,28,Sunday,1,ST001,Market_1,Kazan,PR010,Product_10,Dairy,40,2197.2,1525.2,671.9999999999998,40,0,0.0,2197.2,1.0,123,0,0,1
2026-06-29,2026,6,2026-06,2026-06-01,29,Monday,0,ST001,Market_1,Kazan,PR010,Product_10,Dairy,23,1263.39,876.99,386.4000000000001,23,0,0.0,1263.39,1.0,100,0,0,1
2026-06-30,2026,6,2026-06,2026-06-01,30,Tuesday,0,ST001,Market_1,Kazan,PR010,Product_10,Dairy,27,1483.11,1029.51,453.5999999999999,27,0,0.0,1483.11,1.0,73,0,0,1
2026-07-01,2026,7,2026-07,2026-07-01,1,Wednesday,0,ST001,Market_1,Kazan,PR010,Product_10,Dairy,27,1483.11,1029.51,453.5999999999999,27,0,0.0,1483.11,1.0,46,0,0,1
2026-07-02,2026,7,2026-07,2026-07-01,2,Thursday,0,ST001,Market_1,Kazan,PR010,Product_10,Dairy,19,1043.67,724.47,319.20000000000005,19,0,0.0,1043.67,1.0,27,336,0,1
2026-07-03,2026,7,2026-07,2026-07-01,3,Friday,0,ST001,Market_1,Kazan,PR010,Product_10,Dairy,25,1373.25,953.2500000000001,419.9999999999999,25,0,0.0,1373.25,1.0,2,0,0,1
2026-07-04,2026,7,2026-07,2026-07-01,4,Saturday,1,ST001,Market_1,Kazan,PR010,Product_10,Dairy,26,1428.18,991.3800000000001,436.79999999999995,26,0,0.0,1428.18,1.0,312,0,0,1
2026-07-05,2026,7,2026-07,2026-07-01,5,Sunday,1,ST001,Market_1,Kazan,PR010,Product_10,Dairy,27,1483.11,1029.51,453.5999999999999,27,0,0.0,1483.11,1.0,285,0,0,1
2026-07-06,2026,7,2026-07,2026-07-01,6,Monday,0,ST001,Market_1,Kazan,PR010,Product_10,Dairy,21,1153.53,800.73,352.79999999999995,21,0,0.0,1153.53,1.0,264,0,0,1
2026-07-07,2026,7,2026-07,2026-07-01,7,Tuesday,0,ST001,Market_1,Kazan,PR010,Product_10,Dairy,27,1483.11,1029.51,453.5999999999999,27,0,0.0,1483.11,1.0,237,0,0,1
2026-07-08,2026,7,2026-07,2026-07-01,8,Wednesday,0,ST001,Market_1,Kazan,PR010,Product_10,Dairy,20,1098.6,762.6,335.9999999999999,20,0,0.0,1098.6,1.0,217,0,0,1
2026-07-09,2026,7,2026-07,2026-07-01,9,Thursday,0,ST001,Market_1,Kazan,PR010,Product_10,Dairy,25,1373.25,953.2500000000001,419.9999999999999,25,0,0.0,1373.25,1.0,192,0,0,1
2026-07-10,2026,7,2026-07,2026-07-01,10,Friday,0,ST001,Market_1,Kazan,PR010,Product_10,Dairy,32,1757.76,1220.16,537.5999999999999,32,0,0.0,1757.76,1.0,160,0,0,1
2026-07-11,2026,7,2026-07,2026-07-01,11,Saturday,1,ST001,Market_1,Kazan,PR010,Product_10,Dairy,37,2032.41,1410.8100000000002,621.5999999999999,37,0,0.0,2032.41,1.0,123,0,0,1
2026-07-12,2026,7,2026-07,2026-07-01,12,Sunday,1,ST001,Market_1,Kazan,PR010,Product_10,Dairy,34,1867.62,1296.42,571.1999999999998,34,0,0.0,1867.62,1.0,89,0,0,1
2026-07-13,2026,7,2026-07,2026-07-01,13,Monday,0,ST001,Market_1,Kazan,PR010,Product_10,Dairy,21,1153.53,800.73,352.79999999999995,21,0,0.0,1153.53,1.0,68,0,0,1
2026-07-14,2026,7,2026-07,2026-07-01,14,Tuesday,0,ST001,Market_1,Kazan,PR010,Product_10,Dairy,26,1428.18,991.3800000000001,436.79999999999995,26,0,0.0,1428.18,1.0,42,0,0,1
2026-07-15,2026,7,2026-07,2026-07-01,15,Wednesday,0,ST001,Market_1,Kazan,PR010,Product_10,Dairy,28,1538.04,1067.64,470.39999999999986,28,0,0.0,1538.04,1.0,14,336,0,1
2026-07-16,2026,7,2026-07,2026-07-01,16,Thursday,0,ST001,Market_1,Kazan,PR010,Product_10,Dairy,14,769.02,533.82,235.19999999999993,15,1,54.93,823.95,0.9333333333333333,0,0,1,0
2026-07-17,2026,7,2026-07,2026-07-01,17,Friday,0,ST001,Market_1,Kazan,PR010,Product_10,Dairy,21,1153.53,800.73,352.79999999999995,21,0,0.0,1153.53,1.0,315,0,0,1
2026-07-18,2026,7,2026-07,2026-07-01,18,Saturday,1,ST001,Market_1,Kazan,PR010,Product_10,Dairy,37,2032.41,1410.8100000000002,621.5999999999999,37,0,0.0,2032.41,1.0,278,0,0,1
2026-07-19,2026,7,2026-07,2026-07-01,19,Sunday,1,ST001,Market_1,Kazan,PR010,Product_10,Dairy,21,1153.53,800.73,352.79999999999995,21,0,0.0,1153.53,1.0,257,0,0,1
2026-07-20,2026,7,2026-07,2026-07-01,20,Monday,0,ST001,Market_1,Kazan,PR010,Product_10,Dairy,34,1867.62,1296.42,571.1999999999998,34,0,0.0,1867.62,1.0,223,0,0,1
2026-07-21,2026,7,2026-07,2026-07-01,21,Tuesday,0,ST001,Market_1,Kazan,PR010,Product_10,Dairy,26,1428.18,991.3800000000001,436.79999999999995,26,0,0.0,1428.18,1.0,197,0,0,1
2026-07-22,2026,7,2026-07,2026-07-01,22,Wednesday,0,ST001,Market_1,Kazan,PR010,Product_10,Dairy,19,1043.67,724.47,319.20000000000005,19,0,0.0,1043.67,1.0,178,0,0,1
2026-07-23,2026,7,2026-07,2026-07-01,23,Thursday,0,ST001,Market_1,Kazan,PR010,Product_10,Dairy,28,1538.04,1067.64,470.39999999999986,28,0,0.0,1538.04,1.0,150,0,0,1
2026-07-24,2026,7,2026-07,2026-07-01,24,Friday,0,ST001,Market_1,Kazan,PR010,Product_10,Dairy,21,1153.53,800.73,352.79999999999995,21,0,0.0,1153.53,1.0,129,0,0,1
2026-07-25,2026,7,2026-07,2026-07-01,25,Saturday,1,ST001,Market_1,Kazan,PR010,Product_10,Dairy,23,1263.39,876.99,386.4000000000001,23,0,0.0,1263.39,1.0,106,0,0,1
2026-07-26,2026,7,2026-07,2026-07-01,26,Sunday,1,ST001,Market_1,Kazan,PR010,Product_10,Dairy,25,1373.25,953.2500000000001,419.9999999999999,25,0,0.0,1373.25,1.0,81,0,0,1
2026-07-27,2026,7,2026-07,2026-07-01,27,Monday,0,ST001,Market_1,Kazan,PR010,Product_10,Dairy,28,1538.04,1067.64,470.39999999999986,28,0,0.0,1538.04,1.0,53,0,0,1
2026-07-28,2026,7,2026-07,2026-07-01,28,Tuesday,0,ST001,Market_1,Kazan,PR010,Product_10,Dairy,23,1263.39,876.99,386.4000000000001,23,0,0.0,1263.39,1.0,30,336,0,1
2026-07-29,2026,7,2026-07,2026-07-01,29,Wednesday,0,ST001,Market_1,Kazan,PR010,Product_10,Dairy,22,1208.46,838.86,369.6,22,0,0.0,1208.46,1.0,8,0,0,1
2026-07-30,2026,7,2026-07,2026-07-01,30,Thursday,0,ST001,Market_1,Kazan,PR010,Product_10,Dairy,19,1043.67,724.47,319.20000000000005,19,0,0.0,1043.67,1.0,325,0,0,1
2026-07-31,2026,7,2026-07,2026-07-01,31,Friday,0,ST001,Market_1,Kazan,PR010,Product_10,Dairy,20,1098.6,762.6,335.9999999999999,20,0,0.0,1098.6,1.0,305,0,0,1
2026-08-01,2026,8,2026-08,2026-08-01,1,Saturday,1,ST001,Market_1,Kazan,PR010,Product_10,Dairy,35,1922.55,1334.5500000000002,587.9999999999998,35,0,0.0,1922.55,1.0,270,0,0,1
2026-08-02,2026,8,2026-08,2026-08-01,2,Sunday,1,ST001,Market_1,Kazan,PR010,Product_10,Dairy,30,1647.9,1143.9,504.0,30,0,0.0,1647.9,1.0,240,0,0,1
2026-08-03,2026,8,2026-08,2026-08-01,3,Monday,0,ST001,Market_1,Kazan,PR010,Product_10,Dairy,25,1373.25,953.2500000000001,419.9999999999999,25,0,0.0,1373.25,1.0,215,0,0,1
2026-08-04,2026,8,2026-08,2026-08-01,4,Tuesday,0,ST001,Market_1,Kazan,PR010,Product_10,Dairy,26,1428.18,991.3800000000001,436.79999999999995,26,0,0.0,1428.18,1.0,189,0,0,1
2026-08-05,2026,8,2026-08,2026-08-01,5,Wednesday,0,ST001,Market_1,Kazan,PR010,Product_10,Dairy,20,1098.6,762.6,335.9999999999999,20,0,0.0,1098.6,1.0,169,0,0,1
2026-08-06,2026,8,2026-08,2026-08-01,6,Thursday,0,ST001,Market_1,Kazan,PR010,Product_10,Dairy,27,1483.11,1029.51,453.5999999999999,27,0,0.0,1483.11,1.0,142,0,0,1
2026-08-07,2026,8,2026-08,2026-08-01,7,Friday,0,ST001,Market_1,Kazan,PR010,Product_10,Dairy,21,1153.53,800.73,352.79999999999995,21,0,0.0,1153.53,1.0,121,0,0,1
2026-08-08,2026,8,2026-08,2026-08-01,8,Saturday,1,ST001,Market_1,Kazan,PR010,Product_10,Dairy,35,1922.55,1334.5500000000002,587.9999999999998,35,0,0.0,1922.55,1.0,86,0,0,1
2026-08-09,2026,8,2026-08,2026-08-01,9,Sunday,1,ST001,Market_1,Kazan,PR010,Product_10,Dairy,46,2526.78,1753.98,772.8000000000002,46,0,0.0,2526.78,1.0,40,0,0,1
2026-08-10,2026,8,2026-08,2026-08-01,10,Monday,0,ST001,Market_1,Kazan,PR010,Product_10,Dairy,19,1043.67,724.47,319.20000000000005,19,0,0.0,1043.67,1.0,21,336,0,1
2026-08-11,2026,8,2026-08,2026-08-01,11,Tuesday,0,ST001,Market_1,Kazan,PR010,Product_10,Dairy,21,1153.53,800.73,352.79999999999995,27,6,329.58,1483.11,0.7777777777777778,0,0,1,0
2026-08-12,2026,8,2026-08,2026-08-01,12,Wednesday,0,ST001,Market_1,Kazan,PR010,Product_10,Dairy,23,1263.39,876.99,386.4000000000001,23,0,0.0,1263.39,1.0,313,0,0,1
2026-08-13,2026,8,2026-08,2026-08-01,13,Thursday,0,ST001,Market_1,Kazan,PR010,Product_10,Dairy,25,1373.25,953.2500000000001,419.9999999999999,25,0,0.0,1373.25,1.0,288,0,0,1
2026-08-14,2026,8,2026-08,2026-08-01,14,Friday,0,ST001,Market_1,Kazan,PR010,Product_10,Dairy,23,1263.39,876.99,386.4000000000001,23,0,0.0,1263.39,1.0,265,0,0,1
2026-08-15,2026,8,2026-08,2026-08-01,15,Saturday,1,ST001,Market_1,Kazan,PR010,Product_10,Dairy,32,1757.76,1220.16,537.5999999999999,32,0,0.0,1757.76,1.0,233,0,0,1
2026-08-16,2026,8,2026-08,2026-08-01,16,Sunday,1,ST001,Market_1,Kazan,PR010,Product_10,Dairy,28,1538.04,1067.64,470.39999999999986,28,0,0.0,1538.04,1.0,205,0,0,1
2026-08-17,2026,8,2026-08,2026-08-01,17,Monday,0,ST001,Market_1,Kazan,PR010,Product_10,Dairy,42,2307.06,1601.46,705.5999999999999,42,0,0.0,2307.06,1.0,163,0,0,1
2026-08-18,2026,8,2026-08,2026-08-01,18,Tuesday,0,ST001,Market_1,Kazan,PR010,Product_10,Dairy,16,878.88,610.08,268.79999999999995,16,0,0.0,878.88,1.0,147,0,0,1
2026-08-19,2026,8,2026-08,2026-08-01,19,Wednesday,0,ST001,Market_1,Kazan,PR010,Product_10,Dairy,32,1757.76,1220.16,537.5999999999999,32,0,0.0,1757.76,1.0,115,0,0,1
2026-08-20,2026,8,2026-08,2026-08-01,20,Thursday,0,ST001,Market_1,Kazan,PR010,Product_10,Dairy,20,1098.6,762.6,335.9999999999999,20,0,0.0,1098.6,1.0,95,0,0,1
2026-08-21,2026,8,2026-08,2026-08-01,21,Friday,0,ST001,Market_1,Kazan,PR010,Product_10,Dairy,27,1483.11,1029.51,453.5999999999999,27,0,0.0,1483.11,1.0,68,0,0,1
2026-08-22,2026,8,2026-08,2026-08-01,22,Saturday,1,ST001,Market_1,Kazan,PR010,Product_10,Dairy,35,1922.55,1334.5500000000002,587.9999999999998,35,0,0.0,1922.55,1.0,33,0,0,1
2026-08-23,2026,8,2026-08,2026-08-01,23,Sunday,1,ST001,Market_1,Kazan,PR010,Product_10,Dairy,33,1812.69,1258.2900000000002,554.3999999999999,36,3,164.79,1977.48,0.9166666666666666,0,336,1,0
2026-08-24,2026,8,2026-08,2026-08-01,24,Monday,0,ST001,Market_1,Kazan,PR010,Product_10,Dairy,0,0.0,0.0,0.0,27,27,1483.11,1483.11,0.0,0,0,1,0
2026-08-25,2026,8,2026-08,2026-08-01,25,Tuesday,0,ST001,Market_1,Kazan,PR010,Product_10,Dairy,28,1538.04,1067.64,470.39999999999986,28,0,0.0,1538.04,1.0,308,0,0,1
2026-08-26,2026,8,2026-08,2026-08-01,26,Wednesday,0,ST001,Market_1,Kazan,PR010,Product_10,Dairy,20,1098.6,762.6,335.9999999999999,20,0,0.0,1098.6,1.0,288,0,0,1
2026-08-27,2026,8,2026-08,2026-08-01,27,Thursday,0,ST001,Market_1,Kazan,PR010,Product_10,Dairy,20,1098.6,762.6,335.9999999999999,20,0,0.0,1098.6,1.0,268,0,0,1
2026-08-28,2026,8,2026-08,2026-08-01,28,Friday,0,ST001,Market_1,Kazan,PR010,Product_10,Dairy,14,769.02,533.82,235.19999999999993,14,0,0.0,769.02,1.0,254,0,0,1
2026-08-29,2026,8,2026-08,2026-08-01,29,Saturday,1,ST001,Market_1,Kazan,PR010,Product_10,Dairy,38,2087.34,1448.94,638.4000000000001,38,0,0.0,2087.34,1.0,216,0,0,1
2026-08-30,2026,8,2026-08,2026-08-01,30,Sunday,1,ST001,Market_1,Kazan,PR010,Product_10,Dairy,37,2032.41,1410.8100000000002,621.5999999999999,37,0,0.0,2032.41,1.0,179,0,0,1
2026-08-31,2026,8,2026-08,2026-08-01,31,Monday,0,ST001,Market_1,Kazan,PR010,Product_10,Dairy,33,1812.69,1258.2900000000002,554.3999999999999,33,0,0.0,1812.69,1.0,146,0,0,1
2026-09-01,2026,9,2026-09,2026-09-01,1,Tuesday,0,ST001,Market_1,Kazan,PR010,Product_10,Dairy,19,1043.67,724.47,319.20000000000005,19,0,0.0,1043.67,1.0,127,0,0,1
2026-09-02,2026,9,2026-09,2026-09-01,2,Wednesday,0,ST001,Market_1,Kazan,PR010,Product_10,Dairy,28,1538.04,1067.64,470.39999999999986,28,0,0.0,1538.04,1.0,99,0,0,1
2026-09-03,2026,9,2026-09,2026-09-01,3,Thursday,0,ST001,Market_1,Kazan,PR010,Product_10,Dairy,24,1318.32,915.1200000000001,403.1999999999998,24,0,0.0,1318.32,1.0,75,0,0,1
2026-09-04,2026,9,2026-09,2026-09-01,4,Friday,0,ST001,Market_1,Kazan,PR010,Product_10,Dairy,22,1208.46,838.86,369.6,22,0,0.0,1208.46,1.0,53,0,0,1
2026-09-05,2026,9,2026-09,2026-09-01,5,Saturday,1,ST001,Market_1,Kazan,PR010,Product_10,Dairy,35,1922.55,1334.5500000000002,587.9999999999998,35,0,0.0,1922.55,1.0,18,336,0,1
2026-09-06,2026,9,2026-09,2026-09-01,6,Sunday,1,ST001,Market_1,Kazan,PR010,Product_10,Dairy,18,988.74,686.34,302.4,29,11,604.23,1592.97,0.6206896551724138,0,0,1,0
2026-09-07,2026,9,2026-09,2026-09-01,7,Monday,0,ST001,Market_1,Kazan,PR010,Product_10,Dairy,31,1702.83,1182.03,520.8,31,0,0.0,1702.83,1.0,305,0,0,1
2026-06-10,2026,6,2026-06,2026-06-01,10,Wednesday,0,ST001,Market_1,Kazan,PR011,Product_11,Household,23,2095.53,1333.54,761.9900000000002,23,0,0.0,2095.53,1.0,243,0,0,1
2026-06-11,2026,6,2026-06,2026-06-01,11,Thursday,0,ST001,Market_1,Kazan,PR011,Product_11,Household,21,1913.31,1217.58,695.73,21,0,0.0,1913.31,1.0,222,0,0,1
2026-06-12,2026,6,2026-06,2026-06-01,12,Friday,0,ST001,Market_1,Kazan,PR011,Product_11,Household,22,2004.42,1275.56,728.8600000000001,22,0,0.0,2004.42,1.0,200,0,0,1
2026-06-13,2026,6,2026-06,2026-06-01,13,Saturday,1,ST001,Market_1,Kazan,PR011,Product_11,Household,26,2368.86,1507.48,861.3800000000001,26,0,0.0,2368.86,1.0,174,0,0,1
2026-06-14,2026,6,2026-06,2026-06-01,14,Sunday,1,ST001,Market_1,Kazan,PR011,Product_11,Household,37,3371.07,2145.2599999999998,1225.8100000000004,37,0,0.0,3371.07,1.0,137,0,0,1
2026-06-15,2026,6,2026-06,2026-06-01,15,Monday,0,ST001,Market_1,Kazan,PR011,Product_11,Household,24,2186.64,1391.52,795.1199999999999,24,0,0.0,2186.64,1.0,113,0,0,1
2026-06-16,2026,6,2026-06,2026-06-01,16,Tuesday,0,ST001,Market_1,Kazan,PR011,Product_11,Household,18,1639.98,1043.6399999999999,596.3400000000001,18,0,0.0,1639.98,1.0,95,0,0,1
2026-06-17,2026,6,2026-06,2026-06-01,17,Wednesday,0,ST001,Market_1,Kazan,PR011,Product_11,Household,16,1457.76,927.68,530.08,16,0,0.0,1457.76,1.0,79,0,0,1
2026-06-18,2026,6,2026-06,2026-06-01,18,Thursday,0,ST001,Market_1,Kazan,PR011,Product_11,Household,10,911.1,579.8,331.30000000000007,10,0,0.0,911.1,1.0,69,0,0,1
2026-06-19,2026,6,2026-06,2026-06-01,19,Friday,0,ST001,Market_1,Kazan,PR011,Product_11,Household,27,2459.97,1565.4599999999998,894.51,27,0,0.0,2459.97,1.0,42,0,0,1
2026-06-20,2026,6,2026-06,2026-06-01,20,Saturday,1,ST001,Market_1,Kazan,PR011,Product_11,Household,31,2824.41,1797.3799999999999,1027.03,31,0,0.0,2824.41,1.0,11,266,0,1
2026-06-21,2026,6,2026-06,2026-06-01,21,Sunday,1,ST001,Market_1,Kazan,PR011,Product_11,Household,11,1002.21,637.78,364.43000000000006,29,18,1639.98,2642.19,0.3793103448275862,0,0,1,0
2026-06-22,2026,6,2026-06,2026-06-01,22,Monday,0,ST001,Market_1,Kazan,PR011,Product_11,Household,14,1275.54,811.7199999999999,463.82000000000005,14,0,0.0,1275.54,1.0,252,0,0,1
2026-06-23,2026,6,2026-06,2026-06-01,23,Tuesday,0,ST001,Market_1,Kazan,PR011,Product_11,Household,11,1002.21,637.78,364.43000000000006,11,0,0.0,1002.21,1.0,241,0,0,1
2026-06-24,2026,6,2026-06,2026-06-01,24,Wednesday,0,ST001,Market_1,Kazan,PR011,Product_11,Household,23,2095.53,1333.54,761.9900000000002,23,0,0.0,2095.53,1.0,218,0,0,1
2026-06-25,2026,6,2026-06,2026-06-01,25,Thursday,0,ST001,Market_1,Kazan,PR011,Product_11,Household,13,1184.43,753.74,430.69000000000005,13,0,0.0,1184.43,1.0,205,0,0,1
2026-06-26,2026,6,2026-06,2026-06-01,26,Friday,0,ST001,Market_1,Kazan,PR011,Product_11,Household,16,1457.76,927.68,530.08,16,0,0.0,1457.76,1.0,189,0,0,1
2026-06-27,2026,6,2026-06,2026-06-01,27,Saturday,1,ST001,Market_1,Kazan,PR011,Product_11,Household,27,2459.97,1565.4599999999998,894.51,27,0,0.0,2459.97,1.0,162,0,0,1
2026-06-28,2026,6,2026-06,2026-06-01,28,Sunday,1,ST001,Market_1,Kazan,PR011,Product_11,Household,24,2186.64,1391.52,795.1199999999999,24,0,0.0,2186.64,1.0,138,0,0,1
2026-06-29,2026,6,2026-06,2026-06-01,29,Monday,0,ST001,Market_1,Kazan,PR011,Product_11,Household,29,2642.19,1681.4199999999998,960.7700000000002,29,0,0.0,2642.19,1.0,109,0,0,1
2026-06-30,2026,6,2026-06,2026-06-01,30,Tuesday,0,ST001,Market_1,Kazan,PR011,Product_11,Household,17,1548.87,985.66,563.2099999999999,17,0,0.0,1548.87,1.0,92,0,0,1
2026-07-01,2026,7,2026-07,2026-07-01,1,Wednesday,0,ST001,Market_1,Kazan,PR011,Product_11,Household,12,1093.32,695.76,397.55999999999995,12,0,0.0,1093.32,1.0,80,0,0,1
2026-07-02,2026,7,2026-07,2026-07-01,2,Thursday,0,ST001,Market_1,Kazan,PR011,Product_11,Household,20,1822.2,1159.6,662.6000000000001,20,0,0.0,1822.2,1.0,60,0,0,1
2026-07-03,2026,7,2026-07,2026-07-01,3,Friday,0,ST001,Market_1,Kazan,PR011,Product_11,Household,15,1366.65,869.6999999999999,496.95000000000016,15,0,0.0,1366.65,1.0,45,0,0,1
2026-07-04,2026,7,2026-07,2026-07-01,4,Saturday,1,ST001,Market_1,Kazan,PR011,Product_11,Household,29,2642.19,1681.4199999999998,960.7700000000002,29,0,0.0,2642.19,1.0,16,266,0,1
2026-07-05,2026,7,2026-07,2026-07-01,5,Sunday,1,ST001,Market_1,Kazan,PR011,Product_11,Household,16,1457.76,927.68,530.08,33,17,1548.87,3006.63,0.48484848484848486,0,0,1,0
2026-07-06,2026,7,2026-07,2026-07-01,6,Monday,0,ST001,Market_1,Kazan,PR011,Product_11,Household,18,1639.98,1043.6399999999999,596.3400000000001,18,0,0.0,1639.98,1.0,248,0,0,1
2026-07-07,2026,7,2026-07,2026-07-01,7,Tuesday,0,ST001,Market_1,Kazan,PR011,Product_11,Household,14,1275.54,811.7199999999999,463.82000000000005,14,0,0.0,1275.54,1.0,234,0,0,1
2026-07-08,2026,7,2026-07,2026-07-01,8,Wednesday,0,ST001,Market_1,Kazan,PR011,Product_11,Household,14,1275.54,811.7199999999999,463.82000000000005,14,0,0.0,1275.54,1.0,220,0,0,1
2026-07-09,2026,7,2026-07,2026-07-01,9,Thursday,0,ST001,Market_1,Kazan,PR011,Product_11,Household,15,1366.65,869.6999999999999,496.95000000000016,15,0,0.0,1366.65,1.0,205,0,0,1
2026-07-10,2026,7,2026-07,2026-07-01,10,Friday,0,ST001,Market_1,Kazan,PR011,Product_11,Household,14,1275.54,811.7199999999999,463.82000000000005,14,0,0.0,1275.54,1.0,191,0,0,1
2026-07-11,2026,7,2026-07,2026-07-01,11,Saturday,1,ST001,Market_1,Kazan,PR011,Product_11,Household,30,2733.3,1739.3999999999999,993.9000000000003,30,0,0.0,2733.3,1.0,161,0,0,1
2026-07-12,2026,7,2026-07,2026-07-01,12,Sunday,1,ST001,Market_1,Kazan,PR011,Product_11,Household,27,2459.97,1565.4599999999998,894.51,27,0,0.0,2459.97,1.0,134,0,0,1
2026-07-13,2026,7,2026-07,2026-07-01,13,Monday,0,ST001,Market_1,Kazan,PR011,Product_11,Household,12,1093.32,695.76,397.55999999999995,12,0,0.0,1093.32,1.0,122,0,0,1
2026-07-14,2026,7,2026-07,2026-07-01,14,Tuesday,0,ST001,Market_1,Kazan,PR011,Product_11,Household,15,1366.65,869.6999999999999,496.95000000000016,15,0,0.0,1366.65,1.0,107,0,0,1
2026-07-15,2026,7,2026-07,2026-07-01,15,Wednesday,0,ST001,Market_1,Kazan,PR011,Product_11,Household,12,1093.32,695.76,397.55999999999995,12,0,0.0,1093.32,1.0,95,0,0,1
2026-07-16,2026,7,2026-07,2026-07-01,16,Thursday,0,ST001,Market_1,Kazan,PR011,Product_11,Household,19,1731.09,1101.62,629.47,19,0,0.0,1731.09,1.0,76,0,0,1
2026-07-17,2026,7,2026-07,2026-07-01,17,Friday,0,ST001,Market_1,Kazan,PR011,Product_11,Household,15,1366.65,869.6999999999999,496.95000000000016,15,0,0.0,1366.65,1.0,61,0,0,1
2026-07-18,2026,7,2026-07,2026-07-01,18,Saturday,1,ST001,Market_1,Kazan,PR011,Product_11,Household,25,2277.75,1449.5,828.25,25,0,0.0,2277.75,1.0,36,266,0,1
2026-07-19,2026,7,2026-07,2026-07-01,19,Sunday,1,ST001,Market_1,Kazan,PR011,Product_11,Household,28,2551.08,1623.4399999999998,927.6400000000001,28,0,0.0,2551.08,1.0,8,0,0,1
2026-07-20,2026,7,2026-07,2026-07-01,20,Monday,0,ST001,Market_1,Kazan,PR011,Product_11,Household,18,1639.98,1043.6399999999999,596.3400000000001,18,0,0.0,1639.98,1.0,256,0,0,1
2026-07-21,2026,7,2026-07,2026-07-01,21,Tuesday,0,ST001,Market_1,Kazan,PR011,Product_11,Household,19,1731.09,1101.62,629.47,19,0,0.0,1731.09,1.0,237,0,0,1
2026-07-22,2026,7,2026-07,2026-07-01,22,Wednesday,0,ST001,Market_1,Kazan,PR011,Product_11,Household,22,2004.42,1275.56,728.8600000000001,22,0,0.0,2004.42,1.0,215,0,0,1
2026-07-23,2026,7,2026-07,2026-07-01,23,Thursday,0,ST001,Market_1,Kazan,PR011,Product_11,Household,19,1731.09,1101.62,629.47,19,0,0.0,1731.09,1.0,196,0,0,1
2026-07-24,2026,7,2026-07,2026-07-01,24,Friday,0,ST001,Market_1,Kazan,PR011,Product_11,Household,25,2277.75,1449.5,828.25,25,0,0.0,2277.75,1.0,171,0,0,1
2026-07-25,2026,7,2026-07,2026-07-01,25,Saturday,1,ST001,Market_1,Kazan,PR011,Product_11,Household,27,2459.97,1565.4599999999998,894.51,27,0,0.0,2459.97,1.0,144,0,0,1
2026-07-26,2026,7,2026-07,2026-07-01,26,Sunday,1,ST001,Market_1,Kazan,PR011,Product_11,Household,28,2551.08,1623.4399999999998,927.6400000000001,28,0,0.0,2551.08,1.0,116,0,0,1
2026-07-27,2026,7,2026-07,2026-07-01,27,Monday,0,ST001,Market_1,Kazan,PR011,Product_11,Household,17,1548.87,985.66,563.2099999999999,17,0,0.0,1548.87,1.0,99,0,0,1
2026-07-28,2026,7,2026-07,2026-07-01,28,Tuesday,0,ST001,Market_1,Kazan,PR011,Product_11,Household,22,2004.42,1275.56,728.8600000000001,22,0,0.0,2004.42,1.0,77,0,0,1
2026-07-29,2026,7,2026-07,2026-07-01,29,Wednesday,0,ST001,Market_1,Kazan,PR011,Product_11,Household,18,1639.98,1043.6399999999999,596.3400000000001,18,0,0.0,1639.98,1.0,59,0,0,1
2026-07-30,2026,7,2026-07,2026-07-01,30,Thursday,0,ST001,Market_1,Kazan,PR011,Product_11,Household,15,1366.65,869.6999999999999,496.95000000000016,15,0,0.0,1366.65,1.0,44,0,0,1
2026-07-31,2026,7,2026-07,2026-07-01,31,Friday,0,ST001,Market_1,Kazan,PR011,Product_11,Household,18,1639.98,1043.6399999999999,596.3400000000001,18,0,0.0,1639.98,1.0,26,266,0,1
2026-08-01,2026,8,2026-08,2026-08-01,1,Saturday,1,ST001,Market_1,Kazan,PR011,Product_11,Household,26,2368.86,1507.48,861.3800000000001,31,5,455.55,2824.41,0.8387096774193549,0,0,1,0
2026-08-02,2026,8,2026-08,2026-08-01,2,Sunday,1,ST001,Market_1,Kazan,PR011,Product_11,Household,26,2368.86,1507.48,861.3800000000001,26,0,0.0,2368.86,1.0,240,0,0,1
2026-08-03,2026,8,2026-08,2026-08-01,3,Monday,0,ST001,Market_1,Kazan,PR011,Product_11,Household,21,1913.31,1217.58,695.73,21,0,0.0,1913.31,1.0,219,0,0,1
2026-08-04,2026,8,2026-08,2026-08-01,4,Tuesday,0,ST001,Market_1,Kazan,PR011,Product_11,Household,16,1457.76,927.68,530.08,16,0,0.0,1457.76,1.0,203,0,0,1
2026-08-05,2026,8,2026-08,2026-08-01,5,Wednesday,0,ST001,Market_1,Kazan,PR011,Product_11,Household,22,2004.42,1275.56,728.8600000000001,22,0,0.0,2004.42,1.0,181,0,0,1
2026-08-06,2026,8,2026-08,2026-08-01,6,Thursday,0,ST001,Market_1,Kazan,PR011,Product_11,Household,24,2186.64,1391.52,795.1199999999999,24,0,0.0,2186.64,1.0,157,0,0,1
2026-08-07,2026,8,2026-08,2026-08-01,7,Friday,0,ST001,Market_1,Kazan,PR011,Product_11,Household,17,1548.87,985.66,563.2099999999999,17,0,0.0,1548.87,1.0,140,0,0,1
2026-08-08,2026,8,2026-08,2026-08-01,8,Saturday,1,ST001,Market_1,Kazan,PR011,Product_11,Household,26,2368.86,1507.48,861.3800000000001,26,0,0.0,2368.86,1.0,114,0,0,1
2026-08-09,2026,8,2026-08,2026-08-01,9,Sunday,1,ST001,Market_1,Kazan,PR011,Product_11,Household,26,2368.86,1507.48,861.3800000000001,26,0,0.0,2368.86,1.0,88,0,0,1
2026-08-10,2026,8,2026-08,2026-08-01,10,Monday,0,ST001,Market_1,Kazan,PR011,Product_11,Household,17,1548.87,985.66,563.2099999999999,17,0,0.0,1548.87,1.0,71,0,0,1
2026-08-11,2026,8,2026-08,2026-08-01,11,Tuesday,0,ST001,Market_1,Kazan,PR011,Product_11,Household,26,2368.86,1507.48,861.3800000000001,26,0,0.0,2368.86,1.0,45,0,0,1
2026-08-12,2026,8,2026-08,2026-08-01,12,Wednesday,0,ST001,Market_1,Kazan,PR011,Product_11,Household,17,1548.87,985.66,563.2099999999999,17,0,0.0,1548.87,1.0,28,266,0,1
2026-08-13,2026,8,2026-08,2026-08-01,13,Thursday,0,ST001,Market_1,Kazan,PR011,Product_11,Household,28,2551.08,1623.4399999999998,927.6400000000001,32,4,364.44,2915.52,0.875,0,0,1,0
2026-08-14,2026,8,2026-08,2026-08-01,14,Friday,0,ST001,Market_1,Kazan,PR011,Product_11,Household,21,1913.31,1217.58,695.73,21,0,0.0,1913.31,1.0,245,0,0,1
2026-08-15,2026,8,2026-08,2026-08-01,15,Saturday,1,ST001,Market_1,Kazan,PR011,Product_11,Household,25,2277.75,1449.5,828.25,25,0,0.0,2277.75,1.0,220,0,0,1
2026-08-16,2026,8,2026-08,2026-08-01,16,Sunday,1,ST001,Market_1,Kazan,PR011,Product_11,Household,27,2459.97,1565.4599999999998,894.51,27,0,0.0,2459.97,1.0,193,0,0,1
2026-08-17,2026,8,2026-08,2026-08-01,17,Monday,0,ST001,Market_1,Kazan,PR011,Product_11,Household,15,1366.65,869.6999999999999,496.95000000000016,15,0,0.0,1366.65,1.0,178,0,0,1
2026-08-18,2026,8,2026-08,2026-08-01,18,Tuesday,0,ST001,Market_1,Kazan,PR011,Product_11,Household,17,1548.87,985.66,563.2099999999999,17,0,0.0,1548.87,1.0,161,0,0,1
2026-08-19,2026,8,2026-08,2026-08-01,19,Wednesday,0,ST001,Market_1,Kazan,PR011,Product_11,Household,17,1548.87,985.66,563.2099999999999,17,0,0.0,1548.87,1.0,144,0,0,1
2026-08-20,2026,8,2026-08,2026-08-01,20,Thursday,0,ST001,Market_1,Kazan,PR011,Product_11,Household,22,2004.42,1275.56,728.8600000000001,22,0,0.0,2004.42,1.0,122,0,0,1
2026-08-21,2026,8,2026-08,2026-08-01,21,Friday,0,ST001,Market_1,Kazan,PR011,Product_11,Household,22,2004.42,1275.56,728.8600000000001,22,0,0.0,2004.42,1.0,100,0,0,1
2026-08-22,2026,8,2026-08,2026-08-01,22,Saturday,1,ST001,Market_1,Kazan,PR011,Product_11,Household,22,2004.42,1275.56,728.8600000000001,22,0,0.0,2004.42,1.0,78,0,0,1
2026-08-23,2026,8,2026-08,2026-08-01,23,Sunday,1,ST001,Market_1,Kazan,PR011,Product_11,Household,26,2368.86,1507.48,861.3800000000001,26,0,0.0,2368.86,1.0,52,0,0,1
2026-08-24,2026,8,2026-08,2026-08-01,24,Monday,0,ST001,Market_1,Kazan,PR011,Product_11,Household,23,2095.53,1333.54,761.9900000000002,23,0,0.0,2095.53,1.0,29,0,0,1
2026-08-25,2026,8,2026-08,2026-08-01,25,Tuesday,0,ST001,Market_1,Kazan,PR011,Product_11,Household,20,1822.2,1159.6,662.6000000000001,20,0,0.0,1822.2,1.0,9,266,0,1
2026-08-26,2026,8,2026-08,2026-08-01,26,Wednesday,0,ST001,Market_1,Kazan,PR011,Product_11,Household,9,819.99,521.8199999999999,298.1700000000001,23,14,1275.54,2095.53,0.391304347826087,0,0,1,0
2026-08-27,2026,8,2026-08,2026-08-01,27,Thursday,0,ST001,Market_1,Kazan,PR011,Product_11,Household,23,2095.53,1333.54,761.9900000000002,23,0,0.0,2095.53,1.0,243,0,0,1
2026-08-28,2026,8,2026-08,2026-08-01,28,Friday,0,ST001,Market_1,Kazan,PR011,Product_11,Household,23,2095.53,1333.54,761.9900000000002,23,0,0.0,2095.53,1.0,220,0,0,1
2026-08-29,2026,8,2026-08,2026-08-01,29,Saturday,1,ST001,Market_1,Kazan,PR011,Product_11,Household,20,1822.2,1159.6,662.6000000000001,20,0,0.0,1822.2,1.0,200,0,0,1
2026-08-30,2026,8,2026-08,2026-08-01,30,Sunday,1,ST001,Market_1,Kazan,PR011,Product_11,Household,28,2551.08,1623.4399999999998,927.6400000000001,28,0,0.0,2551.08,1.0,172,0,0,1
2026-08-31,2026,8,2026-08,2026-08-01,31,Monday,0,ST001,Market_1,Kazan,PR011,Product_11,Household,14,1275.54,811.7199999999999,463.82000000000005,14,0,0.0,1275.54,1.0,158,0,0,1
2026-09-01,2026,9,2026-09,2026-09-01,1,Tuesday,0,ST001,Market_1,Kazan,PR011,Product_11,Household,25,2277.75,1449.5,828.25,25,0,0.0,2277.75,1.0,133,0,0,1
2026-09-02,2026,9,2026-09,2026-09-01,2,Wednesday,0,ST001,Market_1,Kazan,PR011,Product_11,Household,26,2368.86,1507.48,861.3800000000001,26,0,0.0,2368.86,1.0,107,0,0,1
2026-09-03,2026,9,2026-09,2026-09-01,3,Thursday,0,ST001,Market_1,Kazan,PR011,Product_11,Household,20,1822.2,1159.6,662.6000000000001,20,0,0.0,1822.2,1.0,87,0,0,1
2026-09-04,2026,9,2026-09,2026-09-01,4,Friday,0,ST001,Market_1,Kazan,PR011,Product_11,Household,25,2277.75,1449.5,828.25,25,0,0.0,2277.75,1.0,62,0,0,1
2026-09-05,2026,9,2026-09,2026-09-01,5,Saturday,1,ST001,Market_1,Kazan,PR011,Product_11,Household,29,2642.19,1681.4199999999998,960.7700000000002,29,0,0.0,2642.19,1.0,33,0,0,1
2026-09-06,2026,9,2026-09,2026-09-01,6,Sunday,1,ST001,Market_1,Kazan,PR011,Product_11,Household,26,2368.86,1507.48,861.3800000000001,26,0,0.0,2368.86,1.0,7,266,0,1
2026-09-07,2026,9,2026-09,2026-09-01,7,Monday,0,ST001,Market_1,Kazan,PR011,Product_11,Household,7,637.77,405.85999999999996,231.91000000000003,16,9,819.99,1457.76,0.4375,0,0,1,0
2026-06-10,2026,6,2026-06,2026-06-01,10,Wednesday,0,ST001,Market_1,Kazan,PR012,Product_12,Beverages,9,834.12,608.67,225.45000000000005,9,0,0.0,834.1200000000001,1.0,145,0,0,1
2026-06-11,2026,6,2026-06,2026-06-01,11,Thursday,0,ST001,Market_1,Kazan,PR012,Product_12,Beverages,8,741.44,541.04,200.4000000000001,8,0,0.0,741.44,1.0,137,0,0,1
2026-06-12,2026,6,2026-06,2026-06-01,12,Friday,0,ST001,Market_1,Kazan,PR012,Product_12,Beverages,16,1482.88,1082.08,400.8000000000002,16,0,0.0,1482.88,1.0,121,0,0,1
2026-06-13,2026,6,2026-06,2026-06-01,13,Saturday,1,ST001,Market_1,Kazan,PR012,Product_12,Beverages,11,1019.48,743.93,275.55000000000007,11,0,0.0,1019.48,1.0,110,0,0,1
2026-06-14,2026,6,2026-06,2026-06-01,14,Sunday,1,ST001,Market_1,Kazan,PR012,Product_12,Beverages,18,1668.24,1217.34,450.9000000000001,18,0,0.0,1668.2400000000002,1.0,92,0,0,1
2026-06-15,2026,6,2026-06,2026-06-01,15,Monday,0,ST001,Market_1,Kazan,PR012,Product_12,Beverages,14,1297.52,946.8199999999999,350.70000000000005,14,0,0.0,1297.52,1.0,78,0,0,1
2026-06-16,2026,6,2026-06,2026-06-01,16,Tuesday,0,ST001,Market_1,Kazan,PR012,Product_12,Beverages,13,1204.84,879.1899999999999,325.65,13,0,0.0,1204.8400000000001,1.0,65,0,0,1
2026-06-17,2026,6,2026-06,2026-06-01,17,Wednesday,0,ST001,Market_1,Kazan,PR012,Product_12,Beverages,9,834.12,608.67,225.45000000000005,9,0,0.0,834.1200000000001,1.0,56,0,0,1
2026-06-18,2026,6,2026-06,2026-06-01,18,Thursday,0,ST001,Market_1,Kazan,PR012,Product_12,Beverages,8,741.44,541.04,200.4000000000001,8,0,0.0,741.44,1.0,48,0,0,1
2026-06-19,2026,6,2026-06,2026-06-01,19,Friday,0,ST001,Market_1,Kazan,PR012,Product_12,Beverages,8,741.44,541.04,200.4000000000001,8,0,0.0,741.44,1.0,40,0,0,1
2026-06-20,2026,6,2026-06,2026-06-01,20,Saturday,1,ST001,Market_1,Kazan,PR012,Product_12,Beverages,19,1760.92,1284.9699999999998,475.9500000000003,19,0,0.0,1760.92,1.0,21,154,0,1
2026-06-21,2026,6,2026-06,2026-06-01,21,Sunday,1,ST001,Market_1,Kazan,PR012,Product_12,Beverages,19,1760.92,1284.9699999999998,475.9500000000003,19,0,0.0,1760.92,1.0,2,0,0,1
2026-06-22,2026,6,2026-06,2026-06-01,22,Monday,0,ST001,Market_1,Kazan,PR012,Product_12,Beverages,10,926.8,676.3,250.5,10,0,0.0,926.8000000000001,1.0,146,0,0,1
2026-06-23,2026,6,2026-06,2026-06-01,23,Tuesday,0,ST001,Market_1,Kazan,PR012,Product_12,Beverages,8,741.44,541.04,200.4000000000001,8,0,0.0,741.44,1.0,138,0,0,1
2026-06-24,2026,6,2026-06,2026-06-01,24,Wednesday,0,ST001,Market_1,Kazan,PR012,Product_12,Beverages,9,834.12,608.67,225.45000000000005,9,0,0.0,834.1200000000001,1.0,129,0,0,1
2026-06-25,2026,6,2026-06,2026-06-01,25,Thursday,0,ST001,Market_1,Kazan,PR012,Product_12,Beverages,16,1482.88,1082.08,400.8000000000002,16,0,0.0,1482.88,1.0,113,0,0,1
2026-06-26,2026,6,2026-06,2026-06-01,26,Friday,0,ST001,Market_1,Kazan,PR012,Product_12,Beverages,8,741.44,541.04,200.4000000000001,8,0,0.0,741.44,1.0,105,0,0,1
2026-06-27,2026,6,2026-06,2026-06-01,27,Saturday,1,ST001,Market_1,Kazan,PR012,Product_12,Beverages,8,741.44,541.04,200.4000000000001,8,0,0.0,741.44,1.0,97,0,0,1
2026-06-28,2026,6,2026-06,2026-06-01,28,Sunday,1,ST001,Market_1,Kazan,PR012,Product_12,Beverages,18,1668.24,1217.34,450.9000000000001,18,0,0.0,1668.2400000000002,1.0,79,0,0,1
2026-06-29,2026,6,2026-06,2026-06-01,29,Monday,0,ST001,Market_1,Kazan,PR012,Product_12,Beverages,8,741.44,541.04,200.4000000000001,8,0,0.0,741.44,1.0,71,0,0,1
2026-06-30,2026,6,2026-06,2026-06-01,30,Tuesday,0,ST001,Market_1,Kazan,PR012,Product_12,Beverages,10,926.8,676.3,250.5,10,0,0.0,926.8000000000001,1.0,61,0,0,1
2026-07-01,2026,7,2026-07,2026-07-01,1,Wednesday,0,ST001,Market_1,Kazan,PR012,Product_12,Beverages,14,1297.52,946.8199999999999,350.70000000000005,14,0,0.0,1297.52,1.0,47,0,0,1
2026-07-02,2026,7,2026-07,2026-07-01,2,Thursday,0,ST001,Market_1,Kazan,PR012,Product_12,Beverages,9,834.12,608.67,225.45000000000005,9,0,0.0,834.1200000000001,1.0,38,0,0,1
2026-07-03,2026,7,2026-07,2026-07-01,3,Friday,0,ST001,Market_1,Kazan,PR012,Product_12,Beverages,8,741.44,541.04,200.4000000000001,8,0,0.0,741.44,1.0,30,0,0,1
2026-07-04,2026,7,2026-07,2026-07-01,4,Saturday,1,ST001,Market_1,Kazan,PR012,Product_12,Beverages,19,1760.92,1284.9699999999998,475.9500000000003,19,0,0.0,1760.92,1.0,11,154,0,1
2026-07-05,2026,7,2026-07,2026-07-01,5,Sunday,1,ST001,Market_1,Kazan,PR012,Product_12,Beverages,11,1019.48,743.93,275.55000000000007,19,8,741.44,1760.92,0.5789473684210527,0,0,1,0
2026-07-06,2026,7,2026-07,2026-07-01,6,Monday,0,ST001,Market_1,Kazan,PR012,Product_12,Beverages,15,1390.2,1014.4499999999999,375.7500000000001,15,0,0.0,1390.2,1.0,139,0,0,1
2026-07-07,2026,7,2026-07,2026-07-01,7,Tuesday,0,ST001,Market_1,Kazan,PR012,Product_12,Beverages,12,1112.16,811.56,300.60000000000014,12,0,0.0,1112.16,1.0,127,0,0,1
2026-07-08,2026,7,2026-07,2026-07-01,8,Wednesday,0,ST001,Market_1,Kazan,PR012,Product_12,Beverages,15,1390.2,1014.4499999999999,375.7500000000001,15,0,0.0,1390.2,1.0,112,0,0,1
2026-07-09,2026,7,2026-07,2026-07-01,9,Thursday,0,ST001,Market_1,Kazan,PR012,Product_12,Beverages,14,1297.52,946.8199999999999,350.70000000000005,14,0,0.0,1297.52,1.0,98,0,0,1
2026-07-10,2026,7,2026-07,2026-07-01,10,Friday,0,ST001,Market_1,Kazan,PR012,Product_12,Beverages,13,1204.84,879.1899999999999,325.65,13,0,0.0,1204.8400000000001,1.0,85,0,0,1
2026-07-11,2026,7,2026-07,2026-07-01,11,Saturday,1,ST001,Market_1,Kazan,PR012,Product_12,Beverages,12,1112.16,811.56,300.60000000000014,12,0,0.0,1112.16,1.0,73,0,0,1
2026-07-12,2026,7,2026-07,2026-07-01,12,Sunday,1,ST001,Market_1,Kazan,PR012,Product_12,Beverages,22,2038.96,1487.86,551.1000000000001,22,0,0.0,2038.96,1.0,51,0,0,1
2026-07-13,2026,7,2026-07,2026-07-01,13,Monday,0,ST001,Market_1,Kazan,PR012,Product_12,Beverages,9,834.12,608.67,225.45000000000005,9,0,0.0,834.1200000000001,1.0,42,0,0,1
2026-07-14,2026,7,2026-07,2026-07-01,14,Tuesday,0,ST001,Market_1,Kazan,PR012,Product_12,Beverages,14,1297.52,946.8199999999999,350.70000000000005,14,0,0.0,1297.52,1.0,28,0,0,1
2026-07-15,2026,7,2026-07,2026-07-01,15,Wednesday,0,ST001,Market_1,Kazan,PR012,Product_12,Beverages,12,1112.16,811.56,300.60000000000014,12,0,0.0,1112.16,1.0,16,0,0,1
2026-07-16,2026,7,2026-07,2026-07-01,16,Thursday,0,ST001,Market_1,Kazan,PR012,Product_12,Beverages,10,926.8,676.3,250.5,10,0,0.0,926.8000000000001,1.0,6,154,0,1
2026-07-17,2026,7,2026-07,2026-07-01,17,Friday,0,ST001,Market_1,Kazan,PR012,Product_12,Beverages,6,556.08,405.78,150.30000000000007,13,7,648.76,1204.8400000000001,0.46153846153846156,0,0,1,0
2026-07-18,2026,7,2026-07,2026-07-01,18,Saturday,1,ST001,Market_1,Kazan,PR012,Product_12,Beverages,23,2131.64,1555.4899999999998,576.1500000000001,23,0,0.0,2131.6400000000003,1.0,131,0,0,1
2026-07-19,2026,7,2026-07,2026-07-01,19,Sunday,1,ST001,Market_1,Kazan,PR012,Product_12,Beverages,15,1390.2,1014.4499999999999,375.7500000000001,15,0,0.0,1390.2,1.0,116,0,0,1
2026-07-20,2026,7,2026-07,2026-07-01,20,Monday,0,ST001,Market_1,Kazan,PR012,Product_12,Beverages,13,1204.84,879.1899999999999,325.65,13,0,0.0,1204.8400000000001,1.0,103,0,0,1
2026-07-21,2026,7,2026-07,2026-07-01,21,Tuesday,0,ST001,Market_1,Kazan,PR012,Product_12,Beverages,9,834.12,608.67,225.45000000000005,9,0,0.0,834.1200000000001,1.0,94,0,0,1
2026-07-22,2026,7,2026-07,2026-07-01,22,Wednesday,0,ST001,Market_1,Kazan,PR012,Product_12,Beverages,12,1112.16,811.56,300.60000000000014,12,0,0.0,1112.16,1.0,82,0,0,1
2026-07-23,2026,7,2026-07,2026-07-01,23,Thursday,0,ST001,Market_1,Kazan,PR012,Product_12,Beverages,7,648.76,473.40999999999997,175.35000000000002,7,0,0.0,648.76,1.0,75,0,0,1
2026-07-24,2026,7,2026-07,2026-07-01,24,Friday,0,ST001,Market_1,Kazan,PR012,Product_12,Beverages,10,926.8,676.3,250.5,10,0,0.0,926.8000000000001,1.0,65,0,0,1
2026-07-25,2026,7,2026-07,2026-07-01,25,Saturday,1,ST001,Market_1,Kazan,PR012,Product_12,Beverages,20,1853.6,1352.6,501.0,20,0,0.0,1853.6000000000001,1.0,45,0,0,1
2026-07-26,2026,7,2026-07,2026-07-01,26,Sunday,1,ST001,Market_1,Kazan,PR012,Product_12,Beverages,17,1575.56,1149.71,425.8499999999999,17,0,0.0,1575.5600000000002,1.0,28,0,0,1
2026-07-27,2026,7,2026-07,2026-07-01,27,Monday,0,ST001,Market_1,Kazan,PR012,Product_12,Beverages,19,1760.92,1284.9699999999998,475.9500000000003,19,0,0.0,1760.92,1.0,9,0,0,1
2026-07-28,2026,7,2026-07,2026-07-01,28,Tuesday,0,ST001,Market_1,Kazan,PR012,Product_12,Beverages,9,834.12,608.67,225.45000000000005,11,2,185.36,1019.48,0.8181818181818182,0,154,1,0
2026-07-29,2026,7,2026-07,2026-07-01,29,Wednesday,0,ST001,Market_1,Kazan,PR012,Product_12,Beverages,0,0.0,0.0,0.0,7,7,648.76,648.76,0.0,0,0,1,0
2026-07-30,2026,7,2026-07,2026-07-01,30,Thursday,0,ST001,Market_1,Kazan,PR012,Product_12,Beverages,9,834.12,608.67,225.45000000000005,9,0,0.0,834.1200000000001,1.0,145,0,0,1
2026-07-31,2026,7,2026-07,2026-07-01,31,Friday,0,ST001,Market_1,Kazan,PR012,Product_12,Beverages,12,1112.16,811.56,300.60000000000014,12,0,0.0,1112.16,1.0,133,0,0,1
2026-08-01,2026,8,2026-08,2026-08-01,1,Saturday,1,ST001,Market_1,Kazan,PR012,Product_12,Beverages,14,1297.52,946.8199999999999,350.70000000000005,14,0,0.0,1297.52,1.0,119,0,0,1
2026-08-02,2026,8,2026-08,2026-08-01,2,Sunday,1,ST001,Market_1,Kazan,PR012,Product_12,Beverages,9,834.12,608.67,225.45000000000005,9,0,0.0,834.1200000000001,1.0,110,0,0,1
2026-08-03,2026,8,2026-08,2026-08-01,3,Monday,0,ST001,Market_1,Kazan,PR012,Product_12,Beverages,13,1204.84,879.1899999999999,325.65,13,0,0.0,1204.8400000000001,1.0,97,0,0,1
2026-08-04,2026,8,2026-08,2026-08-01,4,Tuesday,0,ST001,Market_1,Kazan,PR012,Product_12,Beverages,8,741.44,541.04,200.4000000000001,8,0,0.0,741.44,1.0,89,0,0,1
2026-08-05,2026,8,2026-08,2026-08-01,5,Wednesday,0,ST001,Market_1,Kazan,PR012,Product_12,Beverages,9,834.12,608.67,225.45000000000005,9,0,0.0,834.1200000000001,1.0,80,0,0,1
2026-08-06,2026,8,2026-08,2026-08-01,6,Thursday,0,ST001,Market_1,Kazan,PR012,Product_12,Beverages,16,1482.88,1082.08,400.8000000000002,16,0,0.0,1482.88,1.0,64,0,0,1
2026-08-07,2026,8,2026-08,2026-08-01,7,Friday,0,ST001,Market_1,Kazan,PR012,Product_12,Beverages,15,1390.2,1014.4499999999999,375.7500000000001,15,0,0.0,1390.2,1.0,49,0,0,1
2026-08-08,2026,8,2026-08,2026-08-01,8,Saturday,1,ST001,Market_1,Kazan,PR012,Product_12,Beverages,13,1204.84,879.1899999999999,325.65,13,0,0.0,1204.8400000000001,1.0,36,0,0,1
2026-08-09,2026,8,2026-08,2026-08-01,9,Sunday,1,ST001,Market_1,Kazan,PR012,Product_12,Beverages,9,834.12,608.67,225.45000000000005,9,0,0.0,834.1200000000001,1.0,27,0,0,1
2026-08-10,2026,8,2026-08,2026-08-01,10,Monday,0,ST001,Market_1,Kazan,PR012,Product_12,Beverages,5,463.4,338.15,125.25,5,0,0.0,463.40000000000003,1.0,22,154,0,1
2026-08-11,2026,8,2026-08,2026-08-01,11,Tuesday,0,ST001,Market_1,Kazan,PR012,Product_12,Beverages,8,741.44,541.04,200.4000000000001,8,0,0.0,741.44,1.0,14,0,0,1
2026-08-12,2026,8,2026-08,2026-08-01,12,Wednesday,0,ST001,Market_1,Kazan,PR012,Product_12,Beverages,8,741.44,541.04,200.4000000000001,8,0,0.0,741.44,1.0,160,0,0,1
2026-08-13,2026,8,2026-08,2026-08-01,13,Thursday,0,ST001,Market_1,Kazan,PR012,Product_12,Beverages,7,648.76,473.40999999999997,175.35000000000002,7,0,0.0,648.76,1.0,153,0,0,1
2026-08-14,2026,8,2026-08,2026-08-01,14,Friday,0,ST001,Market_1,Kazan,PR012,Product_12,Beverages,20,1853.6,1352.6,501.0,20,0,0.0,1853.6000000000001,1.0,133,0,0,1
2026-08-15,2026,8,2026-08,2026-08-01,15,Saturday,1,ST001,Market_1,Kazan,PR012,Product_12,Beverages,13,1204.84,879.1899999999999,325.65,13,0,0.0,1204.8400000000001,1.0,120,0,0,1
2026-08-16,2026,8,2026-08,2026-08-01,16,Sunday,1,ST001,Market_1,Kazan,PR012,Product_12,Beverages,13,1204.84,879.1899999999999,325.65,13,0,0.0,1204.8400000000001,1.0,107,0,0,1
2026-08-17,2026,8,2026-08,2026-08-01,17,Monday,0,ST001,Market_1,Kazan,PR012,Product_12,Beverages,8,741.44,541.04,200.4000000000001,8,0,0.0,741.44,1.0,99,0,0,1
2026-08-18,2026,8,2026-08,2026-08-01,18,Tuesday,0,ST001,Market_1,Kazan,PR012,Product_12,Beverages,8,741.44,541.04,200.4000000000001,8,0,0.0,741.44,1.0,91,0,0,1
2026-08-19,2026,8,2026-08,2026-08-01,19,Wednesday,0,ST001,Market_1,Kazan,PR012,Product_12,Beverages,13,1204.84,879.1899999999999,325.65,13,0,0.0,1204.8400000000001,1.0,78,0,0,1
2026-08-20,2026,8,2026-08,2026-08-01,20,Thursday,0,ST001,Market_1,Kazan,PR012,Product_12,Beverages,8,741.44,541.04,200.4000000000001,8,0,0.0,741.44,1.0,70,0,0,1
2026-08-21,2026,8,2026-08,2026-08-01,21,Friday,0,ST001,Market_1,Kazan,PR012,Product_12,Beverages,7,648.76,473.40999999999997,175.35000000000002,7,0,0.0,648.76,1.0,63,0,0,1
2026-08-22,2026,8,2026-08,2026-08-01,22,Saturday,1,ST001,Market_1,Kazan,PR012,Product_12,Beverages,20,1853.6,1352.6,501.0,20,0,0.0,1853.6000000000001,1.0,43,0,0,1
2026-08-23,2026,8,2026-08,2026-08-01,23,Sunday,1,ST001,Market_1,Kazan,PR012,Product_12,Beverages,9,834.12,608.67,225.45000000000005,9,0,0.0,834.1200000000001,1.0,34,0,0,1
2026-08-24,2026,8,2026-08,2026-08-01,24,Monday,0,ST001,Market_1,Kazan,PR012,Product_12,Beverages,9,834.12,608.67,225.45000000000005,9,0,0.0,834.1200000000001,1.0,25,0,0,1
2026-08-25,2026,8,2026-08,2026-08-01,25,Tuesday,0,ST001,Market_1,Kazan,PR012,Product_12,Beverages,14,1297.52,946.8199999999999,350.70000000000005,14,0,0.0,1297.52,1.0,11,154,0,1
2026-08-26,2026,8,2026-08,2026-08-01,26,Wednesday,0,ST001,Market_1,Kazan,PR012,Product_12,Beverages,11,1019.48,743.93,275.55000000000007,12,1,92.68,1112.16,0.9166666666666666,0,0,1,0
2026-08-27,2026,8,2026-08,2026-08-01,27,Thursday,0,ST001,Market_1,Kazan,PR012,Product_12,Beverages,7,648.76,473.40999999999997,175.35000000000002,7,0,0.0,648.76,1.0,147,0,0,1
2026-08-28,2026,8,2026-08,2026-08-01,28,Friday,0,ST001,Market_1,Kazan,PR012,Product_12,Beverages,9,834.12,608.67,225.45000000000005,9,0,0.0,834.1200000000001,1.0,138,0,0,1
2026-08-29,2026,8,2026-08,2026-08-01,29,Saturday,1,ST001,Market_1,Kazan,PR012,Product_12,Beverages,9,834.12,608.67,225.45000000000005,9,0,0.0,834.1200000000001,1.0,129,0,0,1
2026-08-30,2026,8,2026-08,2026-08-01,30,Sunday,1,ST001,Market_1,Kazan,PR012,Product_12,Beverages,13,1204.84,879.1899999999999,325.65,13,0,0.0,1204.8400000000001,1.0,116,0,0,1
2026-08-31,2026,8,2026-08,2026-08-01,31,Monday,0,ST001,Market_1,Kazan,PR012,Product_12,Beverages,4,370.72,270.52,100.20000000000005,4,0,0.0,370.72,1.0,112,0,0,1
2026-09-01,2026,9,2026-09,2026-09-01,1,Tuesday,0,ST001,Market_1,Kazan,PR012,Product_12,Beverages,11,1019.48,743.93,275.55000000000007,11,0,0.0,1019.48,1.0,101,0,0,1
2026-09-02,2026,9,2026-09,2026-09-01,2,Wednesday,0,ST001,Market_1,Kazan,PR012,Product_12,Beverages,12,1112.16,811.56,300.60000000000014,12,0,0.0,1112.16,1.0,89,0,0,1
2026-09-03,2026,9,2026-09,2026-09-01,3,Thursday,0,ST001,Market_1,Kazan,PR012,Product_12,Beverages,9,834.12,608.67,225.45000000000005,9,0,0.0,834.1200000000001,1.0,80,0,0,1
2026-09-04,2026,9,2026-09,2026-09-01,4,Friday,0,ST001,Market_1,Kazan,PR012,Product_12,Beverages,16,1482.88,1082.08,400.8000000000002,16,0,0.0,1482.88,1.0,64,0,0,1
2026-09-05,2026,9,2026-09,2026-09-01,5,Saturday,1,ST001,Market_1,Kazan,PR012,Product_12,Beverages,11,1019.48,743.93,275.55000000000007,11,0,0.0,1019.48,1.0,53,0,0,1
2026-09-06,2026,9,2026-09,2026-09-01,6,Sunday,1,ST001,Market_1,Kazan,PR012,Product_12,Beverages,18,1668.24,1217.34,450.9000000000001,18,0,0.0,1668.2400000000002,1.0,35,0,0,1
2026-09-07,2026,9,2026-09,2026-09-01,7,Monday,0,ST001,Market_1,Kazan,PR012,Product_12,Beverages,11,1019.48,743.93,275.55000000000007,11,0,0.0,1019.48,1.0,24,0,0,1
2026-06-10,2026,6,2026-06,2026-06-01,10,Wednesday,0,ST001,Market_1,Kazan,PR013,Product_13,Household,14,1888.32,1110.0600000000002,778.2599999999998,14,0,0.0,1888.32,1.0,210,0,0,1
2026-06-11,2026,6,2026-06,2026-06-01,11,Thursday,0,ST001,Market_1,Kazan,PR013,Product_13,Household,15,2023.2,1189.3500000000001,833.8499999999999,15,0,0.0,2023.1999999999998,1.0,195,0,0,1
2026-06-12,2026,6,2026-06,2026-06-01,12,Friday,0,ST001,Market_1,Kazan,PR013,Product_13,Household,15,2023.2,1189.3500000000001,833.8499999999999,15,0,0.0,2023.1999999999998,1.0,180,0,0,1
2026-06-13,2026,6,2026-06,2026-06-01,13,Saturday,1,ST001,Market_1,Kazan,PR013,Product_13,Household,16,2158.08,1268.64,889.4399999999998,16,0,0.0,2158.08,1.0,164,0,0,1
2026-06-14,2026,6,2026-06,2026-06-01,14,Sunday,1,ST001,Market_1,Kazan,PR013,Product_13,Household,33,4451.04,2616.57,1834.4699999999998,33,0,0.0,4451.04,1.0,131,0,0,1
2026-06-15,2026,6,2026-06,2026-06-01,15,Monday,0,ST001,Market_1,Kazan,PR013,Product_13,Household,17,2292.96,1347.93,945.03,17,0,0.0,2292.96,1.0,114,0,0,1
2026-06-16,2026,6,2026-06,2026-06-01,16,Tuesday,0,ST001,Market_1,Kazan,PR013,Product_13,Household,16,2158.08,1268.64,889.4399999999998,16,0,0.0,2158.08,1.0,98,0,0,1
2026-06-17,2026,6,2026-06,2026-06-01,17,Wednesday,0,ST001,Market_1,Kazan,PR013,Product_13,Household,12,1618.56,951.48,667.0799999999999,12,0,0.0,1618.56,1.0,86,0,0,1
2026-06-18,2026,6,2026-06,2026-06-01,18,Thursday,0,ST001,Market_1,Kazan,PR013,Product_13,Household,14,1888.32,1110.0600000000002,778.2599999999998,14,0,0.0,1888.32,1.0,72,0,0,1
2026-06-19,2026,6,2026-06,2026-06-01,19,Friday,0,ST001,Market_1,Kazan,PR013,Product_13,Household,11,1483.68,872.19,611.49,11,0,0.0,1483.6799999999998,1.0,61,0,0,1
2026-06-20,2026,6,2026-06,2026-06-01,20,Saturday,1,ST001,Market_1,Kazan,PR013,Product_13,Household,17,2292.96,1347.93,945.03,17,0,0.0,2292.96,1.0,44,0,0,1
2026-06-21,2026,6,2026-06,2026-06-01,21,Sunday,1,ST001,Market_1,Kazan,PR013,Product_13,Household,18,2427.84,1427.22,1000.6200000000001,18,0,0.0,2427.84,1.0,26,224,0,1
2026-06-22,2026,6,2026-06,2026-06-01,22,Monday,0,ST001,Market_1,Kazan,PR013,Product_13,Household,20,2697.6,1585.8000000000002,1111.7999999999997,20,0,0.0,2697.6,1.0,6,0,0,1
2026-06-23,2026,6,2026-06,2026-06-01,23,Tuesday,0,ST001,Market_1,Kazan,PR013,Product_13,Household,17,2292.96,1347.93,945.03,17,0,0.0,2292.96,1.0,213,0,0,1
2026-06-24,2026,6,2026-06,2026-06-01,24,Wednesday,0,ST001,Market_1,Kazan,PR013,Product_13,Household,14,1888.32,1110.0600000000002,778.2599999999998,14,0,0.0,1888.32,1.0,199,0,0,1
2026-06-25,2026,6,2026-06,2026-06-01,25,Thursday,0,ST001,Market_1,Kazan,PR013,Product_13,Household,14,1888.32,1110.0600000000002,778.2599999999998,14,0,0.0,1888.32,1.0,185,0,0,1
2026-06-26,2026,6,2026-06,2026-06-01,26,Friday,0,ST001,Market_1,Kazan,PR013,Product_13,Household,17,2292.96,1347.93,945.03,17,0,0.0,2292.96,1.0,168,0,0,1
2026-06-27,2026,6,2026-06,2026-06-01,27,Saturday,1,ST001,Market_1,Kazan,PR013,Product_13,Household,27,3641.76,2140.8300000000004,1500.9299999999998,27,0,0.0,3641.7599999999998,1.0,141,0,0,1
2026-06-28,2026,6,2026-06,2026-06-01,28,Sunday,1,ST001,Market_1,Kazan,PR013,Product_13,Household,25,3372.0,1982.2500000000002,1389.7499999999998,25,0,0.0,3372.0,1.0,116,0,0,1
2026-06-29,2026,6,2026-06,2026-06-01,29,Monday,0,ST001,Market_1,Kazan,PR013,Product_13,Household,13,1753.44,1030.77,722.6700000000001,13,0,0.0,1753.44,1.0,103,0,0,1
2026-06-30,2026,6,2026-06,2026-06-01,30,Tuesday,0,ST001,Market_1,Kazan,PR013,Product_13,Household,20,2697.6,1585.8000000000002,1111.7999999999997,20,0,0.0,2697.6,1.0,83,0,0,1
2026-07-01,2026,7,2026-07,2026-07-01,1,Wednesday,0,ST001,Market_1,Kazan,PR013,Product_13,Household,19,2562.72,1506.5100000000002,1056.2099999999996,19,0,0.0,2562.72,1.0,64,0,0,1
2026-07-02,2026,7,2026-07,2026-07-01,2,Thursday,0,ST001,Market_1,Kazan,PR013,Product_13,Household,15,2023.2,1189.3500000000001,833.8499999999999,15,0,0.0,2023.1999999999998,1.0,49,0,0,1
2026-07-03,2026,7,2026-07,2026-07-01,3,Friday,0,ST001,Market_1,Kazan,PR013,Product_13,Household,10,1348.8,792.9000000000001,555.8999999999999,10,0,0.0,1348.8,1.0,39,0,0,1
2026-07-04,2026,7,2026-07,2026-07-01,4,Saturday,1,ST001,Market_1,Kazan,PR013,Product_13,Household,31,4181.28,2457.9900000000002,1723.2899999999995,31,0,0.0,4181.28,1.0,8,224,0,1
2026-07-05,2026,7,2026-07,2026-07-01,5,Sunday,1,ST001,Market_1,Kazan,PR013,Product_13,Household,8,1079.04,634.32,444.7199999999999,19,11,1483.6799999999998,2562.72,0.42105263157894735,0,0,1,0
2026-07-06,2026,7,2026-07,2026-07-01,6,Monday,0,ST001,Market_1,Kazan,PR013,Product_13,Household,13,1753.44,1030.77,722.6700000000001,13,0,0.0,1753.44,1.0,211,0,0,1
2026-07-07,2026,7,2026-07,2026-07-01,7,Tuesday,0,ST001,Market_1,Kazan,PR013,Product_13,Household,16,2158.08,1268.64,889.4399999999998,16,0,0.0,2158.08,1.0,195,0,0,1
2026-07-08,2026,7,2026-07,2026-07-01,8,Wednesday,0,ST001,Market_1,Kazan,PR013,Product_13,Household,19,2562.72,1506.5100000000002,1056.2099999999996,19,0,0.0,2562.72,1.0,176,0,0,1
2026-07-09,2026,7,2026-07,2026-07-01,9,Thursday,0,ST001,Market_1,Kazan,PR013,Product_13,Household,16,2158.08,1268.64,889.4399999999998,16,0,0.0,2158.08,1.0,160,0,0,1
2026-07-10,2026,7,2026-07,2026-07-01,10,Friday,0,ST001,Market_1,Kazan,PR013,Product_13,Household,19,2562.72,1506.5100000000002,1056.2099999999996,19,0,0.0,2562.72,1.0,141,0,0,1
2026-07-11,2026,7,2026-07,2026-07-01,11,Saturday,1,ST001,Market_1,Kazan,PR013,Product_13,Household,28,3776.64,2220.1200000000003,1556.5199999999995,28,0,0.0,3776.64,1.0,113,0,0,1
2026-07-12,2026,7,2026-07,2026-07-01,12,Sunday,1,ST001,Market_1,Kazan,PR013,Product_13,Household,20,2697.6,1585.8000000000002,1111.7999999999997,20,0,0.0,2697.6,1.0,93,0,0,1
2026-07-13,2026,7,2026-07,2026-07-01,13,Monday,0,ST001,Market_1,Kazan,PR013,Product_13,Household,17,2292.96,1347.93,945.03,17,0,0.0,2292.96,1.0,76,0,0,1
2026-07-14,2026,7,2026-07,2026-07-01,14,Tuesday,0,ST001,Market_1,Kazan,PR013,Product_13,Household,16,2158.08,1268.64,889.4399999999998,16,0,0.0,2158.08,1.0,60,0,0,1
2026-07-15,2026,7,2026-07,2026-07-01,15,Wednesday,0,ST001,Market_1,Kazan,PR013,Product_13,Household,7,944.16,555.0300000000001,389.1299999999999,7,0,0.0,944.16,1.0,53,0,0,1
2026-07-16,2026,7,2026-07,2026-07-01,16,Thursday,0,ST001,Market_1,Kazan,PR013,Product_13,Household,17,2292.96,1347.93,945.03,17,0,0.0,2292.96,1.0,36,224,0,1
2026-07-17,2026,7,2026-07,2026-07-01,17,Friday,0,ST001,Market_1,Kazan,PR013,Product_13,Household,21,2832.48,1665.0900000000001,1167.3899999999999,21,0,0.0,2832.48,1.0,15,0,0,1
2026-07-18,2026,7,2026-07,2026-07-01,18,Saturday,1,ST001,Market_1,Kazan,PR013,Product_13,Household,18,2427.84,1427.22,1000.6200000000001,18,0,0.0,2427.84,1.0,221,0,0,1
2026-07-19,2026,7,2026-07,2026-07-01,19,Sunday,1,ST001,Market_1,Kazan,PR013,Product_13,Household,26,3506.88,2061.54,1445.3400000000001,26,0,0.0,3506.88,1.0,195,0,0,1
2026-07-20,2026,7,2026-07,2026-07-01,20,Monday,0,ST001,Market_1,Kazan,PR013,Product_13,Household,17,2292.96,1347.93,945.03,17,0,0.0,2292.96,1.0,178,0,0,1
2026-07-21,2026,7,2026-07,2026-07-01,21,Tuesday,0,ST001,Market_1,Kazan,PR013,Product_13,Household,12,1618.56,951.48,667.0799999999999,12,0,0.0,1618.56,1.0,166,0,0,1
2026-07-22,2026,7,2026-07,2026-07-01,22,Wednesday,0,ST001,Market_1,Kazan,PR013,Product_13,Household,20,2697.6,1585.8000000000002,1111.7999999999997,20,0,0.0,2697.6,1.0,146,0,0,1
2026-07-23,2026,7,2026-07,2026-07-01,23,Thursday,0,ST001,Market_1,Kazan,PR013,Product_13,Household,19,2562.72,1506.5100000000002,1056.2099999999996,19,0,0.0,2562.72,1.0,127,0,0,1
2026-07-24,2026,7,2026-07,2026-07-01,24,Friday,0,ST001,Market_1,Kazan,PR013,Product_13,Household,19,2562.72,1506.5100000000002,1056.2099999999996,19,0,0.0,2562.72,1.0,108,0,0,1
2026-07-25,2026,7,2026-07,2026-07-01,25,Saturday,1,ST001,Market_1,Kazan,PR013,Product_13,Household,25,3372.0,1982.2500000000002,1389.7499999999998,25,0,0.0,3372.0,1.0,83,0,0,1
2026-07-26,2026,7,2026-07,2026-07-01,26,Sunday,1,ST001,Market_1,Kazan,PR013,Product_13,Household,31,4181.28,2457.9900000000002,1723.2899999999995,31,0,0.0,4181.28,1.0,52,0,0,1
2026-07-27,2026,7,2026-07,2026-07-01,27,Monday,0,ST001,Market_1,Kazan,PR013,Product_13,Household,8,1079.04,634.32,444.7199999999999,8,0,0.0,1079.04,1.0,44,0,0,1
2026-07-28,2026,7,2026-07,2026-07-01,28,Tuesday,0,ST001,Market_1,Kazan,PR013,Product_13,Household,20,2697.6,1585.8000000000002,1111.7999999999997,20,0,0.0,2697.6,1.0,24,0,0,1
2026-07-29,2026,7,2026-07,2026-07-01,29,Wednesday,0,ST001,Market_1,Kazan,PR013,Product_13,Household,19,2562.72,1506.5100000000002,1056.2099999999996,19,0,0.0,2562.72,1.0,5,224,0,1
2026-07-30,2026,7,2026-07,2026-07-01,30,Thursday,0,ST001,Market_1,Kazan,PR013,Product_13,Household,5,674.4,396.45000000000005,277.94999999999993,14,9,1213.92,1888.32,0.35714285714285715,0,0,1,0
2026-07-31,2026,7,2026-07,2026-07-01,31,Friday,0,ST001,Market_1,Kazan,PR013,Product_13,Household,26,3506.88,2061.54,1445.3400000000001,26,0,0.0,3506.88,1.0,198,0,0,1
2026-08-01,2026,8,2026-08,2026-08-01,1,Saturday,1,ST001,Market_1,Kazan,PR013,Product_13,Household,31,4181.28,2457.9900000000002,1723.2899999999995,31,0,0.0,4181.28,1.0,167,0,0,1
2026-08-02,2026,8,2026-08,2026-08-01,2,Sunday,1,ST001,Market_1,Kazan,PR013,Product_13,Household,24,3237.12,1902.96,1334.1599999999999,24,0,0.0,3237.12,1.0,143,0,0,1
2026-08-03,2026,8,2026-08,2026-08-01,3,Monday,0,ST001,Market_1,Kazan,PR013,Product_13,Household,14,1888.32,1110.0600000000002,778.2599999999998,14,0,0.0,1888.32,1.0,129,0,0,1
2026-08-04,2026,8,2026-08,2026-08-01,4,Tuesday,0,ST001,Market_1,Kazan,PR013,Product_13,Household,19,2562.72,1506.5100000000002,1056.2099999999996,19,0,0.0,2562.72,1.0,110,0,0,1
2026-08-05,2026,8,2026-08,2026-08-01,5,Wednesday,0,ST001,Market_1,Kazan,PR013,Product_13,Household,19,2562.72,1506.5100000000002,1056.2099999999996,19,0,0.0,2562.72,1.0,91,0,0,1
2026-08-06,2026,8,2026-08,2026-08-01,6,Thursday,0,ST001,Market_1,Kazan,PR013,Product_13,Household,14,1888.32,1110.0600000000002,778.2599999999998,14,0,0.0,1888.32,1.0,77,0,0,1
2026-08-07,2026,8,2026-08,2026-08-01,7,Friday,0,ST001,Market_1,Kazan,PR013,Product_13,Household,15,2023.2,1189.3500000000001,833.8499999999999,15,0,0.0,2023.1999999999998,1.0,62,0,0,1
2026-08-08,2026,8,2026-08,2026-08-01,8,Saturday,1,ST001,Market_1,Kazan,PR013,Product_13,Household,20,2697.6,1585.8000000000002,1111.7999999999997,20,0,0.0,2697.6,1.0,42,0,0,1
2026-08-09,2026,8,2026-08,2026-08-01,9,Sunday,1,ST001,Market_1,Kazan,PR013,Product_13,Household,31,4181.28,2457.9900000000002,1723.2899999999995,31,0,0.0,4181.28,1.0,11,224,0,1
2026-08-10,2026,8,2026-08,2026-08-01,10,Monday,0,ST001,Market_1,Kazan,PR013,Product_13,Household,8,1079.04,634.32,444.7199999999999,8,0,0.0,1079.04,1.0,3,0,0,1
2026-08-11,2026,8,2026-08,2026-08-01,11,Tuesday,0,ST001,Market_1,Kazan,PR013,Product_13,Household,11,1483.68,872.19,611.49,11,0,0.0,1483.6799999999998,1.0,216,0,0,1
2026-08-12,2026,8,2026-08,2026-08-01,12,Wednesday,0,ST001,Market_1,Kazan,PR013,Product_13,Household,15,2023.2,1189.3500000000001,833.8499999999999,15,0,0.0,2023.1999999999998,1.0,201,0,0,1
2026-08-13,2026,8,2026-08,2026-08-01,13,Thursday,0,ST001,Market_1,Kazan,PR013,Product_13,Household,13,1753.44,1030.77,722.6700000000001,13,0,0.0,1753.44,1.0,188,0,0,1
2026-08-14,2026,8,2026-08,2026-08-01,14,Friday,0,ST001,Market_1,Kazan,PR013,Product_13,Household,18,2427.84,1427.22,1000.6200000000001,18,0,0.0,2427.84,1.0,170,0,0,1
2026-08-15,2026,8,2026-08,2026-08-01,15,Saturday,1,ST001,Market_1,Kazan,PR013,Product_13,Household,26,3506.88,2061.54,1445.3400000000001,26,0,0.0,3506.88,1.0,144,0,0,1
2026-08-16,2026,8,2026-08,2026-08-01,16,Sunday,1,ST001,Market_1,Kazan,PR013,Product_13,Household,26,3506.88,2061.54,1445.3400000000001,26,0,0.0,3506.88,1.0,118,0,0,1
2026-08-17,2026,8,2026-08,2026-08-01,17,Monday,0,ST001,Market_1,Kazan,PR013,Product_13,Household,18,2427.84,1427.22,1000.6200000000001,18,0,0.0,2427.84,1.0,100,0,0,1
2026-08-18,2026,8,2026-08,2026-08-01,18,Tuesday,0,ST001,Market_1,Kazan,PR013,Product_13,Household,15,2023.2,1189.3500000000001,833.8499999999999,15,0,0.0,2023.1999999999998,1.0,85,0,0,1
2026-08-19,2026,8,2026-08,2026-08-01,19,Wednesday,0,ST001,Market_1,Kazan,PR013,Product_13,Household,14,1888.32,1110.0600000000002,778.2599999999998,14,0,0.0,1888.32,1.0,71,0,0,1
2026-08-20,2026,8,2026-08,2026-08-01,20,Thursday,0,ST001,Market_1,Kazan,PR013,Product_13,Household,13,1753.44,1030.77,722.6700000000001,13,0,0.0,1753.44,1.0,58,0,0,1
2026-08-21,2026,8,2026-08,2026-08-01,21,Friday,0,ST001,Market_1,Kazan,PR013,Product_13,Household,12,1618.56,951.48,667.0799999999999,12,0,0.0,1618.56,1.0,46,0,0,1
2026-08-22,2026,8,2026-08,2026-08-01,22,Saturday,1,ST001,Market_1,Kazan,PR013,Product_13,Household,21,2832.48,1665.0900000000001,1167.3899999999999,21,0,0.0,2832.48,1.0,25,224,0,1
2026-08-23,2026,8,2026-08,2026-08-01,23,Sunday,1,ST001,Market_1,Kazan,PR013,Product_13,Household,16,2158.08,1268.64,889.4399999999998,16,0,0.0,2158.08,1.0,9,0,0,1
2026-08-24,2026,8,2026-08,2026-08-01,24,Monday,0,ST001,Market_1,Kazan,PR013,Product_13,Household,16,2158.08,1268.64,889.4399999999998,16,0,0.0,2158.08,1.0,217,0,0,1
2026-08-25,2026,8,2026-08,2026-08-01,25,Tuesday,0,ST001,Market_1,Kazan,PR013,Product_13,Household,16,2158.08,1268.64,889.4399999999998,16,0,0.0,2158.08,1.0,201,0,0,1
2026-08-26,2026,8,2026-08,2026-08-01,26,Wednesday,0,ST001,Market_1,Kazan,PR013,Product_13,Household,17,2292.96,1347.93,945.03,17,0,0.0,2292.96,1.0,184,0,0,1
2026-08-27,2026,8,2026-08,2026-08-01,27,Thursday,0,ST001,Market_1,Kazan,PR013,Product_13,Household,11,1483.68,872.19,611.49,11,0,0.0,1483.6799999999998,1.0,173,0,0,1
2026-08-28,2026,8,2026-08,2026-08-01,28,Friday,0,ST001,Market_1,Kazan,PR013,Product_13,Household,16,2158.08,1268.64,889.4399999999998,16,0,0.0,2158.08,1.0,157,0,0,1
2026-08-29,2026,8,2026-08,2026-08-01,29,Saturday,1,ST001,Market_1,Kazan,PR013,Product_13,Household,20,2697.6,1585.8000000000002,1111.7999999999997,20,0,0.0,2697.6,1.0,137,0,0,1
2026-08-30,2026,8,2026-08,2026-08-01,30,Sunday,1,ST001,Market_1,Kazan,PR013,Product_13,Household,27,3641.76,2140.8300000000004,1500.9299999999998,27,0,0.0,3641.7599999999998,1.0,110,0,0,1
2026-08-31,2026,8,2026-08,2026-08-01,31,Monday,0,ST001,Market_1,Kazan,PR013,Product_13,Household,15,2023.2,1189.3500000000001,833.8499999999999,15,0,0.0,2023.1999999999998,1.0,95,0,0,1
2026-09-01,2026,9,2026-09,2026-09-01,1,Tuesday,0,ST001,Market_1,Kazan,PR013,Product_13,Household,20,2697.6,1585.8000000000002,1111.7999999999997,20,0,0.0,2697.6,1.0,75,0,0,1
2026-09-02,2026,9,2026-09,2026-09-01,2,Wednesday,0,ST001,Market_1,Kazan,PR013,Product_13,Household,17,2292.96,1347.93,945.03,17,0,0.0,2292.96,1.0,58,0,0,1
2026-09-03,2026,9,2026-09,2026-09-01,3,Thursday,0,ST001,Market_1,Kazan,PR013,Product_13,Household,12,1618.56,951.48,667.0799999999999,12,0,0.0,1618.56,1.0,46,0,0,1
2026-09-04,2026,9,2026-09,2026-09-01,4,Friday,0,ST001,Market_1,Kazan,PR013,Product_13,Household,17,2292.96,1347.93,945.03,17,0,0.0,2292.96,1.0,29,224,0,1
2026-09-05,2026,9,2026-09,2026-09-01,5,Saturday,1,ST001,Market_1,Kazan,PR013,Product_13,Household,23,3102.24,1823.67,1278.5699999999997,23,0,0.0,3102.24,1.0,6,0,0,1
2026-09-06,2026,9,2026-09,2026-09-01,6,Sunday,1,ST001,Market_1,Kazan,PR013,Product_13,Household,17,2292.96,1347.93,945.03,17,0,0.0,2292.96,1.0,213,0,0,1
2026-09-07,2026,9,2026-09,2026-09-01,7,Monday,0,ST001,Market_1,Kazan,PR013,Product_13,Household,15,2023.2,1189.3500000000001,833.8499999999999,15,0,0.0,2023.1999999999998,1.0,198,0,0,1
2026-06-10,2026,6,2026-06,2026-06-01,10,Wednesday,0,ST001,Market_1,Kazan,PR014,Product_14,Household,4,652.96,488.28,164.68000000000006,4,0,0.0,652.96,1.0,164,0,0,1
2026-06-11,2026,6,2026-06,2026-06-01,11,Thursday,0,ST001,Market_1,Kazan,PR014,Product_14,Household,14,2285.36,1708.98,576.3800000000001,14,0,0.0,2285.36,1.0,150,0,0,1
2026-06-12,2026,6,2026-06,2026-06-01,12,Friday,0,ST001,Market_1,Kazan,PR014,Product_14,Household,9,1469.16,1098.6299999999999,370.5300000000002,9,0,0.0,1469.16,1.0,141,0,0,1
2026-06-13,2026,6,2026-06,2026-06-01,13,Saturday,1,ST001,Market_1,Kazan,PR014,Product_14,Household,14,2285.36,1708.98,576.3800000000001,14,0,0.0,2285.36,1.0,127,0,0,1
2026-06-14,2026,6,2026-06,2026-06-01,14,Sunday,1,ST001,Market_1,Kazan,PR014,Product_14,Household,15,2448.6,1831.05,617.55,15,0,0.0,2448.6000000000004,1.0,112,0,0,1
2026-06-15,2026,6,2026-06,2026-06-01,15,Monday,0,ST001,Market_1,Kazan,PR014,Product_14,Household,16,2611.84,1953.12,658.7200000000003,16,0,0.0,2611.84,1.0,96,0,0,1
2026-06-16,2026,6,2026-06,2026-06-01,16,Tuesday,0,ST001,Market_1,Kazan,PR014,Product_14,Household,10,1632.4,1220.6999999999998,411.7000000000003,10,0,0.0,1632.4,1.0,86,0,0,1
2026-06-17,2026,6,2026-06,2026-06-01,17,Wednesday,0,ST001,Market_1,Kazan,PR014,Product_14,Household,15,2448.6,1831.05,617.55,15,0,0.0,2448.6000000000004,1.0,71,0,0,1
2026-06-18,2026,6,2026-06,2026-06-01,18,Thursday,0,ST001,Market_1,Kazan,PR014,Product_14,Household,9,1469.16,1098.6299999999999,370.5300000000002,9,0,0.0,1469.16,1.0,62,0,0,1
2026-06-19,2026,6,2026-06,2026-06-01,19,Friday,0,ST001,Market_1,Kazan,PR014,Product_14,Household,12,1958.88,1464.84,494.0400000000002,12,0,0.0,1958.88,1.0,50,0,0,1
2026-06-20,2026,6,2026-06,2026-06-01,20,Saturday,1,ST001,Market_1,Kazan,PR014,Product_14,Household,22,3591.28,2685.54,905.7400000000002,22,0,0.0,3591.28,1.0,28,0,0,1
2026-06-21,2026,6,2026-06,2026-06-01,21,Sunday,1,ST001,Market_1,Kazan,PR014,Product_14,Household,15,2448.6,1831.05,617.55,15,0,0.0,2448.6000000000004,1.0,13,168,0,1
2026-06-22,2026,6,2026-06,2026-06-01,22,Monday,0,ST001,Market_1,Kazan,PR014,Product_14,Household,13,2122.12,1586.9099999999999,535.21,16,3,489.72,2611.84,0.8125,0,0,1,0
2026-06-23,2026,6,2026-06,2026-06-01,23,Tuesday,0,ST001,Market_1,Kazan,PR014,Product_14,Household,12,1958.88,1464.84,494.0400000000002,12,0,0.0,1958.88,1.0,156,0,0,1
2026-06-24,2026,6,2026-06,2026-06-01,24,Wednesday,0,ST001,Market_1,Kazan,PR014,Product_14,Household,18,2938.32,2197.2599999999998,741.0600000000004,18,0,0.0,2938.32,1.0,138,0,0,1
2026-06-25,2026,6,2026-06,2026-06-01,25,Thursday,0,ST001,Market_1,Kazan,PR014,Product_14,Household,12,1958.88,1464.84,494.0400000000002,12,0,0.0,1958.88,1.0,126,0,0,1
2026-06-26,2026,6,2026-06,2026-06-01,26,Friday,0,ST001,Market_1,Kazan,PR014,Product_14,Household,12,1958.88,1464.84,494.0400000000002,12,0,0.0,1958.88,1.0,114,0,0,1
2026-06-27,2026,6,2026-06,2026-06-01,27,Saturday,1,ST001,Market_1,Kazan,PR014,Product_14,Household,12,1958.88,1464.84,494.0400000000002,12,0,0.0,1958.88,1.0,102,0,0,1
2026-06-28,2026,6,2026-06,2026-06-01,28,Sunday,1,ST001,Market_1,Kazan,PR014,Product_14,Household,19,3101.56,2319.33,782.23,19,0,0.0,3101.5600000000004,1.0,83,0,0,1
2026-06-29,2026,6,2026-06,2026-06-01,29,Monday,0,ST001,Market_1,Kazan,PR014,Product_14,Household,11,1795.64,1342.77,452.8700000000001,11,0,0.0,1795.64,1.0,72,0,0,1
2026-06-30,2026,6,2026-06,2026-06-01,30,Tuesday,0,ST001,Market_1,Kazan,PR014,Product_14,Household,14,2285.36,1708.98,576.3800000000001,14,0,0.0,2285.36,1.0,58,0,0,1
2026-07-01,2026,7,2026-07,2026-07-01,1,Wednesday,0,ST001,Market_1,Kazan,PR014,Product_14,Household,10,1632.4,1220.6999999999998,411.7000000000003,10,0,0.0,1632.4,1.0,48,0,0,1
2026-07-02,2026,7,2026-07,2026-07-01,2,Thursday,0,ST001,Market_1,Kazan,PR014,Product_14,Household,11,1795.64,1342.77,452.8700000000001,11,0,0.0,1795.64,1.0,37,0,0,1
2026-07-03,2026,7,2026-07,2026-07-01,3,Friday,0,ST001,Market_1,Kazan,PR014,Product_14,Household,16,2611.84,1953.12,658.7200000000003,16,0,0.0,2611.84,1.0,21,168,0,1
2026-07-04,2026,7,2026-07,2026-07-01,4,Saturday,1,ST001,Market_1,Kazan,PR014,Product_14,Household,15,2448.6,1831.05,617.55,15,0,0.0,2448.6000000000004,1.0,6,0,0,1
2026-07-05,2026,7,2026-07,2026-07-01,5,Sunday,1,ST001,Market_1,Kazan,PR014,Product_14,Household,11,1795.64,1342.77,452.8700000000001,11,0,0.0,1795.64,1.0,163,0,0,1
2026-07-06,2026,7,2026-07,2026-07-01,6,Monday,0,ST001,Market_1,Kazan,PR014,Product_14,Household,11,1795.64,1342.77,452.8700000000001,11,0,0.0,1795.64,1.0,152,0,0,1
2026-07-07,2026,7,2026-07,2026-07-01,7,Tuesday,0,ST001,Market_1,Kazan,PR014,Product_14,Household,14,2285.36,1708.98,576.3800000000001,14,0,0.0,2285.36,1.0,138,0,0,1
2026-07-08,2026,7,2026-07,2026-07-01,8,Wednesday,0,ST001,Market_1,Kazan,PR014,Product_14,Household,11,1795.64,1342.77,452.8700000000001,11,0,0.0,1795.64,1.0,127,0,0,1
2026-07-09,2026,7,2026-07,2026-07-01,9,Thursday,0,ST001,Market_1,Kazan,PR014,Product_14,Household,8,1305.92,976.56,329.3600000000001,8,0,0.0,1305.92,1.0,119,0,0,1
2026-07-10,2026,7,2026-07,2026-07-01,10,Friday,0,ST001,Market_1,Kazan,PR014,Product_14,Household,4,652.96,488.28,164.68000000000006,4,0,0.0,652.96,1.0,115,0,0,1
2026-07-11,2026,7,2026-07,2026-07-01,11,Saturday,1,ST001,Market_1,Kazan,PR014,Product_14,Household,17,2775.08,2075.19,699.8899999999999,17,0,0.0,2775.08,1.0,98,0,0,1
2026-07-12,2026,7,2026-07,2026-07-01,12,Sunday,1,ST001,Market_1,Kazan,PR014,Product_14,Household,17,2775.08,2075.19,699.8899999999999,17,0,0.0,2775.08,1.0,81,0,0,1
2026-07-13,2026,7,2026-07,2026-07-01,13,Monday,0,ST001,Market_1,Kazan,PR014,Product_14,Household,20,3264.8,2441.3999999999996,823.4000000000005,20,0,0.0,3264.8,1.0,61,0,0,1
2026-07-14,2026,7,2026-07,2026-07-01,14,Tuesday,0,ST001,Market_1,Kazan,PR014,Product_14,Household,18,2938.32,2197.2599999999998,741.0600000000004,18,0,0.0,2938.32,1.0,43,0,0,1
2026-07-15,2026,7,2026-07,2026-07-01,15,Wednesday,0,ST001,Market_1,Kazan,PR014,Product_14,Household,13,2122.12,1586.9099999999999,535.21,13,0,0.0,2122.12,1.0,30,0,0,1
2026-07-16,2026,7,2026-07,2026-07-01,16,Thursday,0,ST001,Market_1,Kazan,PR014,Product_14,Household,15,2448.6,1831.05,617.55,15,0,0.0,2448.6000000000004,1.0,15,168,0,1
2026-07-17,2026,7,2026-07,2026-07-01,17,Friday,0,ST001,Market_1,Kazan,PR014,Product_14,Household,14,2285.36,1708.98,576.3800000000001,14,0,0.0,2285.36,1.0,1,0,0,1
2026-07-18,2026,7,2026-07,2026-07-01,18,Saturday,1,ST001,Market_1,Kazan,PR014,Product_14,Household,12,1958.88,1464.84,494.0400000000002,12,0,0.0,1958.88,1.0,157,0,0,1
2026-07-19,2026,7,2026-07,2026-07-01,19,Sunday,1,ST001,Market_1,Kazan,PR014,Product_14,Household,17,2775.08,2075.19,699.8899999999999,17,0,0.0,2775.08,1.0,140,0,0,1
2026-07-20,2026,7,2026-07,2026-07-01,20,Monday,0,ST001,Market_1,Kazan,PR014,Product_14,Household,11,1795.64,1342.77,452.8700000000001,11,0,0.0,1795.64,1.0,129,0,0,1
2026-07-21,2026,7,2026-07,2026-07-01,21,Tuesday,0,ST001,Market_1,Kazan,PR014,Product_14,Household,18,2938.32,2197.2599999999998,741.0600000000004,18,0,0.0,2938.32,1.0,111,0,0,1
2026-07-22,2026,7,2026-07,2026-07-01,22,Wednesday,0,ST001,Market_1,Kazan,PR014,Product_14,Household,16,2611.84,1953.12,658.7200000000003,16,0,0.0,2611.84,1.0,95,0,0,1
2026-07-23,2026,7,2026-07,2026-07-01,23,Thursday,0,ST001,Market_1,Kazan,PR014,Product_14,Household,12,1958.88,1464.84,494.0400000000002,12,0,0.0,1958.88,1.0,83,0,0,1
2026-07-24,2026,7,2026-07,2026-07-01,24,Friday,0,ST001,Market_1,Kazan,PR014,Product_14,Household,13,2122.12,1586.9099999999999,535.21,13,0,0.0,2122.12,1.0,70,0,0,1
2026-07-25,2026,7,2026-07,2026-07-01,25,Saturday,1,ST001,Market_1,Kazan,PR014,Product_14,Household,28,4570.72,3417.96,1152.7600000000002,28,0,0.0,4570.72,1.0,42,0,0,1
2026-07-26,2026,7,2026-07,2026-07-01,26,Sunday,1,ST001,Market_1,Kazan,PR014,Product_14,Household,20,3264.8,2441.3999999999996,823.4000000000005,20,0,0.0,3264.8,1.0,22,0,0,1
2026-07-27,2026,7,2026-07,2026-07-01,27,Monday,0,ST001,Market_1,Kazan,PR014,Product_14,Household,19,3101.56,2319.33,782.23,19,0,0.0,3101.5600000000004,1.0,3,0,0,1
2026-07-28,2026,7,2026-07,2026-07-01,28,Tuesday,0,ST001,Market_1,Kazan,PR014,Product_14,Household,3,489.72,366.21,123.51000000000005,15,12,1958.88,2448.6000000000004,0.2,0,168,1,0
2026-07-29,2026,7,2026-07,2026-07-01,29,Wednesday,0,ST001,Market_1,Kazan,PR014,Product_14,Household,0,0.0,0.0,0.0,13,13,2122.12,2122.12,0.0,0,0,1,0
2026-07-30,2026,7,2026-07,2026-07-01,30,Thursday,0,ST001,Market_1,Kazan,PR014,Product_14,Household,14,2285.36,1708.98,576.3800000000001,14,0,0.0,2285.36,1.0,154,0,0,1
2026-07-31,2026,7,2026-07,2026-07-01,31,Friday,0,ST001,Market_1,Kazan,PR014,Product_14,Household,19,3101.56,2319.33,782.23,19,0,0.0,3101.5600000000004,1.0,135,0,0,1
2026-08-01,2026,8,2026-08,2026-08-01,1,Saturday,1,ST001,Market_1,Kazan,PR014,Product_14,Household,18,2938.32,2197.2599999999998,741.0600000000004,18,0,0.0,2938.32,1.0,117,0,0,1
2026-08-02,2026,8,2026-08,2026-08-01,2,Sunday,1,ST001,Market_1,Kazan,PR014,Product_14,Household,14,2285.36,1708.98,576.3800000000001,14,0,0.0,2285.36,1.0,103,0,0,1
2026-08-03,2026,8,2026-08,2026-08-01,3,Monday,0,ST001,Market_1,Kazan,PR014,Product_14,Household,11,1795.64,1342.77,452.8700000000001,11,0,0.0,1795.64,1.0,92,0,0,1
2026-08-04,2026,8,2026-08,2026-08-01,4,Tuesday,0,ST001,Market_1,Kazan,PR014,Product_14,Household,8,1305.92,976.56,329.3600000000001,8,0,0.0,1305.92,1.0,84,0,0,1
2026-08-05,2026,8,2026-08,2026-08-01,5,Wednesday,0,ST001,Market_1,Kazan,PR014,Product_14,Household,6,979.44,732.42,247.0200000000001,6,0,0.0,979.44,1.0,78,0,0,1
2026-08-06,2026,8,2026-08,2026-08-01,6,Thursday,0,ST001,Market_1,Kazan,PR014,Product_14,Household,7,1142.68,854.49,288.19000000000005,7,0,0.0,1142.68,1.0,71,0,0,1
2026-08-07,2026,8,2026-08,2026-08-01,7,Friday,0,ST001,Market_1,Kazan,PR014,Product_14,Household,14,2285.36,1708.98,576.3800000000001,14,0,0.0,2285.36,1.0,57,0,0,1
2026-08-08,2026,8,2026-08,2026-08-01,8,Saturday,1,ST001,Market_1,Kazan,PR014,Product_14,Household,12,1958.88,1464.84,494.0400000000002,12,0,0.0,1958.88,1.0,45,0,0,1
2026-08-09,2026,8,2026-08,2026-08-01,9,Sunday,1,ST001,Market_1,Kazan,PR014,Product_14,Household,30,4897.2,3662.1,1235.1,30,0,0.0,4897.200000000001,1.0,15,168,0,1
2026-08-10,2026,8,2026-08,2026-08-01,10,Monday,0,ST001,Market_1,Kazan,PR014,Product_14,Household,9,1469.16,1098.6299999999999,370.5300000000002,9,0,0.0,1469.16,1.0,6,0,0,1
2026-08-11,2026,8,2026-08,2026-08-01,11,Tuesday,0,ST001,Market_1,Kazan,PR014,Product_14,Household,18,2938.32,2197.2599999999998,741.0600000000004,18,0,0.0,2938.32,1.0,156,0,0,1
2026-08-12,2026,8,2026-08,2026-08-01,12,Wednesday,0,ST001,Market_1,Kazan,PR014,Product_14,Household,4,652.96,488.28,164.68000000000006,4,0,0.0,652.96,1.0,152,0,0,1
2026-08-13,2026,8,2026-08,2026-08-01,13,Thursday,0,ST001,Market_1,Kazan,PR014,Product_14,Household,13,2122.12,1586.9099999999999,535.21,13,0,0.0,2122.12,1.0,139,0,0,1
2026-08-14,2026,8,2026-08,2026-08-01,14,Friday,0,ST001,Market_1,Kazan,PR014,Product_14,Household,10,1632.4,1220.6999999999998,411.7000000000003,10,0,0.0,1632.4,1.0,129,0,0,1
2026-08-15,2026,8,2026-08,2026-08-01,15,Saturday,1,ST001,Market_1,Kazan,PR014,Product_14,Household,18,2938.32,2197.2599999999998,741.0600000000004,18,0,0.0,2938.32,1.0,111,0,0,1
2026-08-16,2026,8,2026-08,2026-08-01,16,Sunday,1,ST001,Market_1,Kazan,PR014,Product_14,Household,14,2285.36,1708.98,576.3800000000001,14,0,0.0,2285.36,1.0,97,0,0,1
2026-08-17,2026,8,2026-08,2026-08-01,17,Monday,0,ST001,Market_1,Kazan,PR014,Product_14,Household,11,1795.64,1342.77,452.8700000000001,11,0,0.0,1795.64,1.0,86,0,0,1
2026-08-18,2026,8,2026-08,2026-08-01,18,Tuesday,0,ST001,Market_1,Kazan,PR014,Product_14,Household,9,1469.16,1098.6299999999999,370.5300000000002,9,0,0.0,1469.16,1.0,77,0,0,1
2026-08-19,2026,8,2026-08,2026-08-01,19,Wednesday,0,ST001,Market_1,Kazan,PR014,Product_14,Household,6,979.44,732.42,247.0200000000001,6,0,0.0,979.44,1.0,71,0,0,1
2026-08-20,2026,8,2026-08,2026-08-01,20,Thursday,0,ST001,Market_1,Kazan,PR014,Product_14,Household,10,1632.4,1220.6999999999998,411.7000000000003,10,0,0.0,1632.4,1.0,61,0,0,1
2026-08-21,2026,8,2026-08,2026-08-01,21,Friday,0,ST001,Market_1,Kazan,PR014,Product_14,Household,6,979.44,732.42,247.0200000000001,6,0,0.0,979.44,1.0,55,0,0,1
2026-08-22,2026,8,2026-08,2026-08-01,22,Saturday,1,ST001,Market_1,Kazan,PR014,Product_14,Household,20,3264.8,2441.3999999999996,823.4000000000005,20,0,0.0,3264.8,1.0,35,168,0,1
2026-08-23,2026,8,2026-08,2026-08-01,23,Sunday,1,ST001,Market_1,Kazan,PR014,Product_14,Household,17,2775.08,2075.19,699.8899999999999,17,0,0.0,2775.08,1.0,18,0,0,1
2026-08-24,2026,8,2026-08,2026-08-01,24,Monday,0,ST001,Market_1,Kazan,PR014,Product_14,Household,10,1632.4,1220.6999999999998,411.7000000000003,10,0,0.0,1632.4,1.0,176,0,0,1
2026-08-25,2026,8,2026-08,2026-08-01,25,Tuesday,0,ST001,Market_1,Kazan,PR014,Product_14,Household,12,1958.88,1464.84,494.0400000000002,12,0,0.0,1958.88,1.0,164,0,0,1
2026-08-26,2026,8,2026-08,2026-08-01,26,Wednesday,0,ST001,Market_1,Kazan,PR014,Product_14,Household,13,2122.12,1586.9099999999999,535.21,13,0,0.0,2122.12,1.0,151,0,0,1
2026-08-27,2026,8,2026-08,2026-08-01,27,Thursday,0,ST001,Market_1,Kazan,PR014,Product_14,Household,15,2448.6,1831.05,617.55,15,0,0.0,2448.6000000000004,1.0,136,0,0,1
2026-08-28,2026,8,2026-08,2026-08-01,28,Friday,0,ST001,Market_1,Kazan,PR014,Product_14,Household,8,1305.92,976.56,329.3600000000001,8,0,0.0,1305.92,1.0,128,0,0,1
2026-08-29,2026,8,2026-08,2026-08-01,29,Saturday,1,ST001,Market_1,Kazan,PR014,Product_14,Household,15,2448.6,1831.05,617.55,15,0,0.0,2448.6000000000004,1.0,113,0,0,1
2026-08-30,2026,8,2026-08,2026-08-01,30,Sunday,1,ST001,Market_1,Kazan,PR014,Product_14,Household,19,3101.56,2319.33,782.23,19,0,0.0,3101.5600000000004,1.0,94,0,0,1
2026-08-31,2026,8,2026-08,2026-08-01,31,Monday,0,ST001,Market_1,Kazan,PR014,Product_14,Household,14,2285.36,1708.98,576.3800000000001,14,0,0.0,2285.36,1.0,80,0,0,1
2026-09-01,2026,9,2026-09,2026-09-01,1,Tuesday,0,ST001,Market_1,Kazan,PR014,Product_14,Household,13,2122.12,1586.9099999999999,535.21,13,0,0.0,2122.12,1.0,67,0,0,1
2026-09-02,2026,9,2026-09,2026-09-01,2,Wednesday,0,ST001,Market_1,Kazan,PR014,Product_14,Household,10,1632.4,1220.6999999999998,411.7000000000003,10,0,0.0,1632.4,1.0,57,0,0,1
2026-09-03,2026,9,2026-09,2026-09-01,3,Thursday,0,ST001,Market_1,Kazan,PR014,Product_14,Household,11,1795.64,1342.77,452.8700000000001,11,0,0.0,1795.64,1.0,46,0,0,1
2026-09-04,2026,9,2026-09,2026-09-01,4,Friday,0,ST001,Market_1,Kazan,PR014,Product_14,Household,11,1795.64,1342.77,452.8700000000001,11,0,0.0,1795.64,1.0,35,0,0,1
2026-09-05,2026,9,2026-09,2026-09-01,5,Saturday,1,ST001,Market_1,Kazan,PR014,Product_14,Household,20,3264.8,2441.3999999999996,823.4000000000005,20,0,0.0,3264.8,1.0,15,168,0,1
2026-09-06,2026,9,2026-09,2026-09-01,6,Sunday,1,ST001,Market_1,Kazan,PR014,Product_14,Household,15,2448.6,1831.05,617.55,19,4,652.96,3101.5600000000004,0.7894736842105263,0,0,1,0
2026-09-07,2026,9,2026-09,2026-09-01,7,Monday,0,ST001,Market_1,Kazan,PR014,Product_14,Household,14,2285.36,1708.98,576.3800000000001,14,0,0.0,2285.36,1.0,154,0,0,1
2026-06-10,2026,6,2026-06,2026-06-01,10,Wednesday,0,ST001,Market_1,Kazan,PR015,Product_15,Household,25,2060.75,1149.0,911.75,25,0,0.0,2060.75,1.0,241,0,0,1
2026-06-11,2026,6,2026-06,2026-06-01,11,Thursday,0,ST001,Market_1,Kazan,PR015,Product_15,Household,19,1566.17,873.24,692.9300000000001,19,0,0.0,1566.17,1.0,222,0,0,1
2026-06-12,2026,6,2026-06,2026-06-01,12,Friday,0,ST001,Market_1,Kazan,PR015,Product_15,Household,18,1483.74,827.28,656.46,18,0,0.0,1483.7400000000002,1.0,204,0,0,1
2026-06-13,2026,6,2026-06,2026-06-01,13,Saturday,1,ST001,Market_1,Kazan,PR015,Product_15,Household,24,1978.32,1103.04,875.28,24,0,0.0,1978.3200000000002,1.0,180,0,0,1
2026-06-14,2026,6,2026-06,2026-06-01,14,Sunday,1,ST001,Market_1,Kazan,PR015,Product_15,Household,33,2720.19,1516.68,1203.51,33,0,0.0,2720.19,1.0,147,0,0,1
2026-06-15,2026,6,2026-06,2026-06-01,15,Monday,0,ST001,Market_1,Kazan,PR015,Product_15,Household,27,2225.61,1240.92,984.69,27,0,0.0,2225.61,1.0,120,0,0,1
2026-06-16,2026,6,2026-06,2026-06-01,16,Tuesday,0,ST001,Market_1,Kazan,PR015,Product_15,Household,24,1978.32,1103.04,875.28,24,0,0.0,1978.3200000000002,1.0,96,0,0,1
2026-06-17,2026,6,2026-06,2026-06-01,17,Wednesday,0,ST001,Market_1,Kazan,PR015,Product_15,Household,23,1895.89,1057.08,838.8100000000002,23,0,0.0,1895.89,1.0,73,0,0,1
2026-06-18,2026,6,2026-06,2026-06-01,18,Thursday,0,ST001,Market_1,Kazan,PR015,Product_15,Household,24,1978.32,1103.04,875.28,24,0,0.0,1978.3200000000002,1.0,49,0,0,1
2026-06-19,2026,6,2026-06,2026-06-01,19,Friday,0,ST001,Market_1,Kazan,PR015,Product_15,Household,16,1318.88,735.36,583.5200000000001,16,0,0.0,1318.88,1.0,33,0,0,1
2026-06-20,2026,6,2026-06,2026-06-01,20,Saturday,1,ST001,Market_1,Kazan,PR015,Product_15,Household,31,2555.33,1424.76,1130.57,31,0,0.0,2555.3300000000004,1.0,2,266,0,1
2026-06-21,2026,6,2026-06,2026-06-01,21,Sunday,1,ST001,Market_1,Kazan,PR015,Product_15,Household,2,164.86,91.92,72.94000000000001,33,31,2555.3300000000004,2720.19,0.06060606060606061,0,0,1,0
2026-06-22,2026,6,2026-06,2026-06-01,22,Monday,0,ST001,Market_1,Kazan,PR015,Product_15,Household,21,1731.03,965.16,765.87,21,0,0.0,1731.0300000000002,1.0,245,0,0,1
2026-06-23,2026,6,2026-06,2026-06-01,23,Tuesday,0,ST001,Market_1,Kazan,PR015,Product_15,Household,17,1401.31,781.32,619.9899999999999,17,0,0.0,1401.3100000000002,1.0,228,0,0,1
2026-06-24,2026,6,2026-06,2026-06-01,24,Wednesday,0,ST001,Market_1,Kazan,PR015,Product_15,Household,20,1648.6,919.2,729.3999999999999,20,0,0.0,1648.6000000000001,1.0,208,0,0,1
2026-06-25,2026,6,2026-06,2026-06-01,25,Thursday,0,ST001,Market_1,Kazan,PR015,Product_15,Household,21,1731.03,965.16,765.87,21,0,0.0,1731.0300000000002,1.0,187,0,0,1
2026-06-26,2026,6,2026-06,2026-06-01,26,Friday,0,ST001,Market_1,Kazan,PR015,Product_15,Household,18,1483.74,827.28,656.46,18,0,0.0,1483.7400000000002,1.0,169,0,0,1
2026-06-27,2026,6,2026-06,2026-06-01,27,Saturday,1,ST001,Market_1,Kazan,PR015,Product_15,Household,31,2555.33,1424.76,1130.57,31,0,0.0,2555.3300000000004,1.0,138,0,0,1
2026-06-28,2026,6,2026-06,2026-06-01,28,Sunday,1,ST001,Market_1,Kazan,PR015,Product_15,Household,30,2472.9,1378.8,1094.1000000000001,30,0,0.0,2472.9,1.0,108,0,0,1
2026-06-29,2026,6,2026-06,2026-06-01,29,Monday,0,ST001,Market_1,Kazan,PR015,Product_15,Household,21,1731.03,965.16,765.87,21,0,0.0,1731.0300000000002,1.0,87,0,0,1
2026-06-30,2026,6,2026-06,2026-06-01,30,Tuesday,0,ST001,Market_1,Kazan,PR015,Product_15,Household,15,1236.45,689.4,547.0500000000001,15,0,0.0,1236.45,1.0,72,0,0,1
2026-07-01,2026,7,2026-07,2026-07-01,1,Wednesday,0,ST001,Market_1,Kazan,PR015,Product_15,Household,13,1071.59,597.48,474.1099999999999,13,0,0.0,1071.5900000000001,1.0,59,0,0,1
2026-07-02,2026,7,2026-07,2026-07-01,2,Thursday,0,ST001,Market_1,Kazan,PR015,Product_15,Household,24,1978.32,1103.04,875.28,24,0,0.0,1978.3200000000002,1.0,35,266,0,1
2026-07-03,2026,7,2026-07,2026-07-01,3,Friday,0,ST001,Market_1,Kazan,PR015,Product_15,Household,22,1813.46,1011.12,802.34,22,0,0.0,1813.46,1.0,13,0,0,1
2026-07-04,2026,7,2026-07,2026-07-01,4,Saturday,1,ST001,Market_1,Kazan,PR015,Product_15,Household,26,2143.18,1194.96,948.2199999999998,26,0,0.0,2143.1800000000003,1.0,253,0,0,1
2026-07-05,2026,7,2026-07,2026-07-01,5,Sunday,1,ST001,Market_1,Kazan,PR015,Product_15,Household,24,1978.32,1103.04,875.28,24,0,0.0,1978.3200000000002,1.0,229,0,0,1
2026-07-06,2026,7,2026-07,2026-07-01,6,Monday,0,ST001,Market_1,Kazan,PR015,Product_15,Household,16,1318.88,735.36,583.5200000000001,16,0,0.0,1318.88,1.0,213,0,0,1
2026-07-07,2026,7,2026-07,2026-07-01,7,Tuesday,0,ST001,Market_1,Kazan,PR015,Product_15,Household,21,1731.03,965.16,765.87,21,0,0.0,1731.0300000000002,1.0,192,0,0,1
2026-07-08,2026,7,2026-07,2026-07-01,8,Wednesday,0,ST001,Market_1,Kazan,PR015,Product_15,Household,20,1648.6,919.2,729.3999999999999,20,0,0.0,1648.6000000000001,1.0,172,0,0,1
2026-07-09,2026,7,2026-07,2026-07-01,9,Thursday,0,ST001,Market_1,Kazan,PR015,Product_15,Household,16,1318.88,735.36,583.5200000000001,16,0,0.0,1318.88,1.0,156,0,0,1
2026-07-10,2026,7,2026-07,2026-07-01,10,Friday,0,ST001,Market_1,Kazan,PR015,Product_15,Household,31,2555.33,1424.76,1130.57,31,0,0.0,2555.3300000000004,1.0,125,0,0,1
2026-07-11,2026,7,2026-07,2026-07-01,11,Saturday,1,ST001,Market_1,Kazan,PR015,Product_15,Household,34,2802.62,1562.64,1239.9799999999998,34,0,0.0,2802.6200000000003,1.0,91,0,0,1
2026-07-12,2026,7,2026-07,2026-07-01,12,Sunday,1,ST001,Market_1,Kazan,PR015,Product_15,Household,28,2308.04,1286.88,1021.1599999999999,28,0,0.0,2308.04,1.0,63,0,0,1
2026-07-13,2026,7,2026-07,2026-07-01,13,Monday,0,ST001,Market_1,Kazan,PR015,Product_15,Household,11,906.73,505.56,401.17,11,0,0.0,906.73,1.0,52,0,0,1
2026-07-14,2026,7,2026-07,2026-07-01,14,Tuesday,0,ST001,Market_1,Kazan,PR015,Product_15,Household,20,1648.6,919.2,729.3999999999999,20,0,0.0,1648.6000000000001,1.0,32,0,0,1
2026-07-15,2026,7,2026-07,2026-07-01,15,Wednesday,0,ST001,Market_1,Kazan,PR015,Product_15,Household,26,2143.18,1194.96,948.2199999999998,26,0,0.0,2143.1800000000003,1.0,6,266,0,1
2026-07-16,2026,7,2026-07,2026-07-01,16,Thursday,0,ST001,Market_1,Kazan,PR015,Product_15,Household,6,494.58,275.76,218.82,16,10,824.3000000000001,1318.88,0.375,0,0,1,0
2026-07-17,2026,7,2026-07,2026-07-01,17,Friday,0,ST001,Market_1,Kazan,PR015,Product_15,Household,23,1895.89,1057.08,838.8100000000002,23,0,0.0,1895.89,1.0,243,0,0,1
2026-07-18,2026,7,2026-07,2026-07-01,18,Saturday,1,ST001,Market_1,Kazan,PR015,Product_15,Household,23,1895.89,1057.08,838.8100000000002,23,0,0.0,1895.89,1.0,220,0,0,1
2026-07-19,2026,7,2026-07,2026-07-01,19,Sunday,1,ST001,Market_1,Kazan,PR015,Product_15,Household,23,1895.89,1057.08,838.8100000000002,23,0,0.0,1895.89,1.0,197,0,0,1
2026-07-20,2026,7,2026-07,2026-07-01,20,Monday,0,ST001,Market_1,Kazan,PR015,Product_15,Household,21,1731.03,965.16,765.87,21,0,0.0,1731.0300000000002,1.0,176,0,0,1
2026-07-21,2026,7,2026-07,2026-07-01,21,Tuesday,0,ST001,Market_1,Kazan,PR015,Product_15,Household,20,1648.6,919.2,729.3999999999999,20,0,0.0,1648.6000000000001,1.0,156,0,0,1
2026-07-22,2026,7,2026-07,2026-07-01,22,Wednesday,0,ST001,Market_1,Kazan,PR015,Product_15,Household,22,1813.46,1011.12,802.34,22,0,0.0,1813.46,1.0,134,0,0,1
2026-07-23,2026,7,2026-07,2026-07-01,23,Thursday,0,ST001,Market_1,Kazan,PR015,Product_15,Household,21,1731.03,965.16,765.87,21,0,0.0,1731.0300000000002,1.0,113,0,0,1
2026-07-24,2026,7,2026-07,2026-07-01,24,Friday,0,ST001,Market_1,Kazan,PR015,Product_15,Household,17,1401.31,781.32,619.9899999999999,17,0,0.0,1401.3100000000002,1.0,96,0,0,1
2026-07-25,2026,7,2026-07,2026-07-01,25,Saturday,1,ST001,Market_1,Kazan,PR015,Product_15,Household,35,2885.05,1608.6000000000001,1276.45,35,0,0.0,2885.05,1.0,61,0,0,1
2026-07-26,2026,7,2026-07,2026-07-01,26,Sunday,1,ST001,Market_1,Kazan,PR015,Product_15,Household,19,1566.17,873.24,692.9300000000001,19,0,0.0,1566.17,1.0,42,0,0,1
2026-07-27,2026,7,2026-07,2026-07-01,27,Monday,0,ST001,Market_1,Kazan,PR015,Product_15,Household,22,1813.46,1011.12,802.34,22,0,0.0,1813.46,1.0,20,266,0,1
2026-07-28,2026,7,2026-07,2026-07-01,28,Tuesday,0,ST001,Market_1,Kazan,PR015,Product_15,Household,13,1071.59,597.48,474.1099999999999,13,0,0.0,1071.5900000000001,1.0,7,0,0,1
2026-07-29,2026,7,2026-07,2026-07-01,29,Wednesday,0,ST001,Market_1,Kazan,PR015,Product_15,Household,22,1813.46,1011.12,802.34,22,0,0.0,1813.46,1.0,251,0,0,1
2026-07-30,2026,7,2026-07,2026-07-01,30,Thursday,0,ST001,Market_1,Kazan,PR015,Product_15,Household,16,1318.88,735.36,583.5200000000001,16,0,0.0,1318.88,1.0,235,0,0,1
2026-07-31,2026,7,2026-07,2026-07-01,31,Friday,0,ST001,Market_1,Kazan,PR015,Product_15,Household,19,1566.17,873.24,692.9300000000001,19,0,0.0,1566.17,1.0,216,0,0,1
2026-08-01,2026,8,2026-08,2026-08-01,1,Saturday,1,ST001,Market_1,Kazan,PR015,Product_15,Household,39,3214.77,1792.44,1422.33,39,0,0.0,3214.7700000000004,1.0,177,0,0,1
2026-08-02,2026,8,2026-08,2026-08-01,2,Sunday,1,ST001,Market_1,Kazan,PR015,Product_15,Household,27,2225.61,1240.92,984.69,27,0,0.0,2225.61,1.0,150,0,0,1
2026-08-03,2026,8,2026-08,2026-08-01,3,Monday,0,ST001,Market_1,Kazan,PR015,Product_15,Household,20,1648.6,919.2,729.3999999999999,20,0,0.0,1648.6000000000001,1.0,130,0,0,1
2026-08-04,2026,8,2026-08,2026-08-01,4,Tuesday,0,ST001,Market_1,Kazan,PR015,Product_15,Household,20,1648.6,919.2,729.3999999999999,20,0,0.0,1648.6000000000001,1.0,110,0,0,1
2026-08-05,2026,8,2026-08,2026-08-01,5,Wednesday,0,ST001,Market_1,Kazan,PR015,Product_15,Household,15,1236.45,689.4,547.0500000000001,15,0,0.0,1236.45,1.0,95,0,0,1
2026-08-06,2026,8,2026-08,2026-08-01,6,Thursday,0,ST001,Market_1,Kazan,PR015,Product_15,Household,16,1318.88,735.36,583.5200000000001,16,0,0.0,1318.88,1.0,79,0,0,1
2026-08-07,2026,8,2026-08,2026-08-01,7,Friday,0,ST001,Market_1,Kazan,PR015,Product_15,Household,18,1483.74,827.28,656.46,18,0,0.0,1483.7400000000002,1.0,61,0,0,1
2026-08-08,2026,8,2026-08,2026-08-01,8,Saturday,1,ST001,Market_1,Kazan,PR015,Product_15,Household,28,2308.04,1286.88,1021.1599999999999,28,0,0.0,2308.04,1.0,33,266,0,1
2026-08-09,2026,8,2026-08,2026-08-01,9,Sunday,1,ST001,Market_1,Kazan,PR015,Product_15,Household,24,1978.32,1103.04,875.28,24,0,0.0,1978.3200000000002,1.0,9,0,0,1
2026-08-10,2026,8,2026-08,2026-08-01,10,Monday,0,ST001,Market_1,Kazan,PR015,Product_15,Household,18,1483.74,827.28,656.46,18,0,0.0,1483.7400000000002,1.0,257,0,0,1
2026-08-11,2026,8,2026-08,2026-08-01,11,Tuesday,0,ST001,Market_1,Kazan,PR015,Product_15,Household,21,1731.03,965.16,765.87,21,0,0.0,1731.0300000000002,1.0,236,0,0,1
2026-08-12,2026,8,2026-08,2026-08-01,12,Wednesday,0,ST001,Market_1,Kazan,PR015,Product_15,Household,13,1071.59,597.48,474.1099999999999,13,0,0.0,1071.5900000000001,1.0,223,0,0,1
2026-08-13,2026,8,2026-08,2026-08-01,13,Thursday,0,ST001,Market_1,Kazan,PR015,Product_15,Household,13,1071.59,597.48,474.1099999999999,13,0,0.0,1071.5900000000001,1.0,210,0,0,1
2026-08-14,2026,8,2026-08,2026-08-01,14,Friday,0,ST001,Market_1,Kazan,PR015,Product_15,Household,22,1813.46,1011.12,802.34,22,0,0.0,1813.46,1.0,188,0,0,1
2026-08-15,2026,8,2026-08,2026-08-01,15,Saturday,1,ST001,Market_1,Kazan,PR015,Product_15,Household,27,2225.61,1240.92,984.69,27,0,0.0,2225.61,1.0,161,0,0,1
2026-08-16,2026,8,2026-08,2026-08-01,16,Sunday,1,ST001,Market_1,Kazan,PR015,Product_15,Household,28,2308.04,1286.88,1021.1599999999999,28,0,0.0,2308.04,1.0,133,0,0,1
2026-08-17,2026,8,2026-08,2026-08-01,17,Monday,0,ST001,Market_1,Kazan,PR015,Product_15,Household,18,1483.74,827.28,656.46,18,0,0.0,1483.7400000000002,1.0,115,0,0,1
2026-08-18,2026,8,2026-08,2026-08-01,18,Tuesday,0,ST001,Market_1,Kazan,PR015,Product_15,Household,24,1978.32,1103.04,875.28,24,0,0.0,1978.3200000000002,1.0,91,0,0,1
2026-08-19,2026,8,2026-08,2026-08-01,19,Wednesday,0,ST001,Market_1,Kazan,PR015,Product_15,Household,13,1071.59,597.48,474.1099999999999,13,0,0.0,1071.5900000000001,1.0,78,0,0,1
2026-08-20,2026,8,2026-08,2026-08-01,20,Thursday,0,ST001,Market_1,Kazan,PR015,Product_15,Household,20,1648.6,919.2,729.3999999999999,20,0,0.0,1648.6000000000001,1.0,58,0,0,1
2026-08-21,2026,8,2026-08,2026-08-01,21,Friday,0,ST001,Market_1,Kazan,PR015,Product_15,Household,12,989.16,551.52,437.64,12,0,0.0,989.1600000000001,1.0,46,0,0,1
2026-08-22,2026,8,2026-08,2026-08-01,22,Saturday,1,ST001,Market_1,Kazan,PR015,Product_15,Household,19,1566.17,873.24,692.9300000000001,19,0,0.0,1566.17,1.0,27,266,0,1
2026-08-23,2026,8,2026-08,2026-08-01,23,Sunday,1,ST001,Market_1,Kazan,PR015,Product_15,Household,27,2225.61,1240.92,984.69,27,0,0.0,2225.61,1.0,0,0,1,0
2026-08-24,2026,8,2026-08,2026-08-01,24,Monday,0,ST001,Market_1,Kazan,PR015,Product_15,Household,21,1731.03,965.16,765.87,21,0,0.0,1731.0300000000002,1.0,245,0,0,1
2026-08-25,2026,8,2026-08,2026-08-01,25,Tuesday,0,ST001,Market_1,Kazan,PR015,Product_15,Household,21,1731.03,965.16,765.87,21,0,0.0,1731.0300000000002,1.0,224,0,0,1
2026-08-26,2026,8,2026-08,2026-08-01,26,Wednesday,0,ST001,Market_1,Kazan,PR015,Product_15,Household,16,1318.88,735.36,583.5200000000001,16,0,0.0,1318.88,1.0,208,0,0,1
2026-08-27,2026,8,2026-08,2026-08-01,27,Thursday,0,ST001,Market_1,Kazan,PR015,Product_15,Household,20,1648.6,919.2,729.3999999999999,20,0,0.0,1648.6000000000001,1.0,188,0,0,1
2026-08-28,2026,8,2026-08,2026-08-01,28,Friday,0,ST001,Market_1,Kazan,PR015,Product_15,Household,17,1401.31,781.32,619.9899999999999,17,0,0.0,1401.3100000000002,1.0,171,0,0,1
2026-08-29,2026,8,2026-08,2026-08-01,29,Saturday,1,ST001,Market_1,Kazan,PR015,Product_15,Household,26,2143.18,1194.96,948.2199999999998,26,0,0.0,2143.1800000000003,1.0,145,0,0,1
2026-08-30,2026,8,2026-08,2026-08-01,30,Sunday,1,ST001,Market_1,Kazan,PR015,Product_15,Household,30,2472.9,1378.8,1094.1000000000001,30,0,0.0,2472.9,1.0,115,0,0,1
2026-08-31,2026,8,2026-08,2026-08-01,31,Monday,0,ST001,Market_1,Kazan,PR015,Product_15,Household,17,1401.31,781.32,619.9899999999999,17,0,0.0,1401.3100000000002,1.0,98,0,0,1
2026-09-01,2026,9,2026-09,2026-09-01,1,Tuesday,0,ST001,Market_1,Kazan,PR015,Product_15,Household,22,1813.46,1011.12,802.34,22,0,0.0,1813.46,1.0,76,0,0,1
2026-09-02,2026,9,2026-09,2026-09-01,2,Wednesday,0,ST001,Market_1,Kazan,PR015,Product_15,Household,21,1731.03,965.16,765.87,21,0,0.0,1731.0300000000002,1.0,55,0,0,1
2026-09-03,2026,9,2026-09,2026-09-01,3,Thursday,0,ST001,Market_1,Kazan,PR015,Product_15,Household,22,1813.46,1011.12,802.34,22,0,0.0,1813.46,1.0,33,0,0,1
2026-09-04,2026,9,2026-09,2026-09-01,4,Friday,0,ST001,Market_1,Kazan,PR015,Product_15,Household,18,1483.74,827.28,656.46,18,0,0.0,1483.7400000000002,1.0,15,266,0,1
2026-09-05,2026,9,2026-09,2026-09-01,5,Saturday,1,ST001,Market_1,Kazan,PR015,Product_15,Household,15,1236.45,689.4,547.0500000000001,22,7,577.01,1813.46,0.6818181818181818,0,0,1,0
2026-09-06,2026,9,2026-09,2026-09-01,6,Sunday,1,ST001,Market_1,Kazan,PR015,Product_15,Household,25,2060.75,1149.0,911.75,25,0,0.0,2060.75,1.0,241,0,0,1
2026-09-07,2026,9,2026-09,2026-09-01,7,Monday,0,ST001,Market_1,Kazan,PR015,Product_15,Household,17,1401.31,781.32,619.9899999999999,17,0,0.0,1401.3100000000002,1.0,224,0,0,1
2026-06-10,2026,6,2026-06,2026-06-01,10,Wednesday,0,ST001,Market_1,Kazan,PR016,Product_16,Dairy,6,878.64,521.0999999999999,357.5400000000001,6,0,0.0,878.64,1.0,92,0,0,1
2026-06-11,2026,6,2026-06,2026-06-01,11,Thursday,0,ST001,Market_1,Kazan,PR016,Product_16,Dairy,9,1317.96,781.65,536.3100000000001,9,0,0.0,1317.96,1.0,83,0,0,1
2026-06-12,2026,6,2026-06,2026-06-01,12,Friday,0,ST001,Market_1,Kazan,PR016,Product_16,Dairy,7,1025.08,607.9499999999999,417.13,7,0,0.0,1025.08,1.0,76,0,0,1
2026-06-13,2026,6,2026-06,2026-06-01,13,Saturday,1,ST001,Market_1,Kazan,PR016,Product_16,Dairy,9,1317.96,781.65,536.3100000000001,9,0,0.0,1317.96,1.0,67,0,0,1
2026-06-14,2026,6,2026-06,2026-06-01,14,Sunday,1,ST001,Market_1,Kazan,PR016,Product_16,Dairy,8,1171.52,694.8,476.72,8,0,0.0,1171.52,1.0,59,0,0,1
2026-06-15,2026,6,2026-06,2026-06-01,15,Monday,0,ST001,Market_1,Kazan,PR016,Product_16,Dairy,7,1025.08,607.9499999999999,417.13,7,0,0.0,1025.08,1.0,52,0,0,1
2026-06-16,2026,6,2026-06,2026-06-01,16,Tuesday,0,ST001,Market_1,Kazan,PR016,Product_16,Dairy,10,1464.4,868.5,595.9000000000001,10,0,0.0,1464.4,1.0,42,0,0,1
2026-06-17,2026,6,2026-06,2026-06-01,17,Wednesday,0,ST001,Market_1,Kazan,PR016,Product_16,Dairy,9,1317.96,781.65,536.3100000000001,9,0,0.0,1317.96,1.0,33,0,0,1
2026-06-18,2026,6,2026-06,2026-06-01,18,Thursday,0,ST001,Market_1,Kazan,PR016,Product_16,Dairy,6,878.64,521.0999999999999,357.5400000000001,6,0,0.0,878.64,1.0,27,0,0,1
2026-06-19,2026,6,2026-06,2026-06-01,19,Friday,0,ST001,Market_1,Kazan,PR016,Product_16,Dairy,6,878.64,521.0999999999999,357.5400000000001,6,0,0.0,878.64,1.0,21,0,0,1
2026-06-20,2026,6,2026-06,2026-06-01,20,Saturday,1,ST001,Market_1,Kazan,PR016,Product_16,Dairy,15,2196.6,1302.75,893.8499999999999,15,0,0.0,2196.6,1.0,6,98,0,1
2026-06-21,2026,6,2026-06,2026-06-01,21,Sunday,1,ST001,Market_1,Kazan,PR016,Product_16,Dairy,6,878.64,521.0999999999999,357.5400000000001,9,3,439.32,1317.96,0.6666666666666666,0,0,1,0
2026-06-22,2026,6,2026-06,2026-06-01,22,Monday,0,ST001,Market_1,Kazan,PR016,Product_16,Dairy,5,732.2,434.25,297.95000000000005,5,0,0.0,732.2,1.0,93,0,0,1
2026-06-23,2026,6,2026-06,2026-06-01,23,Tuesday,0,ST001,Market_1,Kazan,PR016,Product_16,Dairy,7,1025.08,607.9499999999999,417.13,7,0,0.0,1025.08,1.0,86,0,0,1
2026-06-24,2026,6,2026-06,2026-06-01,24,Wednesday,0,ST001,Market_1,Kazan,PR016,Product_16,Dairy,6,878.64,521.0999999999999,357.5400000000001,6,0,0.0,878.64,1.0,80,0,0,1
2026-06-25,2026,6,2026-06,2026-06-01,25,Thursday,0,ST001,Market_1,Kazan,PR016,Product_16,Dairy,2,292.88,173.7,119.18,2,0,0.0,292.88,1.0,78,0,0,1
2026-06-26,2026,6,2026-06,2026-06-01,26,Friday,0,ST001,Market_1,Kazan,PR016,Product_16,Dairy,6,878.64,521.0999999999999,357.5400000000001,6,0,0.0,878.64,1.0,72,0,0,1
2026-06-27,2026,6,2026-06,2026-06-01,27,Saturday,1,ST001,Market_1,Kazan,PR016,Product_16,Dairy,9,1317.96,781.65,536.3100000000001,9,0,0.0,1317.96,1.0,63,0,0,1
2026-06-28,2026,6,2026-06,2026-06-01,28,Sunday,1,ST001,Market_1,Kazan,PR016,Product_16,Dairy,4,585.76,347.4,238.36,4,0,0.0,585.76,1.0,59,0,0,1
2026-06-29,2026,6,2026-06,2026-06-01,29,Monday,0,ST001,Market_1,Kazan,PR016,Product_16,Dairy,5,732.2,434.25,297.95000000000005,5,0,0.0,732.2,1.0,54,0,0,1
2026-06-30,2026,6,2026-06,2026-06-01,30,Tuesday,0,ST001,Market_1,Kazan,PR016,Product_16,Dairy,6,878.64,521.0999999999999,357.5400000000001,6,0,0.0,878.64,1.0,48,0,0,1
2026-07-01,2026,7,2026-07,2026-07-01,1,Wednesday,0,ST001,Market_1,Kazan,PR016,Product_16,Dairy,6,878.64,521.0999999999999,357.5400000000001,6,0,0.0,878.64,1.0,42,0,0,1
2026-07-02,2026,7,2026-07,2026-07-01,2,Thursday,0,ST001,Market_1,Kazan,PR016,Product_16,Dairy,8,1171.52,694.8,476.72,8,0,0.0,1171.52,1.0,34,0,0,1
2026-07-03,2026,7,2026-07,2026-07-01,3,Friday,0,ST001,Market_1,Kazan,PR016,Product_16,Dairy,8,1171.52,694.8,476.72,8,0,0.0,1171.52,1.0,26,0,0,1
2026-07-04,2026,7,2026-07,2026-07-01,4,Saturday,1,ST001,Market_1,Kazan,PR016,Product_16,Dairy,12,1757.28,1042.1999999999998,715.0800000000002,12,0,0.0,1757.28,1.0,14,0,0,1
2026-07-05,2026,7,2026-07,2026-07-01,5,Sunday,1,ST001,Market_1,Kazan,PR016,Product_16,Dairy,12,1757.28,1042.1999999999998,715.0800000000002,12,0,0.0,1757.28,1.0,2,98,0,1
2026-07-06,2026,7,2026-07,2026-07-01,6,Monday,0,ST001,Market_1,Kazan,PR016,Product_16,Dairy,2,292.88,173.7,119.18,7,5,732.2,1025.08,0.2857142857142857,0,0,1,0
2026-07-07,2026,7,2026-07,2026-07-01,7,Tuesday,0,ST001,Market_1,Kazan,PR016,Product_16,Dairy,5,732.2,434.25,297.95000000000005,5,0,0.0,732.2,1.0,93,0,0,1
2026-07-08,2026,7,2026-07,2026-07-01,8,Wednesday,0,ST001,Market_1,Kazan,PR016,Product_16,Dairy,9,1317.96,781.65,536.3100000000001,9,0,0.0,1317.96,1.0,84,0,0,1
2026-07-09,2026,7,2026-07,2026-07-01,9,Thursday,0,ST001,Market_1,Kazan,PR016,Product_16,Dairy,3,439.32,260.54999999999995,178.77000000000004,3,0,0.0,439.32,1.0,81,0,0,1
2026-07-10,2026,7,2026-07,2026-07-01,10,Friday,0,ST001,Market_1,Kazan,PR016,Product_16,Dairy,5,732.2,434.25,297.95000000000005,5,0,0.0,732.2,1.0,76,0,0,1
2026-07-11,2026,7,2026-07,2026-07-01,11,Saturday,1,ST001,Market_1,Kazan,PR016,Product_16,Dairy,8,1171.52,694.8,476.72,8,0,0.0,1171.52,1.0,68,0,0,1
2026-07-12,2026,7,2026-07,2026-07-01,12,Sunday,1,ST001,Market_1,Kazan,PR016,Product_16,Dairy,13,1903.72,1129.05,774.6700000000001,13,0,0.0,1903.72,1.0,55,0,0,1
2026-07-13,2026,7,2026-07,2026-07-01,13,Monday,0,ST001,Market_1,Kazan,PR016,Product_16,Dairy,5,732.2,434.25,297.95000000000005,5,0,0.0,732.2,1.0,50,0,0,1
2026-07-14,2026,7,2026-07,2026-07-01,14,Tuesday,0,ST001,Market_1,Kazan,PR016,Product_16,Dairy,6,878.64,521.0999999999999,357.5400000000001,6,0,0.0,878.64,1.0,44,0,0,1
2026-07-15,2026,7,2026-07,2026-07-01,15,Wednesday,0,ST001,Market_1,Kazan,PR016,Product_16,Dairy,6,878.64,521.0999999999999,357.5400000000001,6,0,0.0,878.64,1.0,38,0,0,1
2026-07-16,2026,7,2026-07,2026-07-01,16,Thursday,0,ST001,Market_1,Kazan,PR016,Product_16,Dairy,10,1464.4,868.5,595.9000000000001,10,0,0.0,1464.4,1.0,28,0,0,1
2026-07-17,2026,7,2026-07,2026-07-01,17,Friday,0,ST001,Market_1,Kazan,PR016,Product_16,Dairy,7,1025.08,607.9499999999999,417.13,7,0,0.0,1025.08,1.0,21,0,0,1
2026-07-18,2026,7,2026-07,2026-07-01,18,Saturday,1,ST001,Market_1,Kazan,PR016,Product_16,Dairy,15,2196.6,1302.75,893.8499999999999,15,0,0.0,2196.6,1.0,6,0,0,1
2026-07-19,2026,7,2026-07,2026-07-01,19,Sunday,1,ST001,Market_1,Kazan,PR016,Product_16,Dairy,6,878.64,521.0999999999999,357.5400000000001,11,5,732.2,1610.84,0.5454545454545454,0,98,1,0
2026-07-20,2026,7,2026-07,2026-07-01,20,Monday,0,ST001,Market_1,Kazan,PR016,Product_16,Dairy,0,0.0,0.0,0.0,10,10,1464.4,1464.4,0.0,0,0,1,0
2026-07-21,2026,7,2026-07,2026-07-01,21,Tuesday,0,ST001,Market_1,Kazan,PR016,Product_16,Dairy,6,878.64,521.0999999999999,357.5400000000001,6,0,0.0,878.64,1.0,92,0,0,1
2026-07-22,2026,7,2026-07,2026-07-01,22,Wednesday,0,ST001,Market_1,Kazan,PR016,Product_16,Dairy,11,1610.84,955.3499999999999,655.49,11,0,0.0,1610.84,1.0,81,0,0,1
2026-07-23,2026,7,2026-07,2026-07-01,23,Thursday,0,ST001,Market_1,Kazan,PR016,Product_16,Dairy,12,1757.28,1042.1999999999998,715.0800000000002,12,0,0.0,1757.28,1.0,69,0,0,1
2026-07-24,2026,7,2026-07,2026-07-01,24,Friday,0,ST001,Market_1,Kazan,PR016,Product_16,Dairy,6,878.64,521.0999999999999,357.5400000000001,6,0,0.0,878.64,1.0,63,0,0,1
2026-07-25,2026,7,2026-07,2026-07-01,25,Saturday,1,ST001,Market_1,Kazan,PR016,Product_16,Dairy,15,2196.6,1302.75,893.8499999999999,15,0,0.0,2196.6,1.0,48,0,0,1
2026-07-26,2026,7,2026-07,2026-07-01,26,Sunday,1,ST001,Market_1,Kazan,PR016,Product_16,Dairy,13,1903.72,1129.05,774.6700000000001,13,0,0.0,1903.72,1.0,35,0,0,1
2026-07-27,2026,7,2026-07,2026-07-01,27,Monday,0,ST001,Market_1,Kazan,PR016,Product_16,Dairy,6,878.64,521.0999999999999,357.5400000000001,6,0,0.0,878.64,1.0,29,0,0,1
2026-07-28,2026,7,2026-07,2026-07-01,28,Tuesday,0,ST001,Market_1,Kazan,PR016,Product_16,Dairy,10,1464.4,868.5,595.9000000000001,10,0,0.0,1464.4,1.0,19,0,0,1
2026-07-29,2026,7,2026-07,2026-07-01,29,Wednesday,0,ST001,Market_1,Kazan,PR016,Product_16,Dairy,8,1171.52,694.8,476.72,8,0,0.0,1171.52,1.0,11,0,0,1
2026-07-30,2026,7,2026-07,2026-07-01,30,Thursday,0,ST001,Market_1,Kazan,PR016,Product_16,Dairy,10,1464.4,868.5,595.9000000000001,10,0,0.0,1464.4,1.0,1,98,0,1
2026-07-31,2026,7,2026-07,2026-07-01,31,Friday,0,ST001,Market_1,Kazan,PR016,Product_16,Dairy,1,146.44,86.85,59.59,5,4,585.76,732.2,0.2,0,0,1,0
2026-08-01,2026,8,2026-08,2026-08-01,1,Saturday,1,ST001,Market_1,Kazan,PR016,Product_16,Dairy,4,585.76,347.4,238.36,4,0,0.0,585.76,1.0,94,0,0,1
2026-08-02,2026,8,2026-08,2026-08-01,2,Sunday,1,ST001,Market_1,Kazan,PR016,Product_16,Dairy,7,1025.08,607.9499999999999,417.13,7,0,0.0,1025.08,1.0,87,0,0,1
2026-08-03,2026,8,2026-08,2026-08-01,3,Monday,0,ST001,Market_1,Kazan,PR016,Product_16,Dairy,4,585.76,347.4,238.36,4,0,0.0,585.76,1.0,83,0,0,1
2026-08-04,2026,8,2026-08,2026-08-01,4,Tuesday,0,ST001,Market_1,Kazan,PR016,Product_16,Dairy,4,585.76,347.4,238.36,4,0,0.0,585.76,1.0,79,0,0,1
2026-08-05,2026,8,2026-08,2026-08-01,5,Wednesday,0,ST001,Market_1,Kazan,PR016,Product_16,Dairy,8,1171.52,694.8,476.72,8,0,0.0,1171.52,1.0,71,0,0,1
2026-08-06,2026,8,2026-08,2026-08-01,6,Thursday,0,ST001,Market_1,Kazan,PR016,Product_16,Dairy,12,1757.28,1042.1999999999998,715.0800000000002,12,0,0.0,1757.28,1.0,59,0,0,1
2026-08-07,2026,8,2026-08,2026-08-01,7,Friday,0,ST001,Market_1,Kazan,PR016,Product_16,Dairy,2,292.88,173.7,119.18,2,0,0.0,292.88,1.0,57,0,0,1
2026-08-08,2026,8,2026-08,2026-08-01,8,Saturday,1,ST001,Market_1,Kazan,PR016,Product_16,Dairy,4,585.76,347.4,238.36,4,0,0.0,585.76,1.0,53,0,0,1
2026-08-09,2026,8,2026-08,2026-08-01,9,Sunday,1,ST001,Market_1,Kazan,PR016,Product_16,Dairy,6,878.64,521.0999999999999,357.5400000000001,6,0,0.0,878.64,1.0,47,0,0,1
2026-08-10,2026,8,2026-08,2026-08-01,10,Monday,0,ST001,Market_1,Kazan,PR016,Product_16,Dairy,7,1025.08,607.9499999999999,417.13,7,0,0.0,1025.08,1.0,40,0,0,1
2026-08-11,2026,8,2026-08,2026-08-01,11,Tuesday,0,ST001,Market_1,Kazan,PR016,Product_16,Dairy,5,732.2,434.25,297.95000000000005,5,0,0.0,732.2,1.0,35,0,0,1
2026-08-12,2026,8,2026-08,2026-08-01,12,Wednesday,0,ST001,Market_1,Kazan,PR016,Product_16,Dairy,5,732.2,434.25,297.95000000000005,5,0,0.0,732.2,1.0,30,0,0,1
2026-08-13,2026,8,2026-08,2026-08-01,13,Thursday,0,ST001,Market_1,Kazan,PR016,Product_16,Dairy,7,1025.08,607.9499999999999,417.13,7,0,0.0,1025.08,1.0,23,0,0,1
2026-08-14,2026,8,2026-08,2026-08-01,14,Friday,0,ST001,Market_1,Kazan,PR016,Product_16,Dairy,10,1464.4,868.5,595.9000000000001,10,0,0.0,1464.4,1.0,13,98,0,1
2026-08-15,2026,8,2026-08,2026-08-01,15,Saturday,1,ST001,Market_1,Kazan,PR016,Product_16,Dairy,10,1464.4,868.5,595.9000000000001,10,0,0.0,1464.4,1.0,3,0,0,1
2026-08-16,2026,8,2026-08,2026-08-01,16,Sunday,1,ST001,Market_1,Kazan,PR016,Product_16,Dairy,7,1025.08,607.9499999999999,417.13,7,0,0.0,1025.08,1.0,94,0,0,1
2026-08-17,2026,8,2026-08,2026-08-01,17,Monday,0,ST001,Market_1,Kazan,PR016,Product_16,Dairy,4,585.76,347.4,238.36,4,0,0.0,585.76,1.0,90,0,0,1
2026-08-18,2026,8,2026-08,2026-08-01,18,Tuesday,0,ST001,Market_1,Kazan,PR016,Product_16,Dairy,8,1171.52,694.8,476.72,8,0,0.0,1171.52,1.0,82,0,0,1
2026-08-19,2026,8,2026-08,2026-08-01,19,Wednesday,0,ST001,Market_1,Kazan,PR016,Product_16,Dairy,9,1317.96,781.65,536.3100000000001,9,0,0.0,1317.96,1.0,73,0,0,1
2026-08-20,2026,8,2026-08,2026-08-01,20,Thursday,0,ST001,Market_1,Kazan,PR016,Product_16,Dairy,5,732.2,434.25,297.95000000000005,5,0,0.0,732.2,1.0,68,0,0,1
2026-08-21,2026,8,2026-08,2026-08-01,21,Friday,0,ST001,Market_1,Kazan,PR016,Product_16,Dairy,8,1171.52,694.8,476.72,8,0,0.0,1171.52,1.0,60,0,0,1
2026-08-22,2026,8,2026-08,2026-08-01,22,Saturday,1,ST001,Market_1,Kazan,PR016,Product_16,Dairy,8,1171.52,694.8,476.72,8,0,0.0,1171.52,1.0,52,0,0,1
2026-08-23,2026,8,2026-08,2026-08-01,23,Sunday,1,ST001,Market_1,Kazan,PR016,Product_16,Dairy,5,732.2,434.25,297.95000000000005,5,0,0.0,732.2,1.0,47,0,0,1
2026-08-24,2026,8,2026-08,2026-08-01,24,Monday,0,ST001,Market_1,Kazan,PR016,Product_16,Dairy,3,439.32,260.54999999999995,178.77000000000004,3,0,0.0,439.32,1.0,44,0,0,1
2026-08-25,2026,8,2026-08,2026-08-01,25,Tuesday,0,ST001,Market_1,Kazan,PR016,Product_16,Dairy,6,878.64,521.0999999999999,357.5400000000001,6,0,0.0,878.64,1.0,38,0,0,1
2026-08-26,2026,8,2026-08,2026-08-01,26,Wednesday,0,ST001,Market_1,Kazan,PR016,Product_16,Dairy,9,1317.96,781.65,536.3100000000001,9,0,0.0,1317.96,1.0,29,0,0,1
2026-08-27,2026,8,2026-08,2026-08-01,27,Thursday,0,ST001,Market_1,Kazan,PR016,Product_16,Dairy,8,1171.52,694.8,476.72,8,0,0.0,1171.52,1.0,21,0,0,1
2026-08-28,2026,8,2026-08,2026-08-01,28,Friday,0,ST001,Market_1,Kazan,PR016,Product_16,Dairy,10,1464.4,868.5,595.9000000000001,10,0,0.0,1464.4,1.0,11,0,0,1
2026-08-29,2026,8,2026-08,2026-08-01,29,Saturday,1,ST001,Market_1,Kazan,PR016,Product_16,Dairy,11,1610.84,955.3499999999999,655.49,14,3,439.32,2050.16,0.7857142857142857,0,98,1,0
2026-08-30,2026,8,2026-08,2026-08-01,30,Sunday,1,ST001,Market_1,Kazan,PR016,Product_16,Dairy,0,0.0,0.0,0.0,12,12,1757.28,1757.28,0.0,0,0,1,0
2026-08-31,2026,8,2026-08,2026-08-01,31,Monday,0,ST001,Market_1,Kazan,PR016,Product_16,Dairy,10,1464.4,868.5,595.9000000000001,10,0,0.0,1464.4,1.0,88,0,0,1
2026-09-01,2026,9,2026-09,2026-09-01,1,Tuesday,0,ST001,Market_1,Kazan,PR016,Product_16,Dairy,1,146.44,86.85,59.59,1,0,0.0,146.44,1.0,87,0,0,1
2026-09-02,2026,9,2026-09,2026-09-01,2,Wednesday,0,ST001,Market_1,Kazan,PR016,Product_16,Dairy,6,878.64,521.0999999999999,357.5400000000001,6,0,0.0,878.64,1.0,81,0,0,1
2026-09-03,2026,9,2026-09,2026-09-01,3,Thursday,0,ST001,Market_1,Kazan,PR016,Product_16,Dairy,10,1464.4,868.5,595.9000000000001,10,0,0.0,1464.4,1.0,71,0,0,1
2026-09-04,2026,9,2026-09,2026-09-01,4,Friday,0,ST001,Market_1,Kazan,PR016,Product_16,Dairy,8,1171.52,694.8,476.72,8,0,0.0,1171.52,1.0,63,0,0,1
2026-09-05,2026,9,2026-09,2026-09-01,5,Saturday,1,ST001,Market_1,Kazan,PR016,Product_16,Dairy,10,1464.4,868.5,595.9000000000001,10,0,0.0,1464.4,1.0,53,0,0,1
2026-09-06,2026,9,2026-09,2026-09-01,6,Sunday,1,ST001,Market_1,Kazan,PR016,Product_16,Dairy,12,1757.28,1042.1999999999998,715.0800000000002,12,0,0.0,1757.28,1.0,41,0,0,1
2026-09-07,2026,9,2026-09,2026-09-01,7,Monday,0,ST001,Market_1,Kazan,PR016,Product_16,Dairy,11,1610.84,955.3499999999999,655.49,11,0,0.0,1610.84,1.0,30,0,0,1
2026-06-10,2026,6,2026-06,2026-06-01,10,Wednesday,0,ST001,Market_1,Kazan,PR017,Product_17,Snacks,14,1900.5,1358.14,542.3599999999999,14,0,0.0,1900.5,1.0,238,0,0,1
2026-06-11,2026,6,2026-06,2026-06-01,11,Thursday,0,ST001,Market_1,Kazan,PR017,Product_17,Snacks,20,2715.0,1940.2,774.8,20,0,0.0,2715.0,1.0,218,0,0,1
2026-06-12,2026,6,2026-06,2026-06-01,12,Friday,0,ST001,Market_1,Kazan,PR017,Product_17,Snacks,18,2443.5,1746.18,697.3199999999999,18,0,0.0,2443.5,1.0,200,0,0,1
2026-06-13,2026,6,2026-06,2026-06-01,13,Saturday,1,ST001,Market_1,Kazan,PR017,Product_17,Snacks,23,3122.25,2231.23,891.02,23,0,0.0,3122.25,1.0,177,0,0,1
2026-06-14,2026,6,2026-06,2026-06-01,14,Sunday,1,ST001,Market_1,Kazan,PR017,Product_17,Snacks,20,2715.0,1940.2,774.8,20,0,0.0,2715.0,1.0,157,0,0,1
2026-06-15,2026,6,2026-06,2026-06-01,15,Monday,0,ST001,Market_1,Kazan,PR017,Product_17,Snacks,13,1764.75,1261.13,503.6199999999999,13,0,0.0,1764.75,1.0,144,0,0,1
2026-06-16,2026,6,2026-06,2026-06-01,16,Tuesday,0,ST001,Market_1,Kazan,PR017,Product_17,Snacks,17,2307.75,1649.17,658.5799999999999,17,0,0.0,2307.75,1.0,127,0,0,1
2026-06-17,2026,6,2026-06,2026-06-01,17,Wednesday,0,ST001,Market_1,Kazan,PR017,Product_17,Snacks,17,2307.75,1649.17,658.5799999999999,17,0,0.0,2307.75,1.0,110,0,0,1
2026-06-18,2026,6,2026-06,2026-06-01,18,Thursday,0,ST001,Market_1,Kazan,PR017,Product_17,Snacks,19,2579.25,1843.19,736.06,19,0,0.0,2579.25,1.0,91,0,0,1
2026-06-19,2026,6,2026-06,2026-06-01,19,Friday,0,ST001,Market_1,Kazan,PR017,Product_17,Snacks,18,2443.5,1746.18,697.3199999999999,18,0,0.0,2443.5,1.0,73,0,0,1
2026-06-20,2026,6,2026-06,2026-06-01,20,Saturday,1,ST001,Market_1,Kazan,PR017,Product_17,Snacks,29,3936.75,2813.29,1123.46,29,0,0.0,3936.75,1.0,44,0,0,1
2026-06-21,2026,6,2026-06,2026-06-01,21,Sunday,1,ST001,Market_1,Kazan,PR017,Product_17,Snacks,25,3393.75,2425.25,968.5,25,0,0.0,3393.75,1.0,19,0,0,1
2026-06-22,2026,6,2026-06,2026-06-01,22,Monday,0,ST001,Market_1,Kazan,PR017,Product_17,Snacks,19,2579.25,1843.19,736.06,25,6,814.5,3393.75,0.76,0,252,1,0
2026-06-23,2026,6,2026-06,2026-06-01,23,Tuesday,0,ST001,Market_1,Kazan,PR017,Product_17,Snacks,0,0.0,0.0,0.0,19,19,2579.25,2579.25,0.0,0,0,1,0
2026-06-24,2026,6,2026-06,2026-06-01,24,Wednesday,0,ST001,Market_1,Kazan,PR017,Product_17,Snacks,18,2443.5,1746.18,697.3199999999999,18,0,0.0,2443.5,1.0,234,0,0,1
2026-06-25,2026,6,2026-06,2026-06-01,25,Thursday,0,ST001,Market_1,Kazan,PR017,Product_17,Snacks,19,2579.25,1843.19,736.06,19,0,0.0,2579.25,1.0,215,0,0,1
2026-06-26,2026,6,2026-06,2026-06-01,26,Friday,0,ST001,Market_1,Kazan,PR017,Product_17,Snacks,18,2443.5,1746.18,697.3199999999999,18,0,0.0,2443.5,1.0,197,0,0,1
2026-06-27,2026,6,2026-06,2026-06-01,27,Saturday,1,ST001,Market_1,Kazan,PR017,Product_17,Snacks,16,2172.0,1552.16,619.8399999999999,16,0,0.0,2172.0,1.0,181,0,0,1
2026-06-28,2026,6,2026-06,2026-06-01,28,Sunday,1,ST001,Market_1,Kazan,PR017,Product_17,Snacks,31,4208.25,3007.31,1200.94,31,0,0.0,4208.25,1.0,150,0,0,1
2026-06-29,2026,6,2026-06,2026-06-01,29,Monday,0,ST001,Market_1,Kazan,PR017,Product_17,Snacks,14,1900.5,1358.14,542.3599999999999,14,0,0.0,1900.5,1.0,136,0,0,1
2026-06-30,2026,6,2026-06,2026-06-01,30,Tuesday,0,ST001,Market_1,Kazan,PR017,Product_17,Snacks,22,2986.5,2134.2200000000003,852.2799999999997,22,0,0.0,2986.5,1.0,114,0,0,1
2026-07-01,2026,7,2026-07,2026-07-01,1,Wednesday,0,ST001,Market_1,Kazan,PR017,Product_17,Snacks,19,2579.25,1843.19,736.06,19,0,0.0,2579.25,1.0,95,0,0,1
2026-07-02,2026,7,2026-07,2026-07-01,2,Thursday,0,ST001,Market_1,Kazan,PR017,Product_17,Snacks,7,950.25,679.07,271.17999999999995,7,0,0.0,950.25,1.0,88,0,0,1
2026-07-03,2026,7,2026-07,2026-07-01,3,Friday,0,ST001,Market_1,Kazan,PR017,Product_17,Snacks,23,3122.25,2231.23,891.02,23,0,0.0,3122.25,1.0,65,0,0,1
2026-07-04,2026,7,2026-07,2026-07-01,4,Saturday,1,ST001,Market_1,Kazan,PR017,Product_17,Snacks,31,4208.25,3007.31,1200.94,31,0,0.0,4208.25,1.0,34,0,0,1
2026-07-05,2026,7,2026-07,2026-07-01,5,Sunday,1,ST001,Market_1,Kazan,PR017,Product_17,Snacks,24,3258.0,2328.2400000000002,929.7599999999998,24,0,0.0,3258.0,1.0,10,252,0,1
2026-07-06,2026,7,2026-07,2026-07-01,6,Monday,0,ST001,Market_1,Kazan,PR017,Product_17,Snacks,10,1357.5,970.1,387.4,17,7,950.25,2307.75,0.5882352941176471,0,0,1,0
2026-07-07,2026,7,2026-07,2026-07-01,7,Tuesday,0,ST001,Market_1,Kazan,PR017,Product_17,Snacks,19,2579.25,1843.19,736.06,19,0,0.0,2579.25,1.0,233,0,0,1
2026-07-08,2026,7,2026-07,2026-07-01,8,Wednesday,0,ST001,Market_1,Kazan,PR017,Product_17,Snacks,16,2172.0,1552.16,619.8399999999999,16,0,0.0,2172.0,1.0,217,0,0,1
2026-07-09,2026,7,2026-07,2026-07-01,9,Thursday,0,ST001,Market_1,Kazan,PR017,Product_17,Snacks,16,2172.0,1552.16,619.8399999999999,16,0,0.0,2172.0,1.0,201,0,0,1
2026-07-10,2026,7,2026-07,2026-07-01,10,Friday,0,ST001,Market_1,Kazan,PR017,Product_17,Snacks,19,2579.25,1843.19,736.06,19,0,0.0,2579.25,1.0,182,0,0,1
2026-07-11,2026,7,2026-07,2026-07-01,11,Saturday,1,ST001,Market_1,Kazan,PR017,Product_17,Snacks,22,2986.5,2134.2200000000003,852.2799999999997,22,0,0.0,2986.5,1.0,160,0,0,1
2026-07-12,2026,7,2026-07,2026-07-01,12,Sunday,1,ST001,Market_1,Kazan,PR017,Product_17,Snacks,24,3258.0,2328.2400000000002,929.7599999999998,24,0,0.0,3258.0,1.0,136,0,0,1
2026-07-13,2026,7,2026-07,2026-07-01,13,Monday,0,ST001,Market_1,Kazan,PR017,Product_17,Snacks,21,2850.75,2037.21,813.54,21,0,0.0,2850.75,1.0,115,0,0,1
2026-07-14,2026,7,2026-07,2026-07-01,14,Tuesday,0,ST001,Market_1,Kazan,PR017,Product_17,Snacks,16,2172.0,1552.16,619.8399999999999,16,0,0.0,2172.0,1.0,99,0,0,1
2026-07-15,2026,7,2026-07,2026-07-01,15,Wednesday,0,ST001,Market_1,Kazan,PR017,Product_17,Snacks,9,1221.75,873.09,348.65999999999997,9,0,0.0,1221.75,1.0,90,0,0,1
2026-07-16,2026,7,2026-07,2026-07-01,16,Thursday,0,ST001,Market_1,Kazan,PR017,Product_17,Snacks,25,3393.75,2425.25,968.5,25,0,0.0,3393.75,1.0,65,0,0,1
2026-07-17,2026,7,2026-07,2026-07-01,17,Friday,0,ST001,Market_1,Kazan,PR017,Product_17,Snacks,19,2579.25,1843.19,736.06,19,0,0.0,2579.25,1.0,46,0,0,1
2026-07-18,2026,7,2026-07,2026-07-01,18,Saturday,1,ST001,Market_1,Kazan,PR017,Product_17,Snacks,23,3122.25,2231.23,891.02,23,0,0.0,3122.25,1.0,23,252,0,1
2026-07-19,2026,7,2026-07,2026-07-01,19,Sunday,1,ST001,Market_1,Kazan,PR017,Product_17,Snacks,23,3122.25,2231.23,891.02,26,3,407.25,3529.5,0.8846153846153846,0,0,1,0
2026-07-20,2026,7,2026-07,2026-07-01,20,Monday,0,ST001,Market_1,Kazan,PR017,Product_17,Snacks,11,1493.25,1067.1100000000001,426.1399999999999,11,0,0.0,1493.25,1.0,241,0,0,1
2026-07-21,2026,7,2026-07,2026-07-01,21,Tuesday,0,ST001,Market_1,Kazan,PR017,Product_17,Snacks,29,3936.75,2813.29,1123.46,29,0,0.0,3936.75,1.0,212,0,0,1
2026-07-22,2026,7,2026-07,2026-07-01,22,Wednesday,0,ST001,Market_1,Kazan,PR017,Product_17,Snacks,19,2579.25,1843.19,736.06,19,0,0.0,2579.25,1.0,193,0,0,1
2026-07-23,2026,7,2026-07,2026-07-01,23,Thursday,0,ST001,Market_1,Kazan,PR017,Product_17,Snacks,19,2579.25,1843.19,736.06,19,0,0.0,2579.25,1.0,174,0,0,1
2026-07-24,2026,7,2026-07,2026-07-01,24,Friday,0,ST001,Market_1,Kazan,PR017,Product_17,Snacks,19,2579.25,1843.19,736.06,19,0,0.0,2579.25,1.0,155,0,0,1
2026-07-25,2026,7,2026-07,2026-07-01,25,Saturday,1,ST001,Market_1,Kazan,PR017,Product_17,Snacks,24,3258.0,2328.2400000000002,929.7599999999998,24,0,0.0,3258.0,1.0,131,0,0,1
2026-07-26,2026,7,2026-07,2026-07-01,26,Sunday,1,ST001,Market_1,Kazan,PR017,Product_17,Snacks,27,3665.25,2619.27,1045.98,27,0,0.0,3665.25,1.0,104,0,0,1
2026-07-27,2026,7,2026-07,2026-07-01,27,Monday,0,ST001,Market_1,Kazan,PR017,Product_17,Snacks,20,2715.0,1940.2,774.8,20,0,0.0,2715.0,1.0,84,0,0,1
2026-07-28,2026,7,2026-07,2026-07-01,28,Tuesday,0,ST001,Market_1,Kazan,PR017,Product_17,Snacks,15,2036.25,1455.15,581.0999999999999,15,0,0.0,2036.25,1.0,69,0,0,1
2026-07-29,2026,7,2026-07,2026-07-01,29,Wednesday,0,ST001,Market_1,Kazan,PR017,Product_17,Snacks,20,2715.0,1940.2,774.8,20,0,0.0,2715.0,1.0,49,0,0,1
2026-07-30,2026,7,2026-07,2026-07-01,30,Thursday,0,ST001,Market_1,Kazan,PR017,Product_17,Snacks,18,2443.5,1746.18,697.3199999999999,18,0,0.0,2443.5,1.0,31,252,0,1
2026-07-31,2026,7,2026-07,2026-07-01,31,Friday,0,ST001,Market_1,Kazan,PR017,Product_17,Snacks,19,2579.25,1843.19,736.06,19,0,0.0,2579.25,1.0,12,0,0,1
2026-08-01,2026,8,2026-08,2026-08-01,1,Saturday,1,ST001,Market_1,Kazan,PR017,Product_17,Snacks,22,2986.5,2134.2200000000003,852.2799999999997,22,0,0.0,2986.5,1.0,242,0,0,1
2026-08-02,2026,8,2026-08,2026-08-01,2,Sunday,1,ST001,Market_1,Kazan,PR017,Product_17,Snacks,20,2715.0,1940.2,774.8,20,0,0.0,2715.0,1.0,222,0,0,1
2026-08-03,2026,8,2026-08,2026-08-01,3,Monday,0,ST001,Market_1,Kazan,PR017,Product_17,Snacks,14,1900.5,1358.14,542.3599999999999,14,0,0.0,1900.5,1.0,208,0,0,1
2026-08-04,2026,8,2026-08,2026-08-01,4,Tuesday,0,ST001,Market_1,Kazan,PR017,Product_17,Snacks,17,2307.75,1649.17,658.5799999999999,17,0,0.0,2307.75,1.0,191,0,0,1
2026-08-05,2026,8,2026-08,2026-08-01,5,Wednesday,0,ST001,Market_1,Kazan,PR017,Product_17,Snacks,17,2307.75,1649.17,658.5799999999999,17,0,0.0,2307.75,1.0,174,0,0,1
2026-08-06,2026,8,2026-08,2026-08-01,6,Thursday,0,ST001,Market_1,Kazan,PR017,Product_17,Snacks,24,3258.0,2328.2400000000002,929.7599999999998,24,0,0.0,3258.0,1.0,150,0,0,1
2026-08-07,2026,8,2026-08,2026-08-01,7,Friday,0,ST001,Market_1,Kazan,PR017,Product_17,Snacks,18,2443.5,1746.18,697.3199999999999,18,0,0.0,2443.5,1.0,132,0,0,1
2026-08-08,2026,8,2026-08,2026-08-01,8,Saturday,1,ST001,Market_1,Kazan,PR017,Product_17,Snacks,23,3122.25,2231.23,891.02,23,0,0.0,3122.25,1.0,109,0,0,1
2026-08-09,2026,8,2026-08,2026-08-01,9,Sunday,1,ST001,Market_1,Kazan,PR017,Product_17,Snacks,19,2579.25,1843.19,736.06,19,0,0.0,2579.25,1.0,90,0,0,1
2026-08-10,2026,8,2026-08,2026-08-01,10,Monday,0,ST001,Market_1,Kazan,PR017,Product_17,Snacks,20,2715.0,1940.2,774.8,20,0,0.0,2715.0,1.0,70,0,0,1
2026-08-11,2026,8,2026-08,2026-08-01,11,Tuesday,0,ST001,Market_1,Kazan,PR017,Product_17,Snacks,26,3529.5,2522.26,1007.2399999999998,26,0,0.0,3529.5,1.0,44,0,0,1
2026-08-12,2026,8,2026-08,2026-08-01,12,Wednesday,0,ST001,Market_1,Kazan,PR017,Product_17,Snacks,16,2172.0,1552.16,619.8399999999999,16,0,0.0,2172.0,1.0,28,0,0,1
2026-08-13,2026,8,2026-08,2026-08-01,13,Thursday,0,ST001,Market_1,Kazan,PR017,Product_17,Snacks,14,1900.5,1358.14,542.3599999999999,14,0,0.0,1900.5,1.0,14,252,0,1
2026-08-14,2026,8,2026-08,2026-08-01,14,Friday,0,ST001,Market_1,Kazan,PR017,Product_17,Snacks,14,1900.5,1358.14,542.3599999999999,21,7,950.25,2850.75,0.6666666666666666,0,0,1,0
2026-08-15,2026,8,2026-08,2026-08-01,15,Saturday,1,ST001,Market_1,Kazan,PR017,Product_17,Snacks,23,3122.25,2231.23,891.02,23,0,0.0,3122.25,1.0,229,0,0,1
2026-08-16,2026,8,2026-08,2026-08-01,16,Sunday,1,ST001,Market_1,Kazan,PR017,Product_17,Snacks,27,3665.25,2619.27,1045.98,27,0,0.0,3665.25,1.0,202,0,0,1
2026-08-17,2026,8,2026-08,2026-08-01,17,Monday,0,ST001,Market_1,Kazan,PR017,Product_17,Snacks,22,2986.5,2134.2200000000003,852.2799999999997,22,0,0.0,2986.5,1.0,180,0,0,1
2026-08-18,2026,8,2026-08,2026-08-01,18,Tuesday,0,ST001,Market_1,Kazan,PR017,Product_17,Snacks,24,3258.0,2328.2400000000002,929.7599999999998,24,0,0.0,3258.0,1.0,156,0,0,1
2026-08-19,2026,8,2026-08,2026-08-01,19,Wednesday,0,ST001,Market_1,Kazan,PR017,Product_17,Snacks,27,3665.25,2619.27,1045.98,27,0,0.0,3665.25,1.0,129,0,0,1
2026-08-20,2026,8,2026-08,2026-08-01,20,Thursday,0,ST001,Market_1,Kazan,PR017,Product_17,Snacks,16,2172.0,1552.16,619.8399999999999,16,0,0.0,2172.0,1.0,113,0,0,1
2026-08-21,2026,8,2026-08,2026-08-01,21,Friday,0,ST001,Market_1,Kazan,PR017,Product_17,Snacks,17,2307.75,1649.17,658.5799999999999,17,0,0.0,2307.75,1.0,96,0,0,1
2026-08-22,2026,8,2026-08,2026-08-01,22,Saturday,1,ST001,Market_1,Kazan,PR017,Product_17,Snacks,24,3258.0,2328.2400000000002,929.7599999999998,24,0,0.0,3258.0,1.0,72,0,0,1
2026-08-23,2026,8,2026-08,2026-08-01,23,Sunday,1,ST001,Market_1,Kazan,PR017,Product_17,Snacks,21,2850.75,2037.21,813.54,21,0,0.0,2850.75,1.0,51,0,0,1
2026-08-24,2026,8,2026-08,2026-08-01,24,Monday,0,ST001,Market_1,Kazan,PR017,Product_17,Snacks,15,2036.25,1455.15,581.0999999999999,15,0,0.0,2036.25,1.0,36,0,0,1
2026-08-25,2026,8,2026-08,2026-08-01,25,Tuesday,0,ST001,Market_1,Kazan,PR017,Product_17,Snacks,13,1764.75,1261.13,503.6199999999999,13,0,0.0,1764.75,1.0,23,252,0,1
2026-08-26,2026,8,2026-08,2026-08-01,26,Wednesday,0,ST001,Market_1,Kazan,PR017,Product_17,Snacks,17,2307.75,1649.17,658.5799999999999,17,0,0.0,2307.75,1.0,6,0,0,1
2026-08-27,2026,8,2026-08,2026-08-01,27,Thursday,0,ST001,Market_1,Kazan,PR017,Product_17,Snacks,19,2579.25,1843.19,736.06,19,0,0.0,2579.25,1.0,239,0,0,1
2026-08-28,2026,8,2026-08,2026-08-01,28,Friday,0,ST001,Market_1,Kazan,PR017,Product_17,Snacks,13,1764.75,1261.13,503.6199999999999,13,0,0.0,1764.75,1.0,226,0,0,1
2026-08-29,2026,8,2026-08,2026-08-01,29,Saturday,1,ST001,Market_1,Kazan,PR017,Product_17,Snacks,28,3801.0,2716.28,1084.7199999999998,28,0,0.0,3801.0,1.0,198,0,0,1
2026-08-30,2026,8,2026-08,2026-08-01,30,Sunday,1,ST001,Market_1,Kazan,PR017,Product_17,Snacks,28,3801.0,2716.28,1084.7199999999998,28,0,0.0,3801.0,1.0,170,0,0,1
2026-08-31,2026,8,2026-08,2026-08-01,31,Monday,0,ST001,Market_1,Kazan,PR017,Product_17,Snacks,18,2443.5,1746.18,697.3199999999999,18,0,0.0,2443.5,1.0,152,0,0,1
2026-09-01,2026,9,2026-09,2026-09-01,1,Tuesday,0,ST001,Market_1,Kazan,PR017,Product_17,Snacks,20,2715.0,1940.2,774.8,20,0,0.0,2715.0,1.0,132,0,0,1
2026-09-02,2026,9,2026-09,2026-09-01,2,Wednesday,0,ST001,Market_1,Kazan,PR017,Product_17,Snacks,18,2443.5,1746.18,697.3199999999999,18,0,0.0,2443.5,1.0,114,0,0,1
2026-09-03,2026,9,2026-09,2026-09-01,3,Thursday,0,ST001,Market_1,Kazan,PR017,Product_17,Snacks,21,2850.75,2037.21,813.54,21,0,0.0,2850.75,1.0,93,0,0,1
2026-09-04,2026,9,2026-09,2026-09-01,4,Friday,0,ST001,Market_1,Kazan,PR017,Product_17,Snacks,17,2307.75,1649.17,658.5799999999999,17,0,0.0,2307.75,1.0,76,0,0,1
2026-09-05,2026,9,2026-09,2026-09-01,5,Saturday,1,ST001,Market_1,Kazan,PR017,Product_17,Snacks,28,3801.0,2716.28,1084.7199999999998,28,0,0.0,3801.0,1.0,48,0,0,1
2026-09-06,2026,9,2026-09,2026-09-01,6,Sunday,1,ST001,Market_1,Kazan,PR017,Product_17,Snacks,32,4344.0,3104.32,1239.6799999999998,32,0,0.0,4344.0,1.0,16,0,0,1
2026-09-07,2026,9,2026-09,2026-09-01,7,Monday,0,ST001,Market_1,Kazan,PR017,Product_17,Snacks,10,1357.5,970.1,387.4,10,0,0.0,1357.5,1.0,6,252,0,1
2026-06-10,2026,6,2026-06,2026-06-01,10,Wednesday,0,ST001,Market_1,Kazan,PR018,Product_18,Beverages,20,678.4,520.8,157.60000000000002,20,0,0.0,678.4000000000001,1.0,274,0,0,1
2026-06-11,2026,6,2026-06,2026-06-01,11,Thursday,0,ST001,Market_1,Kazan,PR018,Product_18,Beverages,22,746.24,572.88,173.36,22,0,0.0,746.24,1.0,252,0,0,1
2026-06-12,2026,6,2026-06,2026-06-01,12,Friday,0,ST001,Market_1,Kazan,PR018,Product_18,Beverages,18,610.56,468.71999999999997,141.83999999999997,18,0,0.0,610.5600000000001,1.0,234,0,0,1
2026-06-13,2026,6,2026-06,2026-06-01,13,Saturday,1,ST001,Market_1,Kazan,PR018,Product_18,Beverages,36,1221.12,937.4399999999999,283.67999999999995,36,0,0.0,1221.1200000000001,1.0,198,0,0,1
2026-06-14,2026,6,2026-06,2026-06-01,14,Sunday,1,ST001,Market_1,Kazan,PR018,Product_18,Beverages,24,814.08,624.96,189.12,24,0,0.0,814.08,1.0,174,0,0,1
2026-06-15,2026,6,2026-06,2026-06-01,15,Monday,0,ST001,Market_1,Kazan,PR018,Product_18,Beverages,18,610.56,468.71999999999997,141.83999999999997,18,0,0.0,610.5600000000001,1.0,156,0,0,1
2026-06-16,2026,6,2026-06,2026-06-01,16,Tuesday,0,ST001,Market_1,Kazan,PR018,Product_18,Beverages,21,712.32,546.84,165.48000000000002,21,0,0.0,712.32,1.0,135,0,0,1
2026-06-17,2026,6,2026-06,2026-06-01,17,Wednesday,0,ST001,Market_1,Kazan,PR018,Product_18,Beverages,16,542.72,416.64,126.08000000000004,16,0,0.0,542.72,1.0,119,0,0,1
2026-06-18,2026,6,2026-06,2026-06-01,18,Thursday,0,ST001,Market_1,Kazan,PR018,Product_18,Beverages,30,1017.6,781.1999999999999,236.4000000000001,30,0,0.0,1017.6,1.0,89,0,0,1
2026-06-19,2026,6,2026-06,2026-06-01,19,Friday,0,ST001,Market_1,Kazan,PR018,Product_18,Beverages,20,678.4,520.8,157.60000000000002,20,0,0.0,678.4000000000001,1.0,69,0,0,1
2026-06-20,2026,6,2026-06,2026-06-01,20,Saturday,1,ST001,Market_1,Kazan,PR018,Product_18,Beverages,21,712.32,546.84,165.48000000000002,21,0,0.0,712.32,1.0,48,294,0,1
2026-06-21,2026,6,2026-06,2026-06-01,21,Sunday,1,ST001,Market_1,Kazan,PR018,Product_18,Beverages,26,881.92,677.04,204.88,26,0,0.0,881.9200000000001,1.0,22,0,0,1
2026-06-22,2026,6,2026-06,2026-06-01,22,Monday,0,ST001,Market_1,Kazan,PR018,Product_18,Beverages,9,305.28,234.35999999999999,70.91999999999999,9,0,0.0,305.28000000000003,1.0,307,0,0,1
2026-06-23,2026,6,2026-06,2026-06-01,23,Tuesday,0,ST001,Market_1,Kazan,PR018,Product_18,Beverages,25,848.0,651.0,197.0,25,0,0.0,848.0,1.0,282,0,0,1
2026-06-24,2026,6,2026-06,2026-06-01,24,Wednesday,0,ST001,Market_1,Kazan,PR018,Product_18,Beverages,20,678.4,520.8,157.60000000000002,20,0,0.0,678.4000000000001,1.0,262,0,0,1
2026-06-25,2026,6,2026-06,2026-06-01,25,Thursday,0,ST001,Market_1,Kazan,PR018,Product_18,Beverages,20,678.4,520.8,157.60000000000002,20,0,0.0,678.4000000000001,1.0,242,0,0,1
2026-06-26,2026,6,2026-06,2026-06-01,26,Friday,0,ST001,Market_1,Kazan,PR018,Product_18,Beverages,25,848.0,651.0,197.0,25,0,0.0,848.0,1.0,217,0,0,1
2026-06-27,2026,6,2026-06,2026-06-01,27,Saturday,1,ST001,Market_1,Kazan,PR018,Product_18,Beverages,28,949.76,729.12,220.64,28,0,0.0,949.76,1.0,189,0,0,1
2026-06-28,2026,6,2026-06,2026-06-01,28,Sunday,1,ST001,Market_1,Kazan,PR018,Product_18,Beverages,29,983.68,755.16,228.51999999999998,29,0,0.0,983.6800000000001,1.0,160,0,0,1
2026-06-29,2026,6,2026-06,2026-06-01,29,Monday,0,ST001,Market_1,Kazan,PR018,Product_18,Beverages,19,644.48,494.76,149.72000000000003,19,0,0.0,644.48,1.0,141,0,0,1
2026-06-30,2026,6,2026-06,2026-06-01,30,Tuesday,0,ST001,Market_1,Kazan,PR018,Product_18,Beverages,21,712.32,546.84,165.48000000000002,21,0,0.0,712.32,1.0,120,0,0,1
2026-07-01,2026,7,2026-07,2026-07-01,1,Wednesday,0,ST001,Market_1,Kazan,PR018,Product_18,Beverages,15,508.8,390.59999999999997,118.20000000000005,15,0,0.0,508.8,1.0,105,0,0,1
2026-07-02,2026,7,2026-07,2026-07-01,2,Thursday,0,ST001,Market_1,Kazan,PR018,Product_18,Beverages,18,610.56,468.71999999999997,141.83999999999997,18,0,0.0,610.5600000000001,1.0,87,0,0,1
2026-07-03,2026,7,2026-07,2026-07-01,3,Friday,0,ST001,Market_1,Kazan,PR018,Product_18,Beverages,13,440.96,338.52,102.44,13,0,0.0,440.96000000000004,1.0,74,0,0,1
2026-07-04,2026,7,2026-07,2026-07-01,4,Saturday,1,ST001,Market_1,Kazan,PR018,Product_18,Beverages,28,949.76,729.12,220.64,28,0,0.0,949.76,1.0,46,294,0,1
2026-07-05,2026,7,2026-07,2026-07-01,5,Sunday,1,ST001,Market_1,Kazan,PR018,Product_18,Beverages,25,848.0,651.0,197.0,25,0,0.0,848.0,1.0,21,0,0,1
2026-07-06,2026,7,2026-07,2026-07-01,6,Monday,0,ST001,Market_1,Kazan,PR018,Product_18,Beverages,13,440.96,338.52,102.44,13,0,0.0,440.96000000000004,1.0,302,0,0,1
2026-07-07,2026,7,2026-07,2026-07-01,7,Tuesday,0,ST001,Market_1,Kazan,PR018,Product_18,Beverages,19,644.48,494.76,149.72000000000003,19,0,0.0,644.48,1.0,283,0,0,1
2026-07-08,2026,7,2026-07,2026-07-01,8,Wednesday,0,ST001,Market_1,Kazan,PR018,Product_18,Beverages,28,949.76,729.12,220.64,28,0,0.0,949.76,1.0,255,0,0,1
2026-07-09,2026,7,2026-07,2026-07-01,9,Thursday,0,ST001,Market_1,Kazan,PR018,Product_18,Beverages,14,474.88,364.56,110.32,14,0,0.0,474.88,1.0,241,0,0,1
2026-07-10,2026,7,2026-07,2026-07-01,10,Friday,0,ST001,Market_1,Kazan,PR018,Product_18,Beverages,20,678.4,520.8,157.60000000000002,20,0,0.0,678.4000000000001,1.0,221,0,0,1
2026-07-11,2026,7,2026-07,2026-07-01,11,Saturday,1,ST001,Market_1,Kazan,PR018,Product_18,Beverages,26,881.92,677.04,204.88,26,0,0.0,881.9200000000001,1.0,195,0,0,1
2026-07-12,2026,7,2026-07,2026-07-01,12,Sunday,1,ST001,Market_1,Kazan,PR018,Product_18,Beverages,30,1017.6,781.1999999999999,236.4000000000001,30,0,0.0,1017.6,1.0,165,0,0,1
2026-07-13,2026,7,2026-07,2026-07-01,13,Monday,0,ST001,Market_1,Kazan,PR018,Product_18,Beverages,27,915.84,703.0799999999999,212.7600000000001,27,0,0.0,915.84,1.0,138,0,0,1
2026-07-14,2026,7,2026-07,2026-07-01,14,Tuesday,0,ST001,Market_1,Kazan,PR018,Product_18,Beverages,22,746.24,572.88,173.36,22,0,0.0,746.24,1.0,116,0,0,1
2026-07-15,2026,7,2026-07,2026-07-01,15,Wednesday,0,ST001,Market_1,Kazan,PR018,Product_18,Beverages,22,746.24,572.88,173.36,22,0,0.0,746.24,1.0,94,0,0,1
2026-07-16,2026,7,2026-07,2026-07-01,16,Thursday,0,ST001,Market_1,Kazan,PR018,Product_18,Beverages,22,746.24,572.88,173.36,22,0,0.0,746.24,1.0,72,0,0,1
2026-07-17,2026,7,2026-07,2026-07-01,17,Friday,0,ST001,Market_1,Kazan,PR018,Product_18,Beverages,25,848.0,651.0,197.0,25,0,0.0,848.0,1.0,47,0,0,1
2026-07-18,2026,7,2026-07,2026-07-01,18,Saturday,1,ST001,Market_1,Kazan,PR018,Product_18,Beverages,27,915.84,703.0799999999999,212.7600000000001,27,0,0.0,915.84,1.0,20,294,0,1
2026-07-19,2026,7,2026-07,2026-07-01,19,Sunday,1,ST001,Market_1,Kazan,PR018,Product_18,Beverages,20,678.4,520.8,157.60000000000002,28,8,271.36,949.76,0.7142857142857143,0,0,1,0
2026-07-20,2026,7,2026-07,2026-07-01,20,Monday,0,ST001,Market_1,Kazan,PR018,Product_18,Beverages,21,712.32,546.84,165.48000000000002,21,0,0.0,712.32,1.0,273,0,0,1
2026-07-21,2026,7,2026-07,2026-07-01,21,Tuesday,0,ST001,Market_1,Kazan,PR018,Product_18,Beverages,22,746.24,572.88,173.36,22,0,0.0,746.24,1.0,251,0,0,1
2026-07-22,2026,7,2026-07,2026-07-01,22,Wednesday,0,ST001,Market_1,Kazan,PR018,Product_18,Beverages,26,881.92,677.04,204.88,26,0,0.0,881.9200000000001,1.0,225,0,0,1
2026-07-23,2026,7,2026-07,2026-07-01,23,Thursday,0,ST001,Market_1,Kazan,PR018,Product_18,Beverages,17,576.64,442.68,133.95999999999998,17,0,0.0,576.64,1.0,208,0,0,1
2026-07-24,2026,7,2026-07,2026-07-01,24,Friday,0,ST001,Market_1,Kazan,PR018,Product_18,Beverages,17,576.64,442.68,133.95999999999998,17,0,0.0,576.64,1.0,191,0,0,1
2026-07-25,2026,7,2026-07,2026-07-01,25,Saturday,1,ST001,Market_1,Kazan,PR018,Product_18,Beverages,32,1085.44,833.28,252.16000000000008,32,0,0.0,1085.44,1.0,159,0,0,1
2026-07-26,2026,7,2026-07,2026-07-01,26,Sunday,1,ST001,Market_1,Kazan,PR018,Product_18,Beverages,30,1017.6,781.1999999999999,236.4000000000001,30,0,0.0,1017.6,1.0,129,0,0,1
2026-07-27,2026,7,2026-07,2026-07-01,27,Monday,0,ST001,Market_1,Kazan,PR018,Product_18,Beverages,15,508.8,390.59999999999997,118.20000000000005,15,0,0.0,508.8,1.0,114,0,0,1
2026-07-28,2026,7,2026-07,2026-07-01,28,Tuesday,0,ST001,Market_1,Kazan,PR018,Product_18,Beverages,27,915.84,703.0799999999999,212.7600000000001,27,0,0.0,915.84,1.0,87,0,0,1
2026-07-29,2026,7,2026-07,2026-07-01,29,Wednesday,0,ST001,Market_1,Kazan,PR018,Product_18,Beverages,24,814.08,624.96,189.12,24,0,0.0,814.08,1.0,63,0,0,1
2026-07-30,2026,7,2026-07,2026-07-01,30,Thursday,0,ST001,Market_1,Kazan,PR018,Product_18,Beverages,14,474.88,364.56,110.32,14,0,0.0,474.88,1.0,49,294,0,1
2026-07-31,2026,7,2026-07,2026-07-01,31,Friday,0,ST001,Market_1,Kazan,PR018,Product_18,Beverages,19,644.48,494.76,149.72000000000003,19,0,0.0,644.48,1.0,30,0,0,1
2026-08-01,2026,8,2026-08,2026-08-01,1,Saturday,1,ST001,Market_1,Kazan,PR018,Product_18,Beverages,43,1458.56,1119.72,338.8399999999999,43,0,0.0,1458.5600000000002,1.0,281,0,0,1
2026-08-02,2026,8,2026-08,2026-08-01,2,Sunday,1,ST001,Market_1,Kazan,PR018,Product_18,Beverages,27,915.84,703.0799999999999,212.7600000000001,27,0,0.0,915.84,1.0,254,0,0,1
2026-08-03,2026,8,2026-08,2026-08-01,3,Monday,0,ST001,Market_1,Kazan,PR018,Product_18,Beverages,18,610.56,468.71999999999997,141.83999999999997,18,0,0.0,610.5600000000001,1.0,236,0,0,1
2026-08-04,2026,8,2026-08,2026-08-01,4,Tuesday,0,ST001,Market_1,Kazan,PR018,Product_18,Beverages,24,814.08,624.96,189.12,24,0,0.0,814.08,1.0,212,0,0,1
2026-08-05,2026,8,2026-08,2026-08-01,5,Wednesday,0,ST001,Market_1,Kazan,PR018,Product_18,Beverages,24,814.08,624.96,189.12,24,0,0.0,814.08,1.0,188,0,0,1
2026-08-06,2026,8,2026-08,2026-08-01,6,Thursday,0,ST001,Market_1,Kazan,PR018,Product_18,Beverages,11,373.12,286.44,86.68,11,0,0.0,373.12,1.0,177,0,0,1
2026-08-07,2026,8,2026-08,2026-08-01,7,Friday,0,ST001,Market_1,Kazan,PR018,Product_18,Beverages,19,644.48,494.76,149.72000000000003,19,0,0.0,644.48,1.0,158,0,0,1
2026-08-08,2026,8,2026-08,2026-08-01,8,Saturday,1,ST001,Market_1,Kazan,PR018,Product_18,Beverages,29,983.68,755.16,228.51999999999998,29,0,0.0,983.6800000000001,1.0,129,0,0,1
2026-08-09,2026,8,2026-08,2026-08-01,9,Sunday,1,ST001,Market_1,Kazan,PR018,Product_18,Beverages,24,814.08,624.96,189.12,24,0,0.0,814.08,1.0,105,0,0,1
2026-08-10,2026,8,2026-08,2026-08-01,10,Monday,0,ST001,Market_1,Kazan,PR018,Product_18,Beverages,20,678.4,520.8,157.60000000000002,20,0,0.0,678.4000000000001,1.0,85,0,0,1
2026-08-11,2026,8,2026-08,2026-08-01,11,Tuesday,0,ST001,Market_1,Kazan,PR018,Product_18,Beverages,23,780.16,598.92,181.24,23,0,0.0,780.1600000000001,1.0,62,0,0,1
2026-08-12,2026,8,2026-08,2026-08-01,12,Wednesday,0,ST001,Market_1,Kazan,PR018,Product_18,Beverages,22,746.24,572.88,173.36,22,0,0.0,746.24,1.0,40,294,0,1
2026-08-13,2026,8,2026-08,2026-08-01,13,Thursday,0,ST001,Market_1,Kazan,PR018,Product_18,Beverages,23,780.16,598.92,181.24,23,0,0.0,780.1600000000001,1.0,17,0,0,1
2026-08-14,2026,8,2026-08,2026-08-01,14,Friday,0,ST001,Market_1,Kazan,PR018,Product_18,Beverages,22,746.24,572.88,173.36,22,0,0.0,746.24,1.0,289,0,0,1
2026-08-15,2026,8,2026-08,2026-08-01,15,Saturday,1,ST001,Market_1,Kazan,PR018,Product_18,Beverages,29,983.68,755.16,228.51999999999998,29,0,0.0,983.6800000000001,1.0,260,0,0,1
2026-08-16,2026,8,2026-08,2026-08-01,16,Sunday,1,ST001,Market_1,Kazan,PR018,Product_18,Beverages,19,644.48,494.76,149.72000000000003,19,0,0.0,644.48,1.0,241,0,0,1
2026-08-17,2026,8,2026-08,2026-08-01,17,Monday,0,ST001,Market_1,Kazan,PR018,Product_18,Beverages,19,644.48,494.76,149.72000000000003,19,0,0.0,644.48,1.0,222,0,0,1
2026-08-18,2026,8,2026-08,2026-08-01,18,Tuesday,0,ST001,Market_1,Kazan,PR018,Product_18,Beverages,22,746.24,572.88,173.36,22,0,0.0,746.24,1.0,200,0,0,1
2026-08-19,2026,8,2026-08,2026-08-01,19,Wednesday,0,ST001,Market_1,Kazan,PR018,Product_18,Beverages,18,610.56,468.71999999999997,141.83999999999997,18,0,0.0,610.5600000000001,1.0,182,0,0,1
2026-08-20,2026,8,2026-08,2026-08-01,20,Thursday,0,ST001,Market_1,Kazan,PR018,Product_18,Beverages,17,576.64,442.68,133.95999999999998,17,0,0.0,576.64,1.0,165,0,0,1
2026-08-21,2026,8,2026-08,2026-08-01,21,Friday,0,ST001,Market_1,Kazan,PR018,Product_18,Beverages,24,814.08,624.96,189.12,24,0,0.0,814.08,1.0,141,0,0,1
2026-08-22,2026,8,2026-08,2026-08-01,22,Saturday,1,ST001,Market_1,Kazan,PR018,Product_18,Beverages,27,915.84,703.0799999999999,212.7600000000001,27,0,0.0,915.84,1.0,114,0,0,1
2026-08-23,2026,8,2026-08,2026-08-01,23,Sunday,1,ST001,Market_1,Kazan,PR018,Product_18,Beverages,35,1187.2,911.4,275.80000000000007,35,0,0.0,1187.2,1.0,79,0,0,1
2026-08-24,2026,8,2026-08,2026-08-01,24,Monday,0,ST001,Market_1,Kazan,PR018,Product_18,Beverages,12,407.04,312.48,94.56,12,0,0.0,407.04,1.0,67,0,0,1
2026-08-25,2026,8,2026-08,2026-08-01,25,Tuesday,0,ST001,Market_1,Kazan,PR018,Product_18,Beverages,18,610.56,468.71999999999997,141.83999999999997,18,0,0.0,610.5600000000001,1.0,49,294,0,1
2026-08-26,2026,8,2026-08,2026-08-01,26,Wednesday,0,ST001,Market_1,Kazan,PR018,Product_18,Beverages,26,881.92,677.04,204.88,26,0,0.0,881.9200000000001,1.0,23,0,0,1
2026-08-27,2026,8,2026-08,2026-08-01,27,Thursday,0,ST001,Market_1,Kazan,PR018,Product_18,Beverages,24,814.08,624.96,189.12,24,0,0.0,814.08,1.0,293,0,0,1
2026-08-28,2026,8,2026-08,2026-08-01,28,Friday,0,ST001,Market_1,Kazan,PR018,Product_18,Beverages,12,407.04,312.48,94.56,12,0,0.0,407.04,1.0,281,0,0,1
2026-08-29,2026,8,2026-08,2026-08-01,29,Saturday,1,ST001,Market_1,Kazan,PR018,Product_18,Beverages,27,915.84,703.0799999999999,212.7600000000001,27,0,0.0,915.84,1.0,254,0,0,1
2026-08-30,2026,8,2026-08,2026-08-01,30,Sunday,1,ST001,Market_1,Kazan,PR018,Product_18,Beverages,34,1153.28,885.36,267.91999999999996,34,0,0.0,1153.28,1.0,220,0,0,1
2026-08-31,2026,8,2026-08,2026-08-01,31,Monday,0,ST001,Market_1,Kazan,PR018,Product_18,Beverages,26,881.92,677.04,204.88,26,0,0.0,881.9200000000001,1.0,194,0,0,1
2026-09-01,2026,9,2026-09,2026-09-01,1,Tuesday,0,ST001,Market_1,Kazan,PR018,Product_18,Beverages,20,678.4,520.8,157.60000000000002,20,0,0.0,678.4000000000001,1.0,174,0,0,1
2026-09-02,2026,9,2026-09,2026-09-01,2,Wednesday,0,ST001,Market_1,Kazan,PR018,Product_18,Beverages,17,576.64,442.68,133.95999999999998,17,0,0.0,576.64,1.0,157,0,0,1
2026-09-03,2026,9,2026-09,2026-09-01,3,Thursday,0,ST001,Market_1,Kazan,PR018,Product_18,Beverages,22,746.24,572.88,173.36,22,0,0.0,746.24,1.0,135,0,0,1
2026-09-04,2026,9,2026-09,2026-09-01,4,Friday,0,ST001,Market_1,Kazan,PR018,Product_18,Beverages,16,542.72,416.64,126.08000000000004,16,0,0.0,542.72,1.0,119,0,0,1
2026-09-05,2026,9,2026-09,2026-09-01,5,Saturday,1,ST001,Market_1,Kazan,PR018,Product_18,Beverages,30,1017.6,781.1999999999999,236.4000000000001,30,0,0.0,1017.6,1.0,89,0,0,1
2026-09-06,2026,9,2026-09,2026-09-01,6,Sunday,1,ST001,Market_1,Kazan,PR018,Product_18,Beverages,29,983.68,755.16,228.51999999999998,29,0,0.0,983.6800000000001,1.0,60,0,0,1
2026-09-07,2026,9,2026-09,2026-09-01,7,Monday,0,ST001,Market_1,Kazan,PR018,Product_18,Beverages,22,746.24,572.88,173.36,22,0,0.0,746.24,1.0,38,0,0,1
2026-06-10,2026,6,2026-06,2026-06-01,10,Wednesday,0,ST001,Market_1,Kazan,PR019,Product_19,Snacks,7,1183.21,692.86,490.35,7,0,0.0,1183.21,1.0,105,0,0,1
2026-06-11,2026,6,2026-06,2026-06-01,11,Thursday,0,ST001,Market_1,Kazan,PR019,Product_19,Snacks,8,1352.24,791.84,560.4,8,0,0.0,1352.24,1.0,97,0,0,1
2026-06-12,2026,6,2026-06,2026-06-01,12,Friday,0,ST001,Market_1,Kazan,PR019,Product_19,Snacks,10,1690.3,989.8000000000001,700.4999999999999,10,0,0.0,1690.3,1.0,87,0,0,1
2026-06-13,2026,6,2026-06,2026-06-01,13,Saturday,1,ST001,Market_1,Kazan,PR019,Product_19,Snacks,13,2197.39,1286.74,910.6499999999999,13,0,0.0,2197.39,1.0,74,0,0,1
2026-06-14,2026,6,2026-06,2026-06-01,14,Sunday,1,ST001,Market_1,Kazan,PR019,Product_19,Snacks,10,1690.3,989.8000000000001,700.4999999999999,10,0,0.0,1690.3,1.0,64,0,0,1
2026-06-15,2026,6,2026-06,2026-06-01,15,Monday,0,ST001,Market_1,Kazan,PR019,Product_19,Snacks,6,1014.18,593.88,420.29999999999995,6,0,0.0,1014.1800000000001,1.0,58,0,0,1
2026-06-16,2026,6,2026-06,2026-06-01,16,Tuesday,0,ST001,Market_1,Kazan,PR019,Product_19,Snacks,9,1521.27,890.82,630.4499999999999,9,0,0.0,1521.27,1.0,49,0,0,1
2026-06-17,2026,6,2026-06,2026-06-01,17,Wednesday,0,ST001,Market_1,Kazan,PR019,Product_19,Snacks,4,676.12,395.92,280.2,4,0,0.0,676.12,1.0,45,0,0,1
2026-06-18,2026,6,2026-06,2026-06-01,18,Thursday,0,ST001,Market_1,Kazan,PR019,Product_19,Snacks,11,1859.33,1088.78,770.55,11,0,0.0,1859.33,1.0,34,0,0,1
2026-06-19,2026,6,2026-06,2026-06-01,19,Friday,0,ST001,Market_1,Kazan,PR019,Product_19,Snacks,9,1521.27,890.82,630.4499999999999,9,0,0.0,1521.27,1.0,25,0,0,1
2026-06-20,2026,6,2026-06,2026-06-01,20,Saturday,1,ST001,Market_1,Kazan,PR019,Product_19,Snacks,13,2197.39,1286.74,910.6499999999999,13,0,0.0,2197.39,1.0,12,0,0,1
2026-06-21,2026,6,2026-06,2026-06-01,21,Sunday,1,ST001,Market_1,Kazan,PR019,Product_19,Snacks,12,2028.36,1187.76,840.5999999999999,17,5,845.15,2873.51,0.7058823529411765,0,112,1,0
2026-06-22,2026,6,2026-06,2026-06-01,22,Monday,0,ST001,Market_1,Kazan,PR019,Product_19,Snacks,0,0.0,0.0,0.0,5,5,845.15,845.15,0.0,0,0,1,0
2026-06-23,2026,6,2026-06,2026-06-01,23,Tuesday,0,ST001,Market_1,Kazan,PR019,Product_19,Snacks,9,1521.27,890.82,630.4499999999999,9,0,0.0,1521.27,1.0,103,0,0,1
2026-06-24,2026,6,2026-06,2026-06-01,24,Wednesday,0,ST001,Market_1,Kazan,PR019,Product_19,Snacks,8,1352.24,791.84,560.4,8,0,0.0,1352.24,1.0,95,0,0,1
2026-06-25,2026,6,2026-06,2026-06-01,25,Thursday,0,ST001,Market_1,Kazan,PR019,Product_19,Snacks,11,1859.33,1088.78,770.55,11,0,0.0,1859.33,1.0,84,0,0,1
2026-06-26,2026,6,2026-06,2026-06-01,26,Friday,0,ST001,Market_1,Kazan,PR019,Product_19,Snacks,7,1183.21,692.86,490.35,7,0,0.0,1183.21,1.0,77,0,0,1
2026-06-27,2026,6,2026-06,2026-06-01,27,Saturday,1,ST001,Market_1,Kazan,PR019,Product_19,Snacks,15,2535.45,1484.7,1050.7499999999998,15,0,0.0,2535.45,1.0,62,0,0,1
2026-06-28,2026,6,2026-06,2026-06-01,28,Sunday,1,ST001,Market_1,Kazan,PR019,Product_19,Snacks,9,1521.27,890.82,630.4499999999999,9,0,0.0,1521.27,1.0,53,0,0,1
2026-06-29,2026,6,2026-06,2026-06-01,29,Monday,0,ST001,Market_1,Kazan,PR019,Product_19,Snacks,5,845.15,494.90000000000003,350.24999999999994,5,0,0.0,845.15,1.0,48,0,0,1
2026-06-30,2026,6,2026-06,2026-06-01,30,Tuesday,0,ST001,Market_1,Kazan,PR019,Product_19,Snacks,4,676.12,395.92,280.2,4,0,0.0,676.12,1.0,44,0,0,1
2026-07-01,2026,7,2026-07,2026-07-01,1,Wednesday,0,ST001,Market_1,Kazan,PR019,Product_19,Snacks,6,1014.18,593.88,420.29999999999995,6,0,0.0,1014.1800000000001,1.0,38,0,0,1
2026-07-02,2026,7,2026-07,2026-07-01,2,Thursday,0,ST001,Market_1,Kazan,PR019,Product_19,Snacks,8,1352.24,791.84,560.4,8,0,0.0,1352.24,1.0,30,0,0,1
2026-07-03,2026,7,2026-07,2026-07-01,3,Friday,0,ST001,Market_1,Kazan,PR019,Product_19,Snacks,12,2028.36,1187.76,840.5999999999999,12,0,0.0,2028.3600000000001,1.0,18,112,0,1
2026-07-04,2026,7,2026-07,2026-07-01,4,Saturday,1,ST001,Market_1,Kazan,PR019,Product_19,Snacks,9,1521.27,890.82,630.4499999999999,9,0,0.0,1521.27,1.0,9,0,0,1
2026-07-05,2026,7,2026-07,2026-07-01,5,Sunday,1,ST001,Market_1,Kazan,PR019,Product_19,Snacks,7,1183.21,692.86,490.35,7,0,0.0,1183.21,1.0,114,0,0,1
2026-07-06,2026,7,2026-07,2026-07-01,6,Monday,0,ST001,Market_1,Kazan,PR019,Product_19,Snacks,7,1183.21,692.86,490.35,7,0,0.0,1183.21,1.0,107,0,0,1
2026-07-07,2026,7,2026-07,2026-07-01,7,Tuesday,0,ST001,Market_1,Kazan,PR019,Product_19,Snacks,8,1352.24,791.84,560.4,8,0,0.0,1352.24,1.0,99,0,0,1
2026-07-08,2026,7,2026-07,2026-07-01,8,Wednesday,0,ST001,Market_1,Kazan,PR019,Product_19,Snacks,9,1521.27,890.82,630.4499999999999,9,0,0.0,1521.27,1.0,90,0,0,1
2026-07-09,2026,7,2026-07,2026-07-01,9,Thursday,0,ST001,Market_1,Kazan,PR019,Product_19,Snacks,10,1690.3,989.8000000000001,700.4999999999999,10,0,0.0,1690.3,1.0,80,0,0,1
2026-07-10,2026,7,2026-07,2026-07-01,10,Friday,0,ST001,Market_1,Kazan,PR019,Product_19,Snacks,4,676.12,395.92,280.2,4,0,0.0,676.12,1.0,76,0,0,1
2026-07-11,2026,7,2026-07,2026-07-01,11,Saturday,1,ST001,Market_1,Kazan,PR019,Product_19,Snacks,14,2366.42,1385.72,980.7,14,0,0.0,2366.42,1.0,62,0,0,1
2026-07-12,2026,7,2026-07,2026-07-01,12,Sunday,1,ST001,Market_1,Kazan,PR019,Product_19,Snacks,7,1183.21,692.86,490.35,7,0,0.0,1183.21,1.0,55,0,0,1
2026-07-13,2026,7,2026-07,2026-07-01,13,Monday,0,ST001,Market_1,Kazan,PR019,Product_19,Snacks,7,1183.21,692.86,490.35,7,0,0.0,1183.21,1.0,48,0,0,1
2026-07-14,2026,7,2026-07,2026-07-01,14,Tuesday,0,ST001,Market_1,Kazan,PR019,Product_19,Snacks,10,1690.3,989.8000000000001,700.4999999999999,10,0,0.0,1690.3,1.0,38,0,0,1
2026-07-15,2026,7,2026-07,2026-07-01,15,Wednesday,0,ST001,Market_1,Kazan,PR019,Product_19,Snacks,13,2197.39,1286.74,910.6499999999999,13,0,0.0,2197.39,1.0,25,0,0,1
2026-07-16,2026,7,2026-07,2026-07-01,16,Thursday,0,ST001,Market_1,Kazan,PR019,Product_19,Snacks,9,1521.27,890.82,630.4499999999999,9,0,0.0,1521.27,1.0,16,0,0,1
2026-07-17,2026,7,2026-07,2026-07-01,17,Friday,0,ST001,Market_1,Kazan,PR019,Product_19,Snacks,8,1352.24,791.84,560.4,8,0,0.0,1352.24,1.0,8,112,0,1
2026-07-18,2026,7,2026-07,2026-07-01,18,Saturday,1,ST001,Market_1,Kazan,PR019,Product_19,Snacks,8,1352.24,791.84,560.4,15,7,1183.21,2535.45,0.5333333333333333,0,0,1,0
2026-07-19,2026,7,2026-07,2026-07-01,19,Sunday,1,ST001,Market_1,Kazan,PR019,Product_19,Snacks,13,2197.39,1286.74,910.6499999999999,13,0,0.0,2197.39,1.0,99,0,0,1
2026-07-20,2026,7,2026-07,2026-07-01,20,Monday,0,ST001,Market_1,Kazan,PR019,Product_19,Snacks,4,676.12,395.92,280.2,4,0,0.0,676.12,1.0,95,0,0,1
2026-07-21,2026,7,2026-07,2026-07-01,21,Tuesday,0,ST001,Market_1,Kazan,PR019,Product_19,Snacks,12,2028.36,1187.76,840.5999999999999,12,0,0.0,2028.3600000000001,1.0,83,0,0,1
2026-07-22,2026,7,2026-07,2026-07-01,22,Wednesday,0,ST001,Market_1,Kazan,PR019,Product_19,Snacks,5,845.15,494.90000000000003,350.24999999999994,5,0,0.0,845.15,1.0,78,0,0,1
2026-07-23,2026,7,2026-07,2026-07-01,23,Thursday,0,ST001,Market_1,Kazan,PR019,Product_19,Snacks,8,1352.24,791.84,560.4,8,0,0.0,1352.24,1.0,70,0,0,1
2026-07-24,2026,7,2026-07,2026-07-01,24,Friday,0,ST001,Market_1,Kazan,PR019,Product_19,Snacks,9,1521.27,890.82,630.4499999999999,9,0,0.0,1521.27,1.0,61,0,0,1
2026-07-25,2026,7,2026-07,2026-07-01,25,Saturday,1,ST001,Market_1,Kazan,PR019,Product_19,Snacks,10,1690.3,989.8000000000001,700.4999999999999,10,0,0.0,1690.3,1.0,51,0,0,1
2026-07-26,2026,7,2026-07,2026-07-01,26,Sunday,1,ST001,Market_1,Kazan,PR019,Product_19,Snacks,5,845.15,494.90000000000003,350.24999999999994,5,0,0.0,845.15,1.0,46,0,0,1
2026-07-27,2026,7,2026-07,2026-07-01,27,Monday,0,ST001,Market_1,Kazan,PR019,Product_19,Snacks,13,2197.39,1286.74,910.6499999999999,13,0,0.0,2197.39,1.0,33,0,0,1
2026-07-28,2026,7,2026-07,2026-07-01,28,Tuesday,0,ST001,Market_1,Kazan,PR019,Product_19,Snacks,5,845.15,494.90000000000003,350.24999999999994,5,0,0.0,845.15,1.0,28,0,0,1
2026-07-29,2026,7,2026-07,2026-07-01,29,Wednesday,0,ST001,Market_1,Kazan,PR019,Product_19,Snacks,8,1352.24,791.84,560.4,8,0,0.0,1352.24,1.0,20,0,0,1
2026-07-30,2026,7,2026-07,2026-07-01,30,Thursday,0,ST001,Market_1,Kazan,PR019,Product_19,Snacks,4,676.12,395.92,280.2,4,0,0.0,676.12,1.0,16,112,0,1
2026-07-31,2026,7,2026-07,2026-07-01,31,Friday,0,ST001,Market_1,Kazan,PR019,Product_19,Snacks,10,1690.3,989.8000000000001,700.4999999999999,10,0,0.0,1690.3,1.0,6,0,0,1
2026-08-01,2026,8,2026-08,2026-08-01,1,Saturday,1,ST001,Market_1,Kazan,PR019,Product_19,Snacks,10,1690.3,989.8000000000001,700.4999999999999,10,0,0.0,1690.3,1.0,108,0,0,1
2026-08-02,2026,8,2026-08,2026-08-01,2,Sunday,1,ST001,Market_1,Kazan,PR019,Product_19,Snacks,11,1859.33,1088.78,770.55,11,0,0.0,1859.33,1.0,97,0,0,1
2026-08-03,2026,8,2026-08,2026-08-01,3,Monday,0,ST001,Market_1,Kazan,PR019,Product_19,Snacks,13,2197.39,1286.74,910.6499999999999,13,0,0.0,2197.39,1.0,84,0,0,1
2026-08-04,2026,8,2026-08,2026-08-01,4,Tuesday,0,ST001,Market_1,Kazan,PR019,Product_19,Snacks,9,1521.27,890.82,630.4499999999999,9,0,0.0,1521.27,1.0,75,0,0,1
2026-08-05,2026,8,2026-08,2026-08-01,5,Wednesday,0,ST001,Market_1,Kazan,PR019,Product_19,Snacks,6,1014.18,593.88,420.29999999999995,6,0,0.0,1014.1800000000001,1.0,69,0,0,1
2026-08-06,2026,8,2026-08,2026-08-01,6,Thursday,0,ST001,Market_1,Kazan,PR019,Product_19,Snacks,9,1521.27,890.82,630.4499999999999,9,0,0.0,1521.27,1.0,60,0,0,1
2026-08-07,2026,8,2026-08,2026-08-01,7,Friday,0,ST001,Market_1,Kazan,PR019,Product_19,Snacks,10,1690.3,989.8000000000001,700.4999999999999,10,0,0.0,1690.3,1.0,50,0,0,1
2026-08-08,2026,8,2026-08,2026-08-01,8,Saturday,1,ST001,Market_1,Kazan,PR019,Product_19,Snacks,10,1690.3,989.8000000000001,700.4999999999999,10,0,0.0,1690.3,1.0,40,0,0,1
2026-08-09,2026,8,2026-08,2026-08-01,9,Sunday,1,ST001,Market_1,Kazan,PR019,Product_19,Snacks,13,2197.39,1286.74,910.6499999999999,13,0,0.0,2197.39,1.0,27,0,0,1
2026-08-10,2026,8,2026-08,2026-08-01,10,Monday,0,ST001,Market_1,Kazan,PR019,Product_19,Snacks,4,676.12,395.92,280.2,4,0,0.0,676.12,1.0,23,0,0,1
2026-08-11,2026,8,2026-08,2026-08-01,11,Tuesday,0,ST001,Market_1,Kazan,PR019,Product_19,Snacks,7,1183.21,692.86,490.35,7,0,0.0,1183.21,1.0,16,0,0,1
2026-08-12,2026,8,2026-08,2026-08-01,12,Wednesday,0,ST001,Market_1,Kazan,PR019,Product_19,Snacks,6,1014.18,593.88,420.29999999999995,6,0,0.0,1014.1800000000001,1.0,10,112,0,1
2026-08-13,2026,8,2026-08,2026-08-01,13,Thursday,0,ST001,Market_1,Kazan,PR019,Product_19,Snacks,10,1690.3,989.8000000000001,700.4999999999999,13,3,507.09000000000003,2197.39,0.7692307692307693,0,0,1,0
2026-08-14,2026,8,2026-08,2026-08-01,14,Friday,0,ST001,Market_1,Kazan,PR019,Product_19,Snacks,8,1352.24,791.84,560.4,8,0,0.0,1352.24,1.0,104,0,0,1
2026-08-15,2026,8,2026-08,2026-08-01,15,Saturday,1,ST001,Market_1,Kazan,PR019,Product_19,Snacks,3,507.09,296.94,210.14999999999998,3,0,0.0,507.09000000000003,1.0,101,0,0,1
2026-08-16,2026,8,2026-08,2026-08-01,16,Sunday,1,ST001,Market_1,Kazan,PR019,Product_19,Snacks,17,2873.51,1682.66,1190.8500000000001,17,0,0.0,2873.51,1.0,84,0,0,1
2026-08-17,2026,8,2026-08,2026-08-01,17,Monday,0,ST001,Market_1,Kazan,PR019,Product_19,Snacks,5,845.15,494.90000000000003,350.24999999999994,5,0,0.0,845.15,1.0,79,0,0,1
2026-08-18,2026,8,2026-08,2026-08-01,18,Tuesday,0,ST001,Market_1,Kazan,PR019,Product_19,Snacks,9,1521.27,890.82,630.4499999999999,9,0,0.0,1521.27,1.0,70,0,0,1
2026-08-19,2026,8,2026-08,2026-08-01,19,Wednesday,0,ST001,Market_1,Kazan,PR019,Product_19,Snacks,11,1859.33,1088.78,770.55,11,0,0.0,1859.33,1.0,59,0,0,1
2026-08-20,2026,8,2026-08,2026-08-01,20,Thursday,0,ST001,Market_1,Kazan,PR019,Product_19,Snacks,7,1183.21,692.86,490.35,7,0,0.0,1183.21,1.0,52,0,0,1
2026-08-21,2026,8,2026-08,2026-08-01,21,Friday,0,ST001,Market_1,Kazan,PR019,Product_19,Snacks,8,1352.24,791.84,560.4,8,0,0.0,1352.24,1.0,44,0,0,1
2026-08-22,2026,8,2026-08,2026-08-01,22,Saturday,1,ST001,Market_1,Kazan,PR019,Product_19,Snacks,13,2197.39,1286.74,910.6499999999999,13,0,0.0,2197.39,1.0,31,0,0,1
2026-08-23,2026,8,2026-08,2026-08-01,23,Sunday,1,ST001,Market_1,Kazan,PR019,Product_19,Snacks,7,1183.21,692.86,490.35,7,0,0.0,1183.21,1.0,24,0,0,1
2026-08-24,2026,8,2026-08,2026-08-01,24,Monday,0,ST001,Market_1,Kazan,PR019,Product_19,Snacks,6,1014.18,593.88,420.29999999999995,6,0,0.0,1014.1800000000001,1.0,18,0,0,1
2026-08-25,2026,8,2026-08,2026-08-01,25,Tuesday,0,ST001,Market_1,Kazan,PR019,Product_19,Snacks,15,2535.45,1484.7,1050.7499999999998,15,0,0.0,2535.45,1.0,3,112,0,1
2026-08-26,2026,8,2026-08,2026-08-01,26,Wednesday,0,ST001,Market_1,Kazan,PR019,Product_19,Snacks,3,507.09,296.94,210.14999999999998,8,5,845.15,1352.24,0.375,0,0,1,0
2026-08-27,2026,8,2026-08,2026-08-01,27,Thursday,0,ST001,Market_1,Kazan,PR019,Product_19,Snacks,4,676.12,395.92,280.2,4,0,0.0,676.12,1.0,108,0,0,1
2026-08-28,2026,8,2026-08,2026-08-01,28,Friday,0,ST001,Market_1,Kazan,PR019,Product_19,Snacks,10,1690.3,989.8000000000001,700.4999999999999,10,0,0.0,1690.3,1.0,98,0,0,1
2026-08-29,2026,8,2026-08,2026-08-01,29,Saturday,1,ST001,Market_1,Kazan,PR019,Product_19,Snacks,13,2197.39,1286.74,910.6499999999999,13,0,0.0,2197.39,1.0,85,0,0,1
2026-08-30,2026,8,2026-08,2026-08-01,30,Sunday,1,ST001,Market_1,Kazan,PR019,Product_19,Snacks,10,1690.3,989.8000000000001,700.4999999999999,10,0,0.0,1690.3,1.0,75,0,0,1
2026-08-31,2026,8,2026-08,2026-08-01,31,Monday,0,ST001,Market_1,Kazan,PR019,Product_19,Snacks,6,1014.18,593.88,420.29999999999995,6,0,0.0,1014.1800000000001,1.0,69,0,0,1
2026-09-01,2026,9,2026-09,2026-09-01,1,Tuesday,0,ST001,Market_1,Kazan,PR019,Product_19,Snacks,8,1352.24,791.84,560.4,8,0,0.0,1352.24,1.0,61,0,0,1
2026-09-02,2026,9,2026-09,2026-09-01,2,Wednesday,0,ST001,Market_1,Kazan,PR019,Product_19,Snacks,12,2028.36,1187.76,840.5999999999999,12,0,0.0,2028.3600000000001,1.0,49,0,0,1
2026-09-03,2026,9,2026-09,2026-09-01,3,Thursday,0,ST001,Market_1,Kazan,PR019,Product_19,Snacks,4,676.12,395.92,280.2,4,0,0.0,676.12,1.0,45,0,0,1
2026-09-04,2026,9,2026-09,2026-09-01,4,Friday,0,ST001,Market_1,Kazan,PR019,Product_19,Snacks,7,1183.21,692.86,490.35,7,0,0.0,1183.21,1.0,38,0,0,1
2026-09-05,2026,9,2026-09,2026-09-01,5,Saturday,1,ST001,Market_1,Kazan,PR019,Product_19,Snacks,11,1859.33,1088.78,770.55,11,0,0.0,1859.33,1.0,27,0,0,1
2026-09-06,2026,9,2026-09,2026-09-01,6,Sunday,1,ST001,Market_1,Kazan,PR019,Product_19,Snacks,14,2366.42,1385.72,980.7,14,0,0.0,2366.42,1.0,13,0,0,1
2026-09-07,2026,9,2026-09,2026-09-01,7,Monday,0,ST001,Market_1,Kazan,PR019,Product_19,Snacks,7,1183.21,692.86,490.35,7,0,0.0,1183.21,1.0,6,112,0,1
2026-06-10,2026,6,2026-06,2026-06-01,10,Wednesday,0,ST001,Market_1,Kazan,PR020,Product_20,Household,17,1185.41,716.89,468.5200000000001,17,0,0.0,1185.41,1.0,291,0,0,1
2026-06-11,2026,6,2026-06,2026-06-01,11,Thursday,0,ST001,Market_1,Kazan,PR020,Product_20,Household,26,1812.98,1096.42,716.56,26,0,0.0,1812.98,1.0,265,0,0,1
2026-06-12,2026,6,2026-06,2026-06-01,12,Friday,0,ST001,Market_1,Kazan,PR020,Product_20,Household,16,1115.68,674.72,440.96000000000004,16,0,0.0,1115.68,1.0,249,0,0,1
2026-06-13,2026,6,2026-06,2026-06-01,13,Saturday,1,ST001,Market_1,Kazan,PR020,Product_20,Household,24,1673.52,1012.08,661.4399999999999,24,0,0.0,1673.52,1.0,225,0,0,1
2026-06-14,2026,6,2026-06,2026-06-01,14,Sunday,1,ST001,Market_1,Kazan,PR020,Product_20,Household,26,1812.98,1096.42,716.56,26,0,0.0,1812.98,1.0,199,0,0,1
2026-06-15,2026,6,2026-06,2026-06-01,15,Monday,0,ST001,Market_1,Kazan,PR020,Product_20,Household,18,1255.14,759.0600000000001,496.08000000000004,18,0,0.0,1255.14,1.0,181,0,0,1
2026-06-16,2026,6,2026-06,2026-06-01,16,Tuesday,0,ST001,Market_1,Kazan,PR020,Product_20,Household,12,836.76,506.04,330.71999999999997,12,0,0.0,836.76,1.0,169,0,0,1
2026-06-17,2026,6,2026-06,2026-06-01,17,Wednesday,0,ST001,Market_1,Kazan,PR020,Product_20,Household,12,836.76,506.04,330.71999999999997,12,0,0.0,836.76,1.0,157,0,0,1
2026-06-18,2026,6,2026-06,2026-06-01,18,Thursday,0,ST001,Market_1,Kazan,PR020,Product_20,Household,22,1534.06,927.74,606.3199999999999,22,0,0.0,1534.0600000000002,1.0,135,0,0,1
2026-06-19,2026,6,2026-06,2026-06-01,19,Friday,0,ST001,Market_1,Kazan,PR020,Product_20,Household,23,1603.79,969.9100000000001,633.8799999999999,23,0,0.0,1603.7900000000002,1.0,112,0,0,1
2026-06-20,2026,6,2026-06,2026-06-01,20,Saturday,1,ST001,Market_1,Kazan,PR020,Product_20,Household,25,1743.25,1054.25,689.0,25,0,0.0,1743.25,1.0,87,0,0,1
2026-06-21,2026,6,2026-06,2026-06-01,21,Sunday,1,ST001,Market_1,Kazan,PR020,Product_20,Household,32,2231.36,1349.44,881.9200000000001,32,0,0.0,2231.36,1.0,55,308,0,1
2026-06-22,2026,6,2026-06,2026-06-01,22,Monday,0,ST001,Market_1,Kazan,PR020,Product_20,Household,26,1812.98,1096.42,716.56,26,0,0.0,1812.98,1.0,29,0,0,1
2026-06-23,2026,6,2026-06,2026-06-01,23,Tuesday,0,ST001,Market_1,Kazan,PR020,Product_20,Household,16,1115.68,674.72,440.96000000000004,16,0,0.0,1115.68,1.0,321,0,0,1
2026-06-24,2026,6,2026-06,2026-06-01,24,Wednesday,0,ST001,Market_1,Kazan,PR020,Product_20,Household,25,1743.25,1054.25,689.0,25,0,0.0,1743.25,1.0,296,0,0,1
2026-06-25,2026,6,2026-06,2026-06-01,25,Thursday,0,ST001,Market_1,Kazan,PR020,Product_20,Household,25,1743.25,1054.25,689.0,25,0,0.0,1743.25,1.0,271,0,0,1
2026-06-26,2026,6,2026-06,2026-06-01,26,Friday,0,ST001,Market_1,Kazan,PR020,Product_20,Household,18,1255.14,759.0600000000001,496.08000000000004,18,0,0.0,1255.14,1.0,253,0,0,1
2026-06-27,2026,6,2026-06,2026-06-01,27,Saturday,1,ST001,Market_1,Kazan,PR020,Product_20,Household,26,1812.98,1096.42,716.56,26,0,0.0,1812.98,1.0,227,0,0,1
2026-06-28,2026,6,2026-06,2026-06-01,28,Sunday,1,ST001,Market_1,Kazan,PR020,Product_20,Household,34,2370.82,1433.78,937.0400000000002,34,0,0.0,2370.82,1.0,193,0,0,1
2026-06-29,2026,6,2026-06,2026-06-01,29,Monday,0,ST001,Market_1,Kazan,PR020,Product_20,Household,30,2091.9,1265.1000000000001,826.8,30,0,0.0,2091.9,1.0,163,0,0,1
2026-06-30,2026,6,2026-06,2026-06-01,30,Tuesday,0,ST001,Market_1,Kazan,PR020,Product_20,Household,18,1255.14,759.0600000000001,496.08000000000004,18,0,0.0,1255.14,1.0,145,0,0,1
2026-07-01,2026,7,2026-07,2026-07-01,1,Wednesday,0,ST001,Market_1,Kazan,PR020,Product_20,Household,21,1464.33,885.57,578.7599999999999,21,0,0.0,1464.3300000000002,1.0,124,0,0,1
2026-07-02,2026,7,2026-07,2026-07-01,2,Thursday,0,ST001,Market_1,Kazan,PR020,Product_20,Household,22,1534.06,927.74,606.3199999999999,22,0,0.0,1534.0600000000002,1.0,102,0,0,1
2026-07-03,2026,7,2026-07,2026-07-01,3,Friday,0,ST001,Market_1,Kazan,PR020,Product_20,Household,21,1464.33,885.57,578.7599999999999,21,0,0.0,1464.3300000000002,1.0,81,0,0,1
2026-07-04,2026,7,2026-07,2026-07-01,4,Saturday,1,ST001,Market_1,Kazan,PR020,Product_20,Household,24,1673.52,1012.08,661.4399999999999,24,0,0.0,1673.52,1.0,57,0,0,1
2026-07-05,2026,7,2026-07,2026-07-01,5,Sunday,1,ST001,Market_1,Kazan,PR020,Product_20,Household,29,2022.17,1222.93,799.24,29,0,0.0,2022.17,1.0,28,308,0,1
2026-07-06,2026,7,2026-07,2026-07-01,6,Monday,0,ST001,Market_1,Kazan,PR020,Product_20,Household,17,1185.41,716.89,468.5200000000001,17,0,0.0,1185.41,1.0,11,0,0,1
2026-07-07,2026,7,2026-07,2026-07-01,7,Tuesday,0,ST001,Market_1,Kazan,PR020,Product_20,Household,15,1045.95,632.5500000000001,413.4,15,0,0.0,1045.95,1.0,304,0,0,1
2026-07-08,2026,7,2026-07,2026-07-01,8,Wednesday,0,ST001,Market_1,Kazan,PR020,Product_20,Household,26,1812.98,1096.42,716.56,26,0,0.0,1812.98,1.0,278,0,0,1
2026-07-09,2026,7,2026-07,2026-07-01,9,Thursday,0,ST001,Market_1,Kazan,PR020,Product_20,Household,23,1603.79,969.9100000000001,633.8799999999999,23,0,0.0,1603.7900000000002,1.0,255,0,0,1
2026-07-10,2026,7,2026-07,2026-07-01,10,Friday,0,ST001,Market_1,Kazan,PR020,Product_20,Household,23,1603.79,969.9100000000001,633.8799999999999,23,0,0.0,1603.7900000000002,1.0,232,0,0,1
2026-07-11,2026,7,2026-07,2026-07-01,11,Saturday,1,ST001,Market_1,Kazan,PR020,Product_20,Household,29,2022.17,1222.93,799.24,29,0,0.0,2022.17,1.0,203,0,0,1
2026-07-12,2026,7,2026-07,2026-07-01,12,Sunday,1,ST001,Market_1,Kazan,PR020,Product_20,Household,33,2301.09,1391.6100000000001,909.48,33,0,0.0,2301.09,1.0,170,0,0,1
2026-07-13,2026,7,2026-07,2026-07-01,13,Monday,0,ST001,Market_1,Kazan,PR020,Product_20,Household,30,2091.9,1265.1000000000001,826.8,30,0,0.0,2091.9,1.0,140,0,0,1
2026-07-14,2026,7,2026-07,2026-07-01,14,Tuesday,0,ST001,Market_1,Kazan,PR020,Product_20,Household,23,1603.79,969.9100000000001,633.8799999999999,23,0,0.0,1603.7900000000002,1.0,117,0,0,1
2026-07-15,2026,7,2026-07,2026-07-01,15,Wednesday,0,ST001,Market_1,Kazan,PR020,Product_20,Household,26,1812.98,1096.42,716.56,26,0,0.0,1812.98,1.0,91,0,0,1
2026-07-16,2026,7,2026-07,2026-07-01,16,Thursday,0,ST001,Market_1,Kazan,PR020,Product_20,Household,17,1185.41,716.89,468.5200000000001,17,0,0.0,1185.41,1.0,74,0,0,1
2026-07-17,2026,7,2026-07,2026-07-01,17,Friday,0,ST001,Market_1,Kazan,PR020,Product_20,Household,25,1743.25,1054.25,689.0,25,0,0.0,1743.25,1.0,49,0,0,1
2026-07-18,2026,7,2026-07,2026-07-01,18,Saturday,1,ST001,Market_1,Kazan,PR020,Product_20,Household,30,2091.9,1265.1000000000001,826.8,30,0,0.0,2091.9,1.0,19,308,0,1
2026-07-19,2026,7,2026-07,2026-07-01,19,Sunday,1,ST001,Market_1,Kazan,PR020,Product_20,Household,19,1324.87,801.23,523.6399999999999,28,9,627.57,1952.44,0.6785714285714286,0,0,1,0
2026-07-20,2026,7,2026-07,2026-07-01,20,Monday,0,ST001,Market_1,Kazan,PR020,Product_20,Household,21,1464.33,885.57,578.7599999999999,21,0,0.0,1464.3300000000002,1.0,287,0,0,1
2026-07-21,2026,7,2026-07,2026-07-01,21,Tuesday,0,ST001,Market_1,Kazan,PR020,Product_20,Household,24,1673.52,1012.08,661.4399999999999,24,0,0.0,1673.52,1.0,263,0,0,1
2026-07-22,2026,7,2026-07,2026-07-01,22,Wednesday,0,ST001,Market_1,Kazan,PR020,Product_20,Household,27,1882.71,1138.5900000000001,744.1199999999999,27,0,0.0,1882.71,1.0,236,0,0,1
2026-07-23,2026,7,2026-07,2026-07-01,23,Thursday,0,ST001,Market_1,Kazan,PR020,Product_20,Household,27,1882.71,1138.5900000000001,744.1199999999999,27,0,0.0,1882.71,1.0,209,0,0,1
2026-07-24,2026,7,2026-07,2026-07-01,24,Friday,0,ST001,Market_1,Kazan,PR020,Product_20,Household,19,1324.87,801.23,523.6399999999999,19,0,0.0,1324.8700000000001,1.0,190,0,0,1
2026-07-25,2026,7,2026-07,2026-07-01,25,Saturday,1,ST001,Market_1,Kazan,PR020,Product_20,Household,28,1952.44,1180.76,771.6800000000001,28,0,0.0,1952.44,1.0,162,0,0,1
2026-07-26,2026,7,2026-07,2026-07-01,26,Sunday,1,ST001,Market_1,Kazan,PR020,Product_20,Household,20,1394.6,843.4000000000001,551.1999999999998,20,0,0.0,1394.6000000000001,1.0,142,0,0,1
2026-07-27,2026,7,2026-07,2026-07-01,27,Monday,0,ST001,Market_1,Kazan,PR020,Product_20,Household,23,1603.79,969.9100000000001,633.8799999999999,23,0,0.0,1603.7900000000002,1.0,119,0,0,1
2026-07-28,2026,7,2026-07,2026-07-01,28,Tuesday,0,ST001,Market_1,Kazan,PR020,Product_20,Household,18,1255.14,759.0600000000001,496.08000000000004,18,0,0.0,1255.14,1.0,101,0,0,1
2026-07-29,2026,7,2026-07,2026-07-01,29,Wednesday,0,ST001,Market_1,Kazan,PR020,Product_20,Household,27,1882.71,1138.5900000000001,744.1199999999999,27,0,0.0,1882.71,1.0,74,0,0,1
2026-07-30,2026,7,2026-07,2026-07-01,30,Thursday,0,ST001,Market_1,Kazan,PR020,Product_20,Household,27,1882.71,1138.5900000000001,744.1199999999999,27,0,0.0,1882.71,1.0,47,0,0,1
2026-07-31,2026,7,2026-07,2026-07-01,31,Friday,0,ST001,Market_1,Kazan,PR020,Product_20,Household,26,1812.98,1096.42,716.56,26,0,0.0,1812.98,1.0,21,308,0,1
2026-08-01,2026,8,2026-08,2026-08-01,1,Saturday,1,ST001,Market_1,Kazan,PR020,Product_20,Household,21,1464.33,885.57,578.7599999999999,25,4,278.92,1743.25,0.84,0,0,1,0
2026-08-02,2026,8,2026-08,2026-08-01,2,Sunday,1,ST001,Market_1,Kazan,PR020,Product_20,Household,38,2649.74,1602.46,1047.2799999999997,38,0,0.0,2649.7400000000002,1.0,270,0,0,1
2026-08-03,2026,8,2026-08,2026-08-01,3,Monday,0,ST001,Market_1,Kazan,PR020,Product_20,Household,35,2440.55,1475.95,964.6000000000001,35,0,0.0,2440.55,1.0,235,0,0,1
2026-08-04,2026,8,2026-08,2026-08-01,4,Tuesday,0,ST001,Market_1,Kazan,PR020,Product_20,Household,16,1115.68,674.72,440.96000000000004,16,0,0.0,1115.68,1.0,219,0,0,1
2026-08-05,2026,8,2026-08,2026-08-01,5,Wednesday,0,ST001,Market_1,Kazan,PR020,Product_20,Household,33,2301.09,1391.6100000000001,909.48,33,0,0.0,2301.09,1.0,186,0,0,1
2026-08-06,2026,8,2026-08,2026-08-01,6,Thursday,0,ST001,Market_1,Kazan,PR020,Product_20,Household,20,1394.6,843.4000000000001,551.1999999999998,20,0,0.0,1394.6000000000001,1.0,166,0,0,1
2026-08-07,2026,8,2026-08,2026-08-01,7,Friday,0,ST001,Market_1,Kazan,PR020,Product_20,Household,25,1743.25,1054.25,689.0,25,0,0.0,1743.25,1.0,141,0,0,1
2026-08-08,2026,8,2026-08,2026-08-01,8,Saturday,1,ST001,Market_1,Kazan,PR020,Product_20,Household,36,2510.28,1518.1200000000001,992.1600000000001,36,0,0.0,2510.28,1.0,105,0,0,1
2026-08-09,2026,8,2026-08,2026-08-01,9,Sunday,1,ST001,Market_1,Kazan,PR020,Product_20,Household,30,2091.9,1265.1000000000001,826.8,30,0,0.0,2091.9,1.0,75,0,0,1
2026-08-10,2026,8,2026-08,2026-08-01,10,Monday,0,ST001,Market_1,Kazan,PR020,Product_20,Household,20,1394.6,843.4000000000001,551.1999999999998,20,0,0.0,1394.6000000000001,1.0,55,0,0,1
2026-08-11,2026,8,2026-08,2026-08-01,11,Tuesday,0,ST001,Market_1,Kazan,PR020,Product_20,Household,20,1394.6,843.4000000000001,551.1999999999998,20,0,0.0,1394.6000000000001,1.0,35,0,0,1
2026-08-12,2026,8,2026-08,2026-08-01,12,Wednesday,0,ST001,Market_1,Kazan,PR020,Product_20,Household,22,1534.06,927.74,606.3199999999999,22,0,0.0,1534.0600000000002,1.0,13,308,0,1
2026-08-13,2026,8,2026-08,2026-08-01,13,Thursday,0,ST001,Market_1,Kazan,PR020,Product_20,Household,13,906.49,548.21,358.28,20,7,488.11,1394.6000000000001,0.65,0,0,1,0
2026-08-14,2026,8,2026-08,2026-08-01,14,Friday,0,ST001,Market_1,Kazan,PR020,Product_20,Household,24,1673.52,1012.08,661.4399999999999,24,0,0.0,1673.52,1.0,284,0,0,1
2026-08-15,2026,8,2026-08,2026-08-01,15,Saturday,1,ST001,Market_1,Kazan,PR020,Product_20,Household,27,1882.71,1138.5900000000001,744.1199999999999,27,0,0.0,1882.71,1.0,257,0,0,1
2026-08-16,2026,8,2026-08,2026-08-01,16,Sunday,1,ST001,Market_1,Kazan,PR020,Product_20,Household,35,2440.55,1475.95,964.6000000000001,35,0,0.0,2440.55,1.0,222,0,0,1
2026-08-17,2026,8,2026-08,2026-08-01,17,Monday,0,ST001,Market_1,Kazan,PR020,Product_20,Household,24,1673.52,1012.08,661.4399999999999,24,0,0.0,1673.52,1.0,198,0,0,1
2026-08-18,2026,8,2026-08,2026-08-01,18,Tuesday,0,ST001,Market_1,Kazan,PR020,Product_20,Household,24,1673.52,1012.08,661.4399999999999,24,0,0.0,1673.52,1.0,174,0,0,1
2026-08-19,2026,8,2026-08,2026-08-01,19,Wednesday,0,ST001,Market_1,Kazan,PR020,Product_20,Household,23,1603.79,969.9100000000001,633.8799999999999,23,0,0.0,1603.7900000000002,1.0,151,0,0,1
2026-08-20,2026,8,2026-08,2026-08-01,20,Thursday,0,ST001,Market_1,Kazan,PR020,Product_20,Household,14,976.22,590.38,385.84000000000003,14,0,0.0,976.22,1.0,137,0,0,1
2026-08-21,2026,8,2026-08,2026-08-01,21,Friday,0,ST001,Market_1,Kazan,PR020,Product_20,Household,32,2231.36,1349.44,881.9200000000001,32,0,0.0,2231.36,1.0,105,0,0,1
2026-08-22,2026,8,2026-08,2026-08-01,22,Saturday,1,ST001,Market_1,Kazan,PR020,Product_20,Household,30,2091.9,1265.1000000000001,826.8,30,0,0.0,2091.9,1.0,75,0,0,1
2026-08-23,2026,8,2026-08,2026-08-01,23,Sunday,1,ST001,Market_1,Kazan,PR020,Product_20,Household,31,2161.63,1307.27,854.3600000000001,31,0,0.0,2161.63,1.0,44,0,0,1
2026-08-24,2026,8,2026-08,2026-08-01,24,Monday,0,ST001,Market_1,Kazan,PR020,Product_20,Household,18,1255.14,759.0600000000001,496.08000000000004,18,0,0.0,1255.14,1.0,26,308,0,1
2026-08-25,2026,8,2026-08,2026-08-01,25,Tuesday,0,ST001,Market_1,Kazan,PR020,Product_20,Household,17,1185.41,716.89,468.5200000000001,17,0,0.0,1185.41,1.0,9,0,0,1
2026-08-26,2026,8,2026-08,2026-08-01,26,Wednesday,0,ST001,Market_1,Kazan,PR020,Product_20,Household,21,1464.33,885.57,578.7599999999999,21,0,0.0,1464.3300000000002,1.0,296,0,0,1
2026-08-27,2026,8,2026-08,2026-08-01,27,Thursday,0,ST001,Market_1,Kazan,PR020,Product_20,Household,18,1255.14,759.0600000000001,496.08000000000004,18,0,0.0,1255.14,1.0,278,0,0,1
2026-08-28,2026,8,2026-08,2026-08-01,28,Friday,0,ST001,Market_1,Kazan,PR020,Product_20,Household,24,1673.52,1012.08,661.4399999999999,24,0,0.0,1673.52,1.0,254,0,0,1
2026-08-29,2026,8,2026-08,2026-08-01,29,Saturday,1,ST001,Market_1,Kazan,PR020,Product_20,Household,29,2022.17,1222.93,799.24,29,0,0.0,2022.17,1.0,225,0,0,1
2026-08-30,2026,8,2026-08,2026-08-01,30,Sunday,1,ST001,Market_1,Kazan,PR020,Product_20,Household,32,2231.36,1349.44,881.9200000000001,32,0,0.0,2231.36,1.0,193,0,0,1
2026-08-31,2026,8,2026-08,2026-08-01,31,Monday,0,ST001,Market_1,Kazan,PR020,Product_20,Household,22,1534.06,927.74,606.3199999999999,22,0,0.0,1534.0600000000002,1.0,171,0,0,1
2026-09-01,2026,9,2026-09,2026-09-01,1,Tuesday,0,ST001,Market_1,Kazan,PR020,Product_20,Household,32,2231.36,1349.44,881.9200000000001,32,0,0.0,2231.36,1.0,139,0,0,1
2026-09-02,2026,9,2026-09,2026-09-01,2,Wednesday,0,ST001,Market_1,Kazan,PR020,Product_20,Household,13,906.49,548.21,358.28,13,0,0.0,906.49,1.0,126,0,0,1
2026-09-03,2026,9,2026-09,2026-09-01,3,Thursday,0,ST001,Market_1,Kazan,PR020,Product_20,Household,18,1255.14,759.0600000000001,496.08000000000004,18,0,0.0,1255.14,1.0,108,0,0,1
2026-09-04,2026,9,2026-09,2026-09-01,4,Friday,0,ST001,Market_1,Kazan,PR020,Product_20,Household,21,1464.33,885.57,578.7599999999999,21,0,0.0,1464.3300000000002,1.0,87,0,0,1
2026-09-05,2026,9,2026-09,2026-09-01,5,Saturday,1,ST001,Market_1,Kazan,PR020,Product_20,Household,28,1952.44,1180.76,771.6800000000001,28,0,0.0,1952.44,1.0,59,0,0,1
2026-09-06,2026,9,2026-09,2026-09-01,6,Sunday,1,ST001,Market_1,Kazan,PR020,Product_20,Household,31,2161.63,1307.27,854.3600000000001,31,0,0.0,2161.63,1.0,28,308,0,1
2026-09-07,2026,9,2026-09,2026-09-01,7,Monday,0,ST001,Market_1,Kazan,PR020,Product_20,Household,24,1673.52,1012.08,661.4399999999999,24,0,0.0,1673.52,1.0,4,0,0,1
2026-06-10,2026,6,2026-06,2026-06-01,10,Wednesday,0,ST002,Market_2,Moscow,PR001,Product_1,Dairy,17,3838.43,2179.74,1658.69,17,0,0.0,3838.43,1.0,137,0,0,1
2026-06-11,2026,6,2026-06,2026-06-01,11,Thursday,0,ST002,Market_2,Moscow,PR001,Product_1,Dairy,8,1806.32,1025.76,780.56,8,0,0.0,1806.32,1.0,129,0,0,1
2026-06-12,2026,6,2026-06,2026-06-01,12,Friday,0,ST002,Market_2,Moscow,PR001,Product_1,Dairy,12,2709.48,1538.6399999999999,1170.8400000000001,12,0,0.0,2709.48,1.0,117,0,0,1
2026-06-13,2026,6,2026-06,2026-06-01,13,Saturday,1,ST002,Market_2,Moscow,PR001,Product_1,Dairy,15,3386.85,1923.3,1463.55,15,0,0.0,3386.85,1.0,102,0,0,1
2026-06-14,2026,6,2026-06,2026-06-01,14,Sunday,1,ST002,Market_2,Moscow,PR001,Product_1,Dairy,16,3612.64,2051.52,1561.12,16,0,0.0,3612.64,1.0,86,0,0,1
2026-06-15,2026,6,2026-06,2026-06-01,15,Monday,0,ST002,Market_2,Moscow,PR001,Product_1,Dairy,9,2032.11,1153.98,878.1299999999999,9,0,0.0,2032.11,1.0,77,0,0,1
2026-06-16,2026,6,2026-06,2026-06-01,16,Tuesday,0,ST002,Market_2,Moscow,PR001,Product_1,Dairy,5,1128.95,641.1,487.85,5,0,0.0,1128.95,1.0,72,0,0,1
2026-06-17,2026,6,2026-06,2026-06-01,17,Wednesday,0,ST002,Market_2,Moscow,PR001,Product_1,Dairy,11,2483.69,1410.42,1073.27,11,0,0.0,2483.69,1.0,61,0,0,1
2026-06-18,2026,6,2026-06,2026-06-01,18,Thursday,0,ST002,Market_2,Moscow,PR001,Product_1,Dairy,10,2257.9,1282.2,975.7,10,0,0.0,2257.9,1.0,51,0,0,1
2026-06-19,2026,6,2026-06,2026-06-01,19,Friday,0,ST002,Market_2,Moscow,PR001,Product_1,Dairy,8,1806.32,1025.76,780.56,8,0,0.0,1806.32,1.0,43,0,0,1
2026-06-20,2026,6,2026-06,2026-06-01,20,Saturday,1,ST002,Market_2,Moscow,PR001,Product_1,Dairy,13,2935.27,1666.86,1268.41,13,0,0.0,2935.27,1.0,30,154,0,1
2026-06-21,2026,6,2026-06,2026-06-01,21,Sunday,1,ST002,Market_2,Moscow,PR001,Product_1,Dairy,20,4515.8,2564.4,1951.4,20,0,0.0,4515.8,1.0,10,0,0,1
2026-06-22,2026,6,2026-06,2026-06-01,22,Monday,0,ST002,Market_2,Moscow,PR001,Product_1,Dairy,8,1806.32,1025.76,780.56,8,0,0.0,1806.32,1.0,156,0,0,1
2026-06-23,2026,6,2026-06,2026-06-01,23,Tuesday,0,ST002,Market_2,Moscow,PR001,Product_1,Dairy,10,2257.9,1282.2,975.7,10,0,0.0,2257.9,1.0,146,0,0,1
2026-06-24,2026,6,2026-06,2026-06-01,24,Wednesday,0,ST002,Market_2,Moscow,PR001,Product_1,Dairy,14,3161.06,1795.08,1365.98,14,0,0.0,3161.06,1.0,132,0,0,1
2026-06-25,2026,6,2026-06,2026-06-01,25,Thursday,0,ST002,Market_2,Moscow,PR001,Product_1,Dairy,4,903.16,512.88,390.28,4,0,0.0,903.16,1.0,128,0,0,1
2026-06-26,2026,6,2026-06,2026-06-01,26,Friday,0,ST002,Market_2,Moscow,PR001,Product_1,Dairy,10,2257.9,1282.2,975.7,10,0,0.0,2257.9,1.0,118,0,0,1
2026-06-27,2026,6,2026-06,2026-06-01,27,Saturday,1,ST002,Market_2,Moscow,PR001,Product_1,Dairy,12,2709.48,1538.6399999999999,1170.8400000000001,12,0,0.0,2709.48,1.0,106,0,0,1
2026-06-28,2026,6,2026-06,2026-06-01,28,Sunday,1,ST002,Market_2,Moscow,PR001,Product_1,Dairy,21,4741.59,2692.62,2048.9700000000003,21,0,0.0,4741.59,1.0,85,0,0,1
2026-06-29,2026,6,2026-06,2026-06-01,29,Monday,0,ST002,Market_2,Moscow,PR001,Product_1,Dairy,14,3161.06,1795.08,1365.98,14,0,0.0,3161.06,1.0,71,0,0,1
2026-06-30,2026,6,2026-06,2026-06-01,30,Tuesday,0,ST002,Market_2,Moscow,PR001,Product_1,Dairy,11,2483.69,1410.42,1073.27,11,0,0.0,2483.69,1.0,60,0,0,1
2026-07-01,2026,7,2026-07,2026-07-01,1,Wednesday,0,ST002,Market_2,Moscow,PR001,Product_1,Dairy,6,1354.74,769.3199999999999,585.4200000000001,6,0,0.0,1354.74,1.0,54,0,0,1
2026-07-02,2026,7,2026-07,2026-07-01,2,Thursday,0,ST002,Market_2,Moscow,PR001,Product_1,Dairy,8,1806.32,1025.76,780.56,8,0,0.0,1806.32,1.0,46,0,0,1
2026-07-03,2026,7,2026-07,2026-07-01,3,Friday,0,ST002,Market_2,Moscow,PR001,Product_1,Dairy,13,2935.27,1666.86,1268.41,13,0,0.0,2935.27,1.0,33,154,0,1
2026-07-04,2026,7,2026-07,2026-07-01,4,Saturday,1,ST002,Market_2,Moscow,PR001,Product_1,Dairy,16,3612.64,2051.52,1561.12,16,0,0.0,3612.64,1.0,17,0,0,1
2026-07-05,2026,7,2026-07,2026-07-01,5,Sunday,1,ST002,Market_2,Moscow,PR001,Product_1,Dairy,8,1806.32,1025.76,780.56,8,0,0.0,1806.32,1.0,163,0,0,1
2026-07-06,2026,7,2026-07,2026-07-01,6,Monday,0,ST002,Market_2,Moscow,PR001,Product_1,Dairy,10,2257.9,1282.2,975.7,10,0,0.0,2257.9,1.0,153,0,0,1
2026-07-07,2026,7,2026-07,2026-07-01,7,Tuesday,0,ST002,Market_2,Moscow,PR001,Product_1,Dairy,16,3612.64,2051.52,1561.12,16,0,0.0,3612.64,1.0,137,0,0,1
2026-07-08,2026,7,2026-07,2026-07-01,8,Wednesday,0,ST002,Market_2,Moscow,PR001,Product_1,Dairy,12,2709.48,1538.6399999999999,1170.8400000000001,12,0,0.0,2709.48,1.0,125,0,0,1
2026-07-09,2026,7,2026-07,2026-07-01,9,Thursday,0,ST002,Market_2,Moscow,PR001,Product_1,Dairy,8,1806.32,1025.76,780.56,8,0,0.0,1806.32,1.0,117,0,0,1
2026-07-10,2026,7,2026-07,2026-07-01,10,Friday,0,ST002,Market_2,Moscow,PR001,Product_1,Dairy,18,4064.22,2307.96,1756.2599999999998,18,0,0.0,4064.22,1.0,99,0,0,1
2026-07-11,2026,7,2026-07,2026-07-01,11,Saturday,1,ST002,Market_2,Moscow,PR001,Product_1,Dairy,19,4290.01,2436.18,1853.8300000000004,19,0,0.0,4290.01,1.0,80,0,0,1
2026-07-12,2026,7,2026-07,2026-07-01,12,Sunday,1,ST002,Market_2,Moscow,PR001,Product_1,Dairy,16,3612.64,2051.52,1561.12,16,0,0.0,3612.64,1.0,64,0,0,1
2026-07-13,2026,7,2026-07,2026-07-01,13,Monday,0,ST002,Market_2,Moscow,PR001,Product_1,Dairy,17,3838.43,2179.74,1658.69,17,0,0.0,3838.43,1.0,47,0,0,1
2026-07-14,2026,7,2026-07,2026-07-01,14,Tuesday,0,ST002,Market_2,Moscow,PR001,Product_1,Dairy,11,2483.69,1410.42,1073.27,11,0,0.0,2483.69,1.0,36,0,0,1
2026-07-15,2026,7,2026-07,2026-07-01,15,Wednesday,0,ST002,Market_2,Moscow,PR001,Product_1,Dairy,11,2483.69,1410.42,1073.27,11,0,0.0,2483.69,1.0,25,0,0,1
2026-07-16,2026,7,2026-07,2026-07-01,16,Thursday,0,ST002,Market_2,Moscow,PR001,Product_1,Dairy,12,2709.48,1538.6399999999999,1170.8400000000001,12,0,0.0,2709.48,1.0,13,0,0,1
2026-07-17,2026,7,2026-07,2026-07-01,17,Friday,0,ST002,Market_2,Moscow,PR001,Product_1,Dairy,12,2709.48,1538.6399999999999,1170.8400000000001,12,0,0.0,2709.48,1.0,1,154,0,1
2026-07-18,2026,7,2026-07,2026-07-01,18,Saturday,1,ST002,Market_2,Moscow,PR001,Product_1,Dairy,1,225.79,128.22,97.57,11,10,2257.9,2483.69,0.09090909090909091,0,0,1,0
2026-07-19,2026,7,2026-07,2026-07-01,19,Sunday,1,ST002,Market_2,Moscow,PR001,Product_1,Dairy,24,5418.96,3077.2799999999997,2341.6800000000003,24,0,0.0,5418.96,1.0,130,0,0,1
2026-07-20,2026,7,2026-07,2026-07-01,20,Monday,0,ST002,Market_2,Moscow,PR001,Product_1,Dairy,10,2257.9,1282.2,975.7,10,0,0.0,2257.9,1.0,120,0,0,1
2026-07-21,2026,7,2026-07,2026-07-01,21,Tuesday,0,ST002,Market_2,Moscow,PR001,Product_1,Dairy,12,2709.48,1538.6399999999999,1170.8400000000001,12,0,0.0,2709.48,1.0,108,0,0,1
2026-07-22,2026,7,2026-07,2026-07-01,22,Wednesday,0,ST002,Market_2,Moscow,PR001,Product_1,Dairy,10,2257.9,1282.2,975.7,10,0,0.0,2257.9,1.0,98,0,0,1
2026-07-23,2026,7,2026-07,2026-07-01,23,Thursday,0,ST002,Market_2,Moscow,PR001,Product_1,Dairy,20,4515.8,2564.4,1951.4,20,0,0.0,4515.8,1.0,78,0,0,1
2026-07-24,2026,7,2026-07,2026-07-01,24,Friday,0,ST002,Market_2,Moscow,PR001,Product_1,Dairy,10,2257.9,1282.2,975.7,10,0,0.0,2257.9,1.0,68,0,0,1
2026-07-25,2026,7,2026-07,2026-07-01,25,Saturday,1,ST002,Market_2,Moscow,PR001,Product_1,Dairy,12,2709.48,1538.6399999999999,1170.8400000000001,12,0,0.0,2709.48,1.0,56,0,0,1
2026-07-26,2026,7,2026-07,2026-07-01,26,Sunday,1,ST002,Market_2,Moscow,PR001,Product_1,Dairy,11,2483.69,1410.42,1073.27,11,0,0.0,2483.69,1.0,45,0,0,1
2026-07-27,2026,7,2026-07,2026-07-01,27,Monday,0,ST002,Market_2,Moscow,PR001,Product_1,Dairy,11,2483.69,1410.42,1073.27,11,0,0.0,2483.69,1.0,34,0,0,1
2026-07-28,2026,7,2026-07,2026-07-01,28,Tuesday,0,ST002,Market_2,Moscow,PR001,Product_1,Dairy,15,3386.85,1923.3,1463.55,15,0,0.0,3386.85,1.0,19,154,0,1
2026-07-29,2026,7,2026-07,2026-07-01,29,Wednesday,0,ST002,Market_2,Moscow,PR001,Product_1,Dairy,11,2483.69,1410.42,1073.27,11,0,0.0,2483.69,1.0,8,0,0,1
2026-07-30,2026,7,2026-07,2026-07-01,30,Thursday,0,ST002,Market_2,Moscow,PR001,Product_1,Dairy,8,1806.32,1025.76,780.56,8,0,0.0,1806.32,1.0,154,0,0,1
2026-07-31,2026,7,2026-07,2026-07-01,31,Friday,0,ST002,Market_2,Moscow,PR001,Product_1,Dairy,14,3161.06,1795.08,1365.98,14,0,0.0,3161.06,1.0,140,0,0,1
2026-08-01,2026,8,2026-08,2026-08-01,1,Saturday,1,ST002,Market_2,Moscow,PR001,Product_1,Dairy,14,3161.06,1795.08,1365.98,14,0,0.0,3161.06,1.0,126,0,0,1
2026-08-02,2026,8,2026-08,2026-08-01,2,Sunday,1,ST002,Market_2,Moscow,PR001,Product_1,Dairy,16,3612.64,2051.52,1561.12,16,0,0.0,3612.64,1.0,110,0,0,1
2026-08-03,2026,8,2026-08,2026-08-01,3,Monday,0,ST002,Market_2,Moscow,PR001,Product_1,Dairy,17,3838.43,2179.74,1658.69,17,0,0.0,3838.43,1.0,93,0,0,1
2026-08-04,2026,8,2026-08,2026-08-01,4,Tuesday,0,ST002,Market_2,Moscow,PR001,Product_1,Dairy,5,1128.95,641.1,487.85,5,0,0.0,1128.95,1.0,88,0,0,1
2026-08-05,2026,8,2026-08,2026-08-01,5,Wednesday,0,ST002,Market_2,Moscow,PR001,Product_1,Dairy,11,2483.69,1410.42,1073.27,11,0,0.0,2483.69,1.0,77,0,0,1
2026-08-06,2026,8,2026-08,2026-08-01,6,Thursday,0,ST002,Market_2,Moscow,PR001,Product_1,Dairy,20,4515.8,2564.4,1951.4,20,0,0.0,4515.8,1.0,57,0,0,1
2026-08-07,2026,8,2026-08,2026-08-01,7,Friday,0,ST002,Market_2,Moscow,PR001,Product_1,Dairy,11,2483.69,1410.42,1073.27,11,0,0.0,2483.69,1.0,46,0,0,1
2026-08-08,2026,8,2026-08,2026-08-01,8,Saturday,1,ST002,Market_2,Moscow,PR001,Product_1,Dairy,16,3612.64,2051.52,1561.12,16,0,0.0,3612.64,1.0,30,0,0,1
2026-08-09,2026,8,2026-08,2026-08-01,9,Sunday,1,ST002,Market_2,Moscow,PR001,Product_1,Dairy,10,2257.9,1282.2,975.7,10,0,0.0,2257.9,1.0,20,0,0,1
2026-08-10,2026,8,2026-08,2026-08-01,10,Monday,0,ST002,Market_2,Moscow,PR001,Product_1,Dairy,9,2032.11,1153.98,878.1299999999999,9,0,0.0,2032.11,1.0,11,154,0,1
2026-08-11,2026,8,2026-08,2026-08-01,11,Tuesday,0,ST002,Market_2,Moscow,PR001,Product_1,Dairy,11,2483.69,1410.42,1073.27,12,1,225.79,2709.48,0.9166666666666666,0,0,1,0
2026-08-12,2026,8,2026-08,2026-08-01,12,Wednesday,0,ST002,Market_2,Moscow,PR001,Product_1,Dairy,10,2257.9,1282.2,975.7,10,0,0.0,2257.9,1.0,144,0,0,1
2026-08-13,2026,8,2026-08,2026-08-01,13,Thursday,0,ST002,Market_2,Moscow,PR001,Product_1,Dairy,8,1806.32,1025.76,780.56,8,0,0.0,1806.32,1.0,136,0,0,1
2026-08-14,2026,8,2026-08,2026-08-01,14,Friday,0,ST002,Market_2,Moscow,PR001,Product_1,Dairy,7,1580.53,897.54,682.99,7,0,0.0,1580.53,1.0,129,0,0,1
2026-08-15,2026,8,2026-08,2026-08-01,15,Saturday,1,ST002,Market_2,Moscow,PR001,Product_1,Dairy,11,2483.69,1410.42,1073.27,11,0,0.0,2483.69,1.0,118,0,0,1
2026-08-16,2026,8,2026-08,2026-08-01,16,Sunday,1,ST002,Market_2,Moscow,PR001,Product_1,Dairy,18,4064.22,2307.96,1756.2599999999998,18,0,0.0,4064.22,1.0,100,0,0,1
2026-08-17,2026,8,2026-08,2026-08-01,17,Monday,0,ST002,Market_2,Moscow,PR001,Product_1,Dairy,10,2257.9,1282.2,975.7,10,0,0.0,2257.9,1.0,90,0,0,1
2026-08-18,2026,8,2026-08,2026-08-01,18,Tuesday,0,ST002,Market_2,Moscow,PR001,Product_1,Dairy,12,2709.48,1538.6399999999999,1170.8400000000001,12,0,0.0,2709.48,1.0,78,0,0,1
2026-08-19,2026,8,2026-08,2026-08-01,19,Wednesday,0,ST002,Market_2,Moscow,PR001,Product_1,Dairy,17,3838.43,2179.74,1658.69,17,0,0.0,3838.43,1.0,61,0,0,1
2026-08-20,2026,8,2026-08,2026-08-01,20,Thursday,0,ST002,Market_2,Moscow,PR001,Product_1,Dairy,10,2257.9,1282.2,975.7,10,0,0.0,2257.9,1.0,51,0,0,1
2026-08-21,2026,8,2026-08,2026-08-01,21,Friday,0,ST002,Market_2,Moscow,PR001,Product_1,Dairy,13,2935.27,1666.86,1268.41,13,0,0.0,2935.27,1.0,38,0,0,1
2026-08-22,2026,8,2026-08,2026-08-01,22,Saturday,1,ST002,Market_2,Moscow,PR001,Product_1,Dairy,17,3838.43,2179.74,1658.69,17,0,0.0,3838.43,1.0,21,0,0,1
2026-08-23,2026,8,2026-08,2026-08-01,23,Sunday,1,ST002,Market_2,Moscow,PR001,Product_1,Dairy,15,3386.85,1923.3,1463.55,15,0,0.0,3386.85,1.0,6,154,0,1
2026-08-24,2026,8,2026-08,2026-08-01,24,Monday,0,ST002,Market_2,Moscow,PR001,Product_1,Dairy,6,1354.74,769.3199999999999,585.4200000000001,10,4,903.16,2257.9,0.6,0,0,1,0
2026-08-25,2026,8,2026-08,2026-08-01,25,Tuesday,0,ST002,Market_2,Moscow,PR001,Product_1,Dairy,10,2257.9,1282.2,975.7,10,0,0.0,2257.9,1.0,144,0,0,1
2026-08-26,2026,8,2026-08,2026-08-01,26,Wednesday,0,ST002,Market_2,Moscow,PR001,Product_1,Dairy,14,3161.06,1795.08,1365.98,14,0,0.0,3161.06,1.0,130,0,0,1
2026-08-27,2026,8,2026-08,2026-08-01,27,Thursday,0,ST002,Market_2,Moscow,PR001,Product_1,Dairy,6,1354.74,769.3199999999999,585.4200000000001,6,0,0.0,1354.74,1.0,124,0,0,1
2026-08-28,2026,8,2026-08,2026-08-01,28,Friday,0,ST002,Market_2,Moscow,PR001,Product_1,Dairy,17,3838.43,2179.74,1658.69,17,0,0.0,3838.43,1.0,107,0,0,1
2026-08-29,2026,8,2026-08,2026-08-01,29,Saturday,1,ST002,Market_2,Moscow,PR001,Product_1,Dairy,16,3612.64,2051.52,1561.12,16,0,0.0,3612.64,1.0,91,0,0,1
2026-08-30,2026,8,2026-08,2026-08-01,30,Sunday,1,ST002,Market_2,Moscow,PR001,Product_1,Dairy,14,3161.06,1795.08,1365.98,14,0,0.0,3161.06,1.0,77,0,0,1
2026-08-31,2026,8,2026-08,2026-08-01,31,Monday,0,ST002,Market_2,Moscow,PR001,Product_1,Dairy,11,2483.69,1410.42,1073.27,11,0,0.0,2483.69,1.0,66,0,0,1
2026-09-01,2026,9,2026-09,2026-09-01,1,Tuesday,0,ST002,Market_2,Moscow,PR001,Product_1,Dairy,6,1354.74,769.3199999999999,585.4200000000001,6,0,0.0,1354.74,1.0,60,0,0,1
2026-09-02,2026,9,2026-09,2026-09-01,2,Wednesday,0,ST002,Market_2,Moscow,PR001,Product_1,Dairy,17,3838.43,2179.74,1658.69,17,0,0.0,3838.43,1.0,43,0,0,1
2026-09-03,2026,9,2026-09,2026-09-01,3,Thursday,0,ST002,Market_2,Moscow,PR001,Product_1,Dairy,15,3386.85,1923.3,1463.55,15,0,0.0,3386.85,1.0,28,0,0,1
2026-09-04,2026,9,2026-09,2026-09-01,4,Friday,0,ST002,Market_2,Moscow,PR001,Product_1,Dairy,8,1806.32,1025.76,780.56,8,0,0.0,1806.32,1.0,20,154,0,1
2026-09-05,2026,9,2026-09,2026-09-01,5,Saturday,1,ST002,Market_2,Moscow,PR001,Product_1,Dairy,11,2483.69,1410.42,1073.27,11,0,0.0,2483.69,1.0,9,0,0,1
2026-09-06,2026,9,2026-09,2026-09-01,6,Sunday,1,ST002,Market_2,Moscow,PR001,Product_1,Dairy,15,3386.85,1923.3,1463.55,15,0,0.0,3386.85,1.0,148,0,0,1
2026-09-07,2026,9,2026-09,2026-09-01,7,Monday,0,ST002,Market_2,Moscow,PR001,Product_1,Dairy,6,1354.74,769.3199999999999,585.4200000000001,6,0,0.0,1354.74,1.0,142,0,0,1
2026-06-10,2026,6,2026-06,2026-06-01,10,Wednesday,0,ST002,Market_2,Moscow,PR002,Product_2,Household,22,1407.78,1047.2,360.5799999999999,22,0,0.0,1407.78,1.0,286,0,0,1
2026-06-11,2026,6,2026-06,2026-06-01,11,Thursday,0,ST002,Market_2,Moscow,PR002,Product_2,Household,27,1727.73,1285.2,442.53,27,0,0.0,1727.73,1.0,259,0,0,1
2026-06-12,2026,6,2026-06,2026-06-01,12,Friday,0,ST002,Market_2,Moscow,PR002,Product_2,Household,27,1727.73,1285.2,442.53,27,0,0.0,1727.73,1.0,232,0,0,1
2026-06-13,2026,6,2026-06,2026-06-01,13,Saturday,1,ST002,Market_2,Moscow,PR002,Product_2,Household,32,2047.68,1523.2,524.48,32,0,0.0,2047.68,1.0,200,0,0,1
2026-06-14,2026,6,2026-06,2026-06-01,14,Sunday,1,ST002,Market_2,Moscow,PR002,Product_2,Household,29,1855.71,1380.4,475.30999999999995,29,0,0.0,1855.71,1.0,171,0,0,1
2026-06-15,2026,6,2026-06,2026-06-01,15,Monday,0,ST002,Market_2,Moscow,PR002,Product_2,Household,24,1535.76,1142.4,393.3599999999999,24,0,0.0,1535.76,1.0,147,0,0,1
2026-06-16,2026,6,2026-06,2026-06-01,16,Tuesday,0,ST002,Market_2,Moscow,PR002,Product_2,Household,24,1535.76,1142.4,393.3599999999999,24,0,0.0,1535.76,1.0,123,0,0,1
2026-06-17,2026,6,2026-06,2026-06-01,17,Wednesday,0,ST002,Market_2,Moscow,PR002,Product_2,Household,29,1855.71,1380.4,475.30999999999995,29,0,0.0,1855.71,1.0,94,0,0,1
2026-06-18,2026,6,2026-06,2026-06-01,18,Thursday,0,ST002,Market_2,Moscow,PR002,Product_2,Household,14,895.86,666.4,229.46000000000004,14,0,0.0,895.86,1.0,80,0,0,1
2026-06-19,2026,6,2026-06,2026-06-01,19,Friday,0,ST002,Market_2,Moscow,PR002,Product_2,Household,22,1407.78,1047.2,360.5799999999999,22,0,0.0,1407.78,1.0,58,0,0,1
2026-06-20,2026,6,2026-06,2026-06-01,20,Saturday,1,ST002,Market_2,Moscow,PR002,Product_2,Household,27,1727.73,1285.2,442.53,27,0,0.0,1727.73,1.0,31,308,0,1
2026-06-21,2026,6,2026-06,2026-06-01,21,Sunday,1,ST002,Market_2,Moscow,PR002,Product_2,Household,31,1983.69,1475.6000000000001,508.0899999999999,34,3,191.97,2175.66,0.9117647058823529,0,0,1,0
2026-06-22,2026,6,2026-06,2026-06-01,22,Monday,0,ST002,Market_2,Moscow,PR002,Product_2,Household,19,1215.81,904.4,311.40999999999997,19,0,0.0,1215.81,1.0,289,0,0,1
2026-06-23,2026,6,2026-06,2026-06-01,23,Tuesday,0,ST002,Market_2,Moscow,PR002,Product_2,Household,18,1151.82,856.8000000000001,295.01999999999987,18,0,0.0,1151.82,1.0,271,0,0,1
2026-06-24,2026,6,2026-06,2026-06-01,24,Wednesday,0,ST002,Market_2,Moscow,PR002,Product_2,Household,18,1151.82,856.8000000000001,295.01999999999987,18,0,0.0,1151.82,1.0,253,0,0,1
2026-06-25,2026,6,2026-06,2026-06-01,25,Thursday,0,ST002,Market_2,Moscow,PR002,Product_2,Household,16,1023.84,761.6,262.24,16,0,0.0,1023.84,1.0,237,0,0,1
2026-06-26,2026,6,2026-06,2026-06-01,26,Friday,0,ST002,Market_2,Moscow,PR002,Product_2,Household,23,1471.77,1094.8,376.97,23,0,0.0,1471.77,1.0,214,0,0,1
2026-06-27,2026,6,2026-06,2026-06-01,27,Saturday,1,ST002,Market_2,Moscow,PR002,Product_2,Household,28,1791.72,1332.8,458.9200000000001,28,0,0.0,1791.72,1.0,186,0,0,1
2026-06-28,2026,6,2026-06,2026-06-01,28,Sunday,1,ST002,Market_2,Moscow,PR002,Product_2,Household,39,2495.61,1856.4,639.21,39,0,0.0,2495.61,1.0,147,0,0,1
2026-06-29,2026,6,2026-06,2026-06-01,29,Monday,0,ST002,Market_2,Moscow,PR002,Product_2,Household,20,1279.8,952.0,327.79999999999995,20,0,0.0,1279.8,1.0,127,0,0,1
2026-06-30,2026,6,2026-06,2026-06-01,30,Tuesday,0,ST002,Market_2,Moscow,PR002,Product_2,Household,16,1023.84,761.6,262.24,16,0,0.0,1023.84,1.0,111,0,0,1
2026-07-01,2026,7,2026-07,2026-07-01,1,Wednesday,0,ST002,Market_2,Moscow,PR002,Product_2,Household,20,1279.8,952.0,327.79999999999995,20,0,0.0,1279.8,1.0,91,0,0,1
2026-07-02,2026,7,2026-07,2026-07-01,2,Thursday,0,ST002,Market_2,Moscow,PR002,Product_2,Household,18,1151.82,856.8000000000001,295.01999999999987,18,0,0.0,1151.82,1.0,73,0,0,1
2026-07-03,2026,7,2026-07,2026-07-01,3,Friday,0,ST002,Market_2,Moscow,PR002,Product_2,Household,16,1023.84,761.6,262.24,16,0,0.0,1023.84,1.0,57,308,0,1
2026-07-04,2026,7,2026-07,2026-07-01,4,Saturday,1,ST002,Market_2,Moscow,PR002,Product_2,Household,33,2111.67,1570.8,540.8700000000001,33,0,0.0,2111.67,1.0,24,0,0,1
2026-07-05,2026,7,2026-07,2026-07-01,5,Sunday,1,ST002,Market_2,Moscow,PR002,Product_2,Household,32,2047.68,1523.2,524.48,32,0,0.0,2047.68,1.0,300,0,0,1
2026-07-06,2026,7,2026-07,2026-07-01,6,Monday,0,ST002,Market_2,Moscow,PR002,Product_2,Household,24,1535.76,1142.4,393.3599999999999,24,0,0.0,1535.76,1.0,276,0,0,1
2026-07-07,2026,7,2026-07,2026-07-01,7,Tuesday,0,ST002,Market_2,Moscow,PR002,Product_2,Household,28,1791.72,1332.8,458.9200000000001,28,0,0.0,1791.72,1.0,248,0,0,1
2026-07-08,2026,7,2026-07,2026-07-01,8,Wednesday,0,ST002,Market_2,Moscow,PR002,Product_2,Household,25,1599.75,1190.0,409.75,25,0,0.0,1599.75,1.0,223,0,0,1
2026-07-09,2026,7,2026-07,2026-07-01,9,Thursday,0,ST002,Market_2,Moscow,PR002,Product_2,Household,20,1279.8,952.0,327.79999999999995,20,0,0.0,1279.8,1.0,203,0,0,1
2026-07-10,2026,7,2026-07,2026-07-01,10,Friday,0,ST002,Market_2,Moscow,PR002,Product_2,Household,23,1471.77,1094.8,376.97,23,0,0.0,1471.77,1.0,180,0,0,1
2026-07-11,2026,7,2026-07,2026-07-01,11,Saturday,1,ST002,Market_2,Moscow,PR002,Product_2,Household,36,2303.64,1713.6000000000001,590.0399999999997,36,0,0.0,2303.64,1.0,144,0,0,1
2026-07-12,2026,7,2026-07,2026-07-01,12,Sunday,1,ST002,Market_2,Moscow,PR002,Product_2,Household,34,2175.66,1618.4,557.2599999999998,34,0,0.0,2175.66,1.0,110,0,0,1
2026-07-13,2026,7,2026-07,2026-07-01,13,Monday,0,ST002,Market_2,Moscow,PR002,Product_2,Household,23,1471.77,1094.8,376.97,23,0,0.0,1471.77,1.0,87,0,0,1
2026-07-14,2026,7,2026-07,2026-07-01,14,Tuesday,0,ST002,Market_2,Moscow,PR002,Product_2,Household,24,1535.76,1142.4,393.3599999999999,24,0,0.0,1535.76,1.0,63,0,0,1
2026-07-15,2026,7,2026-07,2026-07-01,15,Wednesday,0,ST002,Market_2,Moscow,PR002,Product_2,Household,27,1727.73,1285.2,442.53,27,0,0.0,1727.73,1.0,36,0,0,1
2026-07-16,2026,7,2026-07,2026-07-01,16,Thursday,0,ST002,Market_2,Moscow,PR002,Product_2,Household,23,1471.77,1094.8,376.97,23,0,0.0,1471.77,1.0,13,308,0,1
2026-07-17,2026,7,2026-07,2026-07-01,17,Friday,0,ST002,Market_2,Moscow,PR002,Product_2,Household,13,831.87,618.8000000000001,213.06999999999994,20,7,447.93,1279.8,0.65,0,0,1,0
2026-07-18,2026,7,2026-07,2026-07-01,18,Saturday,1,ST002,Market_2,Moscow,PR002,Product_2,Household,30,1919.7,1428.0,491.70000000000005,30,0,0.0,1919.7,1.0,278,0,0,1
2026-07-19,2026,7,2026-07,2026-07-01,19,Sunday,1,ST002,Market_2,Moscow,PR002,Product_2,Household,41,2623.59,1951.6000000000001,671.99,41,0,0.0,2623.59,1.0,237,0,0,1
2026-07-20,2026,7,2026-07,2026-07-01,20,Monday,0,ST002,Market_2,Moscow,PR002,Product_2,Household,15,959.85,714.0,245.85000000000002,15,0,0.0,959.85,1.0,222,0,0,1
2026-07-21,2026,7,2026-07,2026-07-01,21,Tuesday,0,ST002,Market_2,Moscow,PR002,Product_2,Household,25,1599.75,1190.0,409.75,25,0,0.0,1599.75,1.0,197,0,0,1
2026-07-22,2026,7,2026-07,2026-07-01,22,Wednesday,0,ST002,Market_2,Moscow,PR002,Product_2,Household,28,1791.72,1332.8,458.9200000000001,28,0,0.0,1791.72,1.0,169,0,0,1
2026-07-23,2026,7,2026-07,2026-07-01,23,Thursday,0,ST002,Market_2,Moscow,PR002,Product_2,Household,14,895.86,666.4,229.46000000000004,14,0,0.0,895.86,1.0,155,0,0,1
2026-07-24,2026,7,2026-07,2026-07-01,24,Friday,0,ST002,Market_2,Moscow,PR002,Product_2,Household,18,1151.82,856.8000000000001,295.01999999999987,18,0,0.0,1151.82,1.0,137,0,0,1
2026-07-25,2026,7,2026-07,2026-07-01,25,Saturday,1,ST002,Market_2,Moscow,PR002,Product_2,Household,36,2303.64,1713.6000000000001,590.0399999999997,36,0,0.0,2303.64,1.0,101,0,0,1
2026-07-26,2026,7,2026-07,2026-07-01,26,Sunday,1,ST002,Market_2,Moscow,PR002,Product_2,Household,37,2367.63,1761.2,606.4300000000001,37,0,0.0,2367.63,1.0,64,0,0,1
2026-07-27,2026,7,2026-07,2026-07-01,27,Monday,0,ST002,Market_2,Moscow,PR002,Product_2,Household,23,1471.77,1094.8,376.97,23,0,0.0,1471.77,1.0,41,0,0,1
2026-07-28,2026,7,2026-07,2026-07-01,28,Tuesday,0,ST002,Market_2,Moscow,PR002,Product_2,Household,20,1279.8,952.0,327.79999999999995,20,0,0.0,1279.8,1.0,21,308,0,1
2026-07-29,2026,7,2026-07,2026-07-01,29,Wednesday,0,ST002,Market_2,Moscow,PR002,Product_2,Household,21,1343.79,999.6,344.18999999999994,21,0,0.0,1343.79,1.0,0,0,1,0
2026-07-30,2026,7,2026-07,2026-07-01,30,Thursday,0,ST002,Market_2,Moscow,PR002,Product_2,Household,31,1983.69,1475.6000000000001,508.0899999999999,31,0,0.0,1983.69,1.0,277,0,0,1
2026-07-31,2026,7,2026-07,2026-07-01,31,Friday,0,ST002,Market_2,Moscow,PR002,Product_2,Household,17,1087.83,809.2,278.6299999999999,17,0,0.0,1087.83,1.0,260,0,0,1
2026-08-01,2026,8,2026-08,2026-08-01,1,Saturday,1,ST002,Market_2,Moscow,PR002,Product_2,Household,42,2687.58,1999.2,688.3799999999999,42,0,0.0,2687.58,1.0,218,0,0,1
2026-08-02,2026,8,2026-08,2026-08-01,2,Sunday,1,ST002,Market_2,Moscow,PR002,Product_2,Household,25,1599.75,1190.0,409.75,25,0,0.0,1599.75,1.0,193,0,0,1
2026-08-03,2026,8,2026-08,2026-08-01,3,Monday,0,ST002,Market_2,Moscow,PR002,Product_2,Household,23,1471.77,1094.8,376.97,23,0,0.0,1471.77,1.0,170,0,0,1
2026-08-04,2026,8,2026-08,2026-08-01,4,Tuesday,0,ST002,Market_2,Moscow,PR002,Product_2,Household,25,1599.75,1190.0,409.75,25,0,0.0,1599.75,1.0,145,0,0,1
2026-08-05,2026,8,2026-08,2026-08-01,5,Wednesday,0,ST002,Market_2,Moscow,PR002,Product_2,Household,19,1215.81,904.4,311.40999999999997,19,0,0.0,1215.81,1.0,126,0,0,1
2026-08-06,2026,8,2026-08,2026-08-01,6,Thursday,0,ST002,Market_2,Moscow,PR002,Product_2,Household,19,1215.81,904.4,311.40999999999997,19,0,0.0,1215.81,1.0,107,0,0,1
2026-08-07,2026,8,2026-08,2026-08-01,7,Friday,0,ST002,Market_2,Moscow,PR002,Product_2,Household,27,1727.73,1285.2,442.53,27,0,0.0,1727.73,1.0,80,0,0,1
2026-08-08,2026,8,2026-08,2026-08-01,8,Saturday,1,ST002,Market_2,Moscow,PR002,Product_2,Household,27,1727.73,1285.2,442.53,27,0,0.0,1727.73,1.0,53,0,0,1
2026-08-09,2026,8,2026-08,2026-08-01,9,Sunday,1,ST002,Market_2,Moscow,PR002,Product_2,Household,24,1535.76,1142.4,393.3599999999999,24,0,0.0,1535.76,1.0,29,308,0,1
2026-08-10,2026,8,2026-08,2026-08-01,10,Monday,0,ST002,Market_2,Moscow,PR002,Product_2,Household,28,1791.72,1332.8,458.9200000000001,28,0,0.0,1791.72,1.0,1,0,0,1
2026-08-11,2026,8,2026-08,2026-08-01,11,Tuesday,0,ST002,Market_2,Moscow,PR002,Product_2,Household,24,1535.76,1142.4,393.3599999999999,24,0,0.0,1535.76,1.0,285,0,0,1
2026-08-12,2026,8,2026-08,2026-08-01,12,Wednesday,0,ST002,Market_2,Moscow,PR002,Product_2,Household,21,1343.79,999.6,344.18999999999994,21,0,0.0,1343.79,1.0,264,0,0,1
2026-08-13,2026,8,2026-08,2026-08-01,13,Thursday,0,ST002,Market_2,Moscow,PR002,Product_2,Household,25,1599.75,1190.0,409.75,25,0,0.0,1599.75,1.0,239,0,0,1
2026-08-14,2026,8,2026-08,2026-08-01,14,Friday,0,ST002,Market_2,Moscow,PR002,Product_2,Household,20,1279.8,952.0,327.79999999999995,20,0,0.0,1279.8,1.0,219,0,0,1
2026-08-15,2026,8,2026-08,2026-08-01,15,Saturday,1,ST002,Market_2,Moscow,PR002,Product_2,Household,31,1983.69,1475.6000000000001,508.0899999999999,31,0,0.0,1983.69,1.0,188,0,0,1
2026-08-16,2026,8,2026-08,2026-08-01,16,Sunday,1,ST002,Market_2,Moscow,PR002,Product_2,Household,37,2367.63,1761.2,606.4300000000001,37,0,0.0,2367.63,1.0,151,0,0,1
2026-08-17,2026,8,2026-08,2026-08-01,17,Monday,0,ST002,Market_2,Moscow,PR002,Product_2,Household,27,1727.73,1285.2,442.53,27,0,0.0,1727.73,1.0,124,0,0,1
2026-08-18,2026,8,2026-08,2026-08-01,18,Tuesday,0,ST002,Market_2,Moscow,PR002,Product_2,Household,20,1279.8,952.0,327.79999999999995,20,0,0.0,1279.8,1.0,104,0,0,1
2026-08-19,2026,8,2026-08,2026-08-01,19,Wednesday,0,ST002,Market_2,Moscow,PR002,Product_2,Household,21,1343.79,999.6,344.18999999999994,21,0,0.0,1343.79,1.0,83,0,0,1
2026-08-20,2026,8,2026-08,2026-08-01,20,Thursday,0,ST002,Market_2,Moscow,PR002,Product_2,Household,34,2175.66,1618.4,557.2599999999998,34,0,0.0,2175.66,1.0,49,0,0,1
2026-08-21,2026,8,2026-08,2026-08-01,21,Friday,0,ST002,Market_2,Moscow,PR002,Product_2,Household,15,959.85,714.0,245.85000000000002,15,0,0.0,959.85,1.0,34,308,0,1
2026-08-22,2026,8,2026-08,2026-08-01,22,Saturday,1,ST002,Market_2,Moscow,PR002,Product_2,Household,19,1215.81,904.4,311.40999999999997,19,0,0.0,1215.81,1.0,15,0,0,1
2026-08-23,2026,8,2026-08,2026-08-01,23,Sunday,1,ST002,Market_2,Moscow,PR002,Product_2,Household,26,1663.74,1237.6000000000001,426.1399999999999,26,0,0.0,1663.74,1.0,297,0,0,1
2026-08-24,2026,8,2026-08,2026-08-01,24,Monday,0,ST002,Market_2,Moscow,PR002,Product_2,Household,21,1343.79,999.6,344.18999999999994,21,0,0.0,1343.79,1.0,276,0,0,1
2026-08-25,2026,8,2026-08,2026-08-01,25,Tuesday,0,ST002,Market_2,Moscow,PR002,Product_2,Household,25,1599.75,1190.0,409.75,25,0,0.0,1599.75,1.0,251,0,0,1
2026-08-26,2026,8,2026-08,2026-08-01,26,Wednesday,0,ST002,Market_2,Moscow,PR002,Product_2,Household,20,1279.8,952.0,327.79999999999995,20,0,0.0,1279.8,1.0,231,0,0,1
2026-08-27,2026,8,2026-08,2026-08-01,27,Thursday,0,ST002,Market_2,Moscow,PR002,Product_2,Household,26,1663.74,1237.6000000000001,426.1399999999999,26,0,0.0,1663.74,1.0,205,0,0,1
2026-08-28,2026,8,2026-08,2026-08-01,28,Friday,0,ST002,Market_2,Moscow,PR002,Product_2,Household,22,1407.78,1047.2,360.5799999999999,22,0,0.0,1407.78,1.0,183,0,0,1
2026-08-29,2026,8,2026-08,2026-08-01,29,Saturday,1,ST002,Market_2,Moscow,PR002,Product_2,Household,38,2431.62,1808.8,622.8199999999999,38,0,0.0,2431.62,1.0,145,0,0,1
2026-08-30,2026,8,2026-08,2026-08-01,30,Sunday,1,ST002,Market_2,Moscow,PR002,Product_2,Household,30,1919.7,1428.0,491.70000000000005,30,0,0.0,1919.7,1.0,115,0,0,1
2026-08-31,2026,8,2026-08,2026-08-01,31,Monday,0,ST002,Market_2,Moscow,PR002,Product_2,Household,18,1151.82,856.8000000000001,295.01999999999987,18,0,0.0,1151.82,1.0,97,0,0,1
2026-09-01,2026,9,2026-09,2026-09-01,1,Tuesday,0,ST002,Market_2,Moscow,PR002,Product_2,Household,17,1087.83,809.2,278.6299999999999,17,0,0.0,1087.83,1.0,80,0,0,1
2026-09-02,2026,9,2026-09,2026-09-01,2,Wednesday,0,ST002,Market_2,Moscow,PR002,Product_2,Household,24,1535.76,1142.4,393.3599999999999,24,0,0.0,1535.76,1.0,56,0,0,1
2026-09-03,2026,9,2026-09,2026-09-01,3,Thursday,0,ST002,Market_2,Moscow,PR002,Product_2,Household,31,1983.69,1475.6000000000001,508.0899999999999,31,0,0.0,1983.69,1.0,25,308,0,1
2026-09-04,2026,9,2026-09,2026-09-01,4,Friday,0,ST002,Market_2,Moscow,PR002,Product_2,Household,22,1407.78,1047.2,360.5799999999999,22,0,0.0,1407.78,1.0,3,0,0,1
2026-09-05,2026,9,2026-09,2026-09-01,5,Saturday,1,ST002,Market_2,Moscow,PR002,Product_2,Household,39,2495.61,1856.4,639.21,39,0,0.0,2495.61,1.0,272,0,0,1
2026-09-06,2026,9,2026-09,2026-09-01,6,Sunday,1,ST002,Market_2,Moscow,PR002,Product_2,Household,29,1855.71,1380.4,475.30999999999995,29,0,0.0,1855.71,1.0,243,0,0,1
2026-09-07,2026,9,2026-09,2026-09-01,7,Monday,0,ST002,Market_2,Moscow,PR002,Product_2,Household,30,1919.7,1428.0,491.70000000000005,30,0,0.0,1919.7,1.0,213,0,0,1
2026-06-10,2026,6,2026-06,2026-06-01,10,Wednesday,0,ST002,Market_2,Moscow,PR003,Product_3,Beverages,6,366.06,261.84000000000003,104.21999999999997,6,0,0.0,366.06,1.0,106,0,0,1
2026-06-11,2026,6,2026-06,2026-06-01,11,Thursday,0,ST002,Market_2,Moscow,PR003,Product_3,Beverages,5,305.05,218.2,86.85000000000002,5,0,0.0,305.05,1.0,101,0,0,1
2026-06-12,2026,6,2026-06,2026-06-01,12,Friday,0,ST002,Market_2,Moscow,PR003,Product_3,Beverages,8,488.08,349.12,138.95999999999998,8,0,0.0,488.08,1.0,93,0,0,1
2026-06-13,2026,6,2026-06,2026-06-01,13,Saturday,1,ST002,Market_2,Moscow,PR003,Product_3,Beverages,11,671.11,480.04,191.07,11,0,0.0,671.11,1.0,82,0,0,1
2026-06-14,2026,6,2026-06,2026-06-01,14,Sunday,1,ST002,Market_2,Moscow,PR003,Product_3,Beverages,10,610.1,436.4,173.70000000000005,10,0,0.0,610.1,1.0,72,0,0,1
2026-06-15,2026,6,2026-06,2026-06-01,15,Monday,0,ST002,Market_2,Moscow,PR003,Product_3,Beverages,9,549.09,392.76,156.33000000000004,9,0,0.0,549.09,1.0,63,0,0,1
2026-06-16,2026,6,2026-06,2026-06-01,16,Tuesday,0,ST002,Market_2,Moscow,PR003,Product_3,Beverages,9,549.09,392.76,156.33000000000004,9,0,0.0,549.09,1.0,54,0,0,1
2026-06-17,2026,6,2026-06,2026-06-01,17,Wednesday,0,ST002,Market_2,Moscow,PR003,Product_3,Beverages,9,549.09,392.76,156.33000000000004,9,0,0.0,549.09,1.0,45,0,0,1
2026-06-18,2026,6,2026-06,2026-06-01,18,Thursday,0,ST002,Market_2,Moscow,PR003,Product_3,Beverages,4,244.04,174.56,69.47999999999999,4,0,0.0,244.04,1.0,41,0,0,1
2026-06-19,2026,6,2026-06,2026-06-01,19,Friday,0,ST002,Market_2,Moscow,PR003,Product_3,Beverages,7,427.07,305.48,121.58999999999997,7,0,0.0,427.07,1.0,34,0,0,1
2026-06-20,2026,6,2026-06,2026-06-01,20,Saturday,1,ST002,Market_2,Moscow,PR003,Product_3,Beverages,8,488.08,349.12,138.95999999999998,8,0,0.0,488.08,1.0,26,0,0,1
2026-06-21,2026,6,2026-06,2026-06-01,21,Sunday,1,ST002,Market_2,Moscow,PR003,Product_3,Beverages,7,427.07,305.48,121.58999999999997,7,0,0.0,427.07,1.0,19,112,0,1
2026-06-22,2026,6,2026-06,2026-06-01,22,Monday,0,ST002,Market_2,Moscow,PR003,Product_3,Beverages,8,488.08,349.12,138.95999999999998,8,0,0.0,488.08,1.0,11,0,0,1
2026-06-23,2026,6,2026-06,2026-06-01,23,Tuesday,0,ST002,Market_2,Moscow,PR003,Product_3,Beverages,7,427.07,305.48,121.58999999999997,7,0,0.0,427.07,1.0,116,0,0,1
2026-06-24,2026,6,2026-06,2026-06-01,24,Wednesday,0,ST002,Market_2,Moscow,PR003,Product_3,Beverages,10,610.1,436.4,173.70000000000005,10,0,0.0,610.1,1.0,106,0,0,1
2026-06-25,2026,6,2026-06,2026-06-01,25,Thursday,0,ST002,Market_2,Moscow,PR003,Product_3,Beverages,5,305.05,218.2,86.85000000000002,5,0,0.0,305.05,1.0,101,0,0,1
2026-06-26,2026,6,2026-06,2026-06-01,26,Friday,0,ST002,Market_2,Moscow,PR003,Product_3,Beverages,5,305.05,218.2,86.85000000000002,5,0,0.0,305.05,1.0,96,0,0,1
2026-06-27,2026,6,2026-06,2026-06-01,27,Saturday,1,ST002,Market_2,Moscow,PR003,Product_3,Beverages,13,793.13,567.32,225.80999999999995,13,0,0.0,793.13,1.0,83,0,0,1
2026-06-28,2026,6,2026-06,2026-06-01,28,Sunday,1,ST002,Market_2,Moscow,PR003,Product_3,Beverages,19,1159.19,829.16,330.0300000000001,19,0,0.0,1159.19,1.0,64,0,0,1
2026-06-29,2026,6,2026-06,2026-06-01,29,Monday,0,ST002,Market_2,Moscow,PR003,Product_3,Beverages,9,549.09,392.76,156.33000000000004,9,0,0.0,549.09,1.0,55,0,0,1
2026-06-30,2026,6,2026-06,2026-06-01,30,Tuesday,0,ST002,Market_2,Moscow,PR003,Product_3,Beverages,8,488.08,349.12,138.95999999999998,8,0,0.0,488.08,1.0,47,0,0,1
2026-07-01,2026,7,2026-07,2026-07-01,1,Wednesday,0,ST002,Market_2,Moscow,PR003,Product_3,Beverages,9,549.09,392.76,156.33000000000004,9,0,0.0,549.09,1.0,38,0,0,1
2026-07-02,2026,7,2026-07,2026-07-01,2,Thursday,0,ST002,Market_2,Moscow,PR003,Product_3,Beverages,9,549.09,392.76,156.33000000000004,9,0,0.0,549.09,1.0,29,0,0,1
2026-07-03,2026,7,2026-07,2026-07-01,3,Friday,0,ST002,Market_2,Moscow,PR003,Product_3,Beverages,6,366.06,261.84000000000003,104.21999999999997,6,0,0.0,366.06,1.0,23,0,0,1
2026-07-04,2026,7,2026-07,2026-07-01,4,Saturday,1,ST002,Market_2,Moscow,PR003,Product_3,Beverages,8,488.08,349.12,138.95999999999998,8,0,0.0,488.08,1.0,15,112,0,1
2026-07-05,2026,7,2026-07,2026-07-01,5,Sunday,1,ST002,Market_2,Moscow,PR003,Product_3,Beverages,15,915.15,654.6,260.54999999999995,15,0,0.0,915.15,1.0,0,0,1,0
2026-07-06,2026,7,2026-07,2026-07-01,6,Monday,0,ST002,Market_2,Moscow,PR003,Product_3,Beverages,7,427.07,305.48,121.58999999999997,7,0,0.0,427.07,1.0,105,0,0,1
2026-07-07,2026,7,2026-07,2026-07-01,7,Tuesday,0,ST002,Market_2,Moscow,PR003,Product_3,Beverages,9,549.09,392.76,156.33000000000004,9,0,0.0,549.09,1.0,96,0,0,1
2026-07-08,2026,7,2026-07,2026-07-01,8,Wednesday,0,ST002,Market_2,Moscow,PR003,Product_3,Beverages,11,671.11,480.04,191.07,11,0,0.0,671.11,1.0,85,0,0,1
2026-07-09,2026,7,2026-07,2026-07-01,9,Thursday,0,ST002,Market_2,Moscow,PR003,Product_3,Beverages,5,305.05,218.2,86.85000000000002,5,0,0.0,305.05,1.0,80,0,0,1
2026-07-10,2026,7,2026-07,2026-07-01,10,Friday,0,ST002,Market_2,Moscow,PR003,Product_3,Beverages,13,793.13,567.32,225.80999999999995,13,0,0.0,793.13,1.0,67,0,0,1
2026-07-11,2026,7,2026-07,2026-07-01,11,Saturday,1,ST002,Market_2,Moscow,PR003,Product_3,Beverages,14,854.14,610.96,243.17999999999995,14,0,0.0,854.14,1.0,53,0,0,1
2026-07-12,2026,7,2026-07,2026-07-01,12,Sunday,1,ST002,Market_2,Moscow,PR003,Product_3,Beverages,12,732.12,523.6800000000001,208.43999999999994,12,0,0.0,732.12,1.0,41,0,0,1
2026-07-13,2026,7,2026-07,2026-07-01,13,Monday,0,ST002,Market_2,Moscow,PR003,Product_3,Beverages,6,366.06,261.84000000000003,104.21999999999997,6,0,0.0,366.06,1.0,35,0,0,1
2026-07-14,2026,7,2026-07,2026-07-01,14,Tuesday,0,ST002,Market_2,Moscow,PR003,Product_3,Beverages,11,671.11,480.04,191.07,11,0,0.0,671.11,1.0,24,0,0,1
2026-07-15,2026,7,2026-07,2026-07-01,15,Wednesday,0,ST002,Market_2,Moscow,PR003,Product_3,Beverages,7,427.07,305.48,121.58999999999997,7,0,0.0,427.07,1.0,17,0,0,1
2026-07-16,2026,7,2026-07,2026-07-01,16,Thursday,0,ST002,Market_2,Moscow,PR003,Product_3,Beverages,6,366.06,261.84000000000003,104.21999999999997,6,0,0.0,366.06,1.0,11,112,0,1
2026-07-17,2026,7,2026-07,2026-07-01,17,Friday,0,ST002,Market_2,Moscow,PR003,Product_3,Beverages,5,305.05,218.2,86.85000000000002,5,0,0.0,305.05,1.0,6,0,0,1
2026-07-18,2026,7,2026-07,2026-07-01,18,Saturday,1,ST002,Market_2,Moscow,PR003,Product_3,Beverages,10,610.1,436.4,173.70000000000005,10,0,0.0,610.1,1.0,108,0,0,1
2026-07-19,2026,7,2026-07,2026-07-01,19,Sunday,1,ST002,Market_2,Moscow,PR003,Product_3,Beverages,17,1037.17,741.88,295.2900000000001,17,0,0.0,1037.17,1.0,91,0,0,1
2026-07-20,2026,7,2026-07,2026-07-01,20,Monday,0,ST002,Market_2,Moscow,PR003,Product_3,Beverages,8,488.08,349.12,138.95999999999998,8,0,0.0,488.08,1.0,83,0,0,1
2026-07-21,2026,7,2026-07,2026-07-01,21,Tuesday,0,ST002,Market_2,Moscow,PR003,Product_3,Beverages,8,488.08,349.12,138.95999999999998,8,0,0.0,488.08,1.0,75,0,0,1
2026-07-22,2026,7,2026-07,2026-07-01,22,Wednesday,0,ST002,Market_2,Moscow,PR003,Product_3,Beverages,10,610.1,436.4,173.70000000000005,10,0,0.0,610.1,1.0,65,0,0,1
2026-07-23,2026,7,2026-07,2026-07-01,23,Thursday,0,ST002,Market_2,Moscow,PR003,Product_3,Beverages,12,732.12,523.6800000000001,208.43999999999994,12,0,0.0,732.12,1.0,53,0,0,1
2026-07-24,2026,7,2026-07,2026-07-01,24,Friday,0,ST002,Market_2,Moscow,PR003,Product_3,Beverages,10,610.1,436.4,173.70000000000005,10,0,0.0,610.1,1.0,43,0,0,1
2026-07-25,2026,7,2026-07,2026-07-01,25,Saturday,1,ST002,Market_2,Moscow,PR003,Product_3,Beverages,15,915.15,654.6,260.54999999999995,15,0,0.0,915.15,1.0,28,0,0,1
2026-07-26,2026,7,2026-07,2026-07-01,26,Sunday,1,ST002,Market_2,Moscow,PR003,Product_3,Beverages,9,549.09,392.76,156.33000000000004,9,0,0.0,549.09,1.0,19,0,0,1
2026-07-27,2026,7,2026-07,2026-07-01,27,Monday,0,ST002,Market_2,Moscow,PR003,Product_3,Beverages,10,610.1,436.4,173.70000000000005,10,0,0.0,610.1,1.0,9,0,0,1
2026-07-28,2026,7,2026-07,2026-07-01,28,Tuesday,0,ST002,Market_2,Moscow,PR003,Product_3,Beverages,9,549.09,392.76,156.33000000000004,12,3,183.03,732.12,0.75,0,112,1,0
2026-07-29,2026,7,2026-07,2026-07-01,29,Wednesday,0,ST002,Market_2,Moscow,PR003,Product_3,Beverages,0,0.0,0.0,0.0,9,9,549.09,549.09,0.0,0,0,1,0
2026-07-30,2026,7,2026-07,2026-07-01,30,Thursday,0,ST002,Market_2,Moscow,PR003,Product_3,Beverages,8,488.08,349.12,138.95999999999998,8,0,0.0,488.08,1.0,104,0,0,1
2026-07-31,2026,7,2026-07,2026-07-01,31,Friday,0,ST002,Market_2,Moscow,PR003,Product_3,Beverages,10,610.1,436.4,173.70000000000005,10,0,0.0,610.1,1.0,94,0,0,1
2026-08-01,2026,8,2026-08,2026-08-01,1,Saturday,1,ST002,Market_2,Moscow,PR003,Product_3,Beverages,15,915.15,654.6,260.54999999999995,15,0,0.0,915.15,1.0,79,0,0,1
2026-08-02,2026,8,2026-08,2026-08-01,2,Sunday,1,ST002,Market_2,Moscow,PR003,Product_3,Beverages,18,1098.18,785.52,312.6600000000001,18,0,0.0,1098.18,1.0,61,0,0,1
2026-08-03,2026,8,2026-08,2026-08-01,3,Monday,0,ST002,Market_2,Moscow,PR003,Product_3,Beverages,2,122.02,87.28,34.739999999999995,2,0,0.0,122.02,1.0,59,0,0,1
2026-08-04,2026,8,2026-08,2026-08-01,4,Tuesday,0,ST002,Market_2,Moscow,PR003,Product_3,Beverages,11,671.11,480.04,191.07,11,0,0.0,671.11,1.0,48,0,0,1
2026-08-05,2026,8,2026-08,2026-08-01,5,Wednesday,0,ST002,Market_2,Moscow,PR003,Product_3,Beverages,9,549.09,392.76,156.33000000000004,9,0,0.0,549.09,1.0,39,0,0,1
2026-08-06,2026,8,2026-08,2026-08-01,6,Thursday,0,ST002,Market_2,Moscow,PR003,Product_3,Beverages,5,305.05,218.2,86.85000000000002,5,0,0.0,305.05,1.0,34,0,0,1
2026-08-07,2026,8,2026-08,2026-08-01,7,Friday,0,ST002,Market_2,Moscow,PR003,Product_3,Beverages,2,122.02,87.28,34.739999999999995,2,0,0.0,122.02,1.0,32,0,0,1
2026-08-08,2026,8,2026-08,2026-08-01,8,Saturday,1,ST002,Market_2,Moscow,PR003,Product_3,Beverages,15,915.15,654.6,260.54999999999995,15,0,0.0,915.15,1.0,17,112,0,1
2026-08-09,2026,8,2026-08,2026-08-01,9,Sunday,1,ST002,Market_2,Moscow,PR003,Product_3,Beverages,8,488.08,349.12,138.95999999999998,8,0,0.0,488.08,1.0,9,0,0,1
2026-08-10,2026,8,2026-08,2026-08-01,10,Monday,0,ST002,Market_2,Moscow,PR003,Product_3,Beverages,7,427.07,305.48,121.58999999999997,7,0,0.0,427.07,1.0,114,0,0,1
2026-08-11,2026,8,2026-08,2026-08-01,11,Tuesday,0,ST002,Market_2,Moscow,PR003,Product_3,Beverages,6,366.06,261.84000000000003,104.21999999999997,6,0,0.0,366.06,1.0,108,0,0,1
2026-08-12,2026,8,2026-08,2026-08-01,12,Wednesday,0,ST002,Market_2,Moscow,PR003,Product_3,Beverages,9,549.09,392.76,156.33000000000004,9,0,0.0,549.09,1.0,99,0,0,1
2026-08-13,2026,8,2026-08,2026-08-01,13,Thursday,0,ST002,Market_2,Moscow,PR003,Product_3,Beverages,7,427.07,305.48,121.58999999999997,7,0,0.0,427.07,1.0,92,0,0,1
2026-08-14,2026,8,2026-08,2026-08-01,14,Friday,0,ST002,Market_2,Moscow,PR003,Product_3,Beverages,8,488.08,349.12,138.95999999999998,8,0,0.0,488.08,1.0,84,0,0,1
2026-08-15,2026,8,2026-08,2026-08-01,15,Saturday,1,ST002,Market_2,Moscow,PR003,Product_3,Beverages,20,1220.2,872.8,347.4000000000001,20,0,0.0,1220.2,1.0,64,0,0,1
2026-08-16,2026,8,2026-08,2026-08-01,16,Sunday,1,ST002,Market_2,Moscow,PR003,Product_3,Beverages,9,549.09,392.76,156.33000000000004,9,0,0.0,549.09,1.0,55,0,0,1
2026-08-17,2026,8,2026-08,2026-08-01,17,Monday,0,ST002,Market_2,Moscow,PR003,Product_3,Beverages,6,366.06,261.84000000000003,104.21999999999997,6,0,0.0,366.06,1.0,49,0,0,1
2026-08-18,2026,8,2026-08,2026-08-01,18,Tuesday,0,ST002,Market_2,Moscow,PR003,Product_3,Beverages,7,427.07,305.48,121.58999999999997,7,0,0.0,427.07,1.0,42,0,0,1
2026-08-19,2026,8,2026-08,2026-08-01,19,Wednesday,0,ST002,Market_2,Moscow,PR003,Product_3,Beverages,7,427.07,305.48,121.58999999999997,7,0,0.0,427.07,1.0,35,0,0,1
2026-08-20,2026,8,2026-08,2026-08-01,20,Thursday,0,ST002,Market_2,Moscow,PR003,Product_3,Beverages,11,671.11,480.04,191.07,11,0,0.0,671.11,1.0,24,0,0,1
2026-08-21,2026,8,2026-08,2026-08-01,21,Friday,0,ST002,Market_2,Moscow,PR003,Product_3,Beverages,9,549.09,392.76,156.33000000000004,9,0,0.0,549.09,1.0,15,0,0,1
2026-08-22,2026,8,2026-08,2026-08-01,22,Saturday,1,ST002,Market_2,Moscow,PR003,Product_3,Beverages,11,671.11,480.04,191.07,11,0,0.0,671.11,1.0,4,112,0,1
2026-08-23,2026,8,2026-08,2026-08-01,23,Sunday,1,ST002,Market_2,Moscow,PR003,Product_3,Beverages,4,244.04,174.56,69.47999999999999,15,11,671.11,915.15,0.26666666666666666,0,0,1,0
2026-08-24,2026,8,2026-08,2026-08-01,24,Monday,0,ST002,Market_2,Moscow,PR003,Product_3,Beverages,9,549.09,392.76,156.33000000000004,9,0,0.0,549.09,1.0,103,0,0,1
2026-08-25,2026,8,2026-08,2026-08-01,25,Tuesday,0,ST002,Market_2,Moscow,PR003,Product_3,Beverages,6,366.06,261.84000000000003,104.21999999999997,6,0,0.0,366.06,1.0,97,0,0,1
2026-08-26,2026,8,2026-08,2026-08-01,26,Wednesday,0,ST002,Market_2,Moscow,PR003,Product_3,Beverages,9,549.09,392.76,156.33000000000004,9,0,0.0,549.09,1.0,88,0,0,1
2026-08-27,2026,8,2026-08,2026-08-01,27,Thursday,0,ST002,Market_2,Moscow,PR003,Product_3,Beverages,7,427.07,305.48,121.58999999999997,7,0,0.0,427.07,1.0,81,0,0,1
2026-08-28,2026,8,2026-08,2026-08-01,28,Friday,0,ST002,Market_2,Moscow,PR003,Product_3,Beverages,8,488.08,349.12,138.95999999999998,8,0,0.0,488.08,1.0,73,0,0,1
2026-08-29,2026,8,2026-08,2026-08-01,29,Saturday,1,ST002,Market_2,Moscow,PR003,Product_3,Beverages,12,732.12,523.6800000000001,208.43999999999994,12,0,0.0,732.12,1.0,61,0,0,1
2026-08-30,2026,8,2026-08,2026-08-01,30,Sunday,1,ST002,Market_2,Moscow,PR003,Product_3,Beverages,11,671.11,480.04,191.07,11,0,0.0,671.11,1.0,50,0,0,1
2026-08-31,2026,8,2026-08,2026-08-01,31,Monday,0,ST002,Market_2,Moscow,PR003,Product_3,Beverages,7,427.07,305.48,121.58999999999997,7,0,0.0,427.07,1.0,43,0,0,1
2026-09-01,2026,9,2026-09,2026-09-01,1,Tuesday,0,ST002,Market_2,Moscow,PR003,Product_3,Beverages,8,488.08,349.12,138.95999999999998,8,0,0.0,488.08,1.0,35,0,0,1
2026-09-02,2026,9,2026-09,2026-09-01,2,Wednesday,0,ST002,Market_2,Moscow,PR003,Product_3,Beverages,4,244.04,174.56,69.47999999999999,4,0,0.0,244.04,1.0,31,0,0,1
2026-09-03,2026,9,2026-09,2026-09-01,3,Thursday,0,ST002,Market_2,Moscow,PR003,Product_3,Beverages,6,366.06,261.84000000000003,104.21999999999997,6,0,0.0,366.06,1.0,25,0,0,1
2026-09-04,2026,9,2026-09,2026-09-01,4,Friday,0,ST002,Market_2,Moscow,PR003,Product_3,Beverages,7,427.07,305.48,121.58999999999997,7,0,0.0,427.07,1.0,18,112,0,1
2026-09-05,2026,9,2026-09,2026-09-01,5,Saturday,1,ST002,Market_2,Moscow,PR003,Product_3,Beverages,11,671.11,480.04,191.07,11,0,0.0,671.11,1.0,7,0,0,1
2026-09-06,2026,9,2026-09,2026-09-01,6,Sunday,1,ST002,Market_2,Moscow,PR003,Product_3,Beverages,9,549.09,392.76,156.33000000000004,9,0,0.0,549.09,1.0,110,0,0,1
2026-09-07,2026,9,2026-09,2026-09-01,7,Monday,0,ST002,Market_2,Moscow,PR003,Product_3,Beverages,10,610.1,436.4,173.70000000000005,10,0,0.0,610.1,1.0,100,0,0,1
2026-06-10,2026,6,2026-06,2026-06-01,10,Wednesday,0,ST002,Market_2,Moscow,PR004,Product_4,Beverages,27,1565.46,1183.68,381.78,27,0,0.0,1565.4599999999998,1.0,379,0,0,1
2026-06-11,2026,6,2026-06,2026-06-01,11,Thursday,0,ST002,Market_2,Moscow,PR004,Product_4,Beverages,31,1797.38,1359.0400000000002,438.3399999999999,31,0,0.0,1797.3799999999999,1.0,348,0,0,1
2026-06-12,2026,6,2026-06,2026-06-01,12,Friday,0,ST002,Market_2,Moscow,PR004,Product_4,Beverages,26,1507.48,1139.8400000000001,367.6399999999999,26,0,0.0,1507.48,1.0,322,0,0,1
2026-06-13,2026,6,2026-06,2026-06-01,13,Saturday,1,ST002,Market_2,Moscow,PR004,Product_4,Beverages,41,2377.18,1797.44,579.7399999999998,41,0,0.0,2377.18,1.0,281,0,0,1
2026-06-14,2026,6,2026-06,2026-06-01,14,Sunday,1,ST002,Market_2,Moscow,PR004,Product_4,Beverages,40,2319.2,1753.6000000000001,565.5999999999997,40,0,0.0,2319.2,1.0,241,0,0,1
2026-06-15,2026,6,2026-06,2026-06-01,15,Monday,0,ST002,Market_2,Moscow,PR004,Product_4,Beverages,28,1623.44,1227.52,395.9200000000001,28,0,0.0,1623.4399999999998,1.0,213,0,0,1
2026-06-16,2026,6,2026-06,2026-06-01,16,Tuesday,0,ST002,Market_2,Moscow,PR004,Product_4,Beverages,22,1275.56,964.48,311.0799999999999,22,0,0.0,1275.56,1.0,191,0,0,1
2026-06-17,2026,6,2026-06,2026-06-01,17,Wednesday,0,ST002,Market_2,Moscow,PR004,Product_4,Beverages,29,1681.42,1271.3600000000001,410.05999999999995,29,0,0.0,1681.4199999999998,1.0,162,0,0,1
2026-06-18,2026,6,2026-06,2026-06-01,18,Thursday,0,ST002,Market_2,Moscow,PR004,Product_4,Beverages,32,1855.36,1402.88,452.4799999999998,32,0,0.0,1855.36,1.0,130,0,0,1
2026-06-19,2026,6,2026-06,2026-06-01,19,Friday,0,ST002,Market_2,Moscow,PR004,Product_4,Beverages,34,1971.32,1490.5600000000002,480.75999999999976,34,0,0.0,1971.32,1.0,96,0,0,1
2026-06-20,2026,6,2026-06,2026-06-01,20,Saturday,1,ST002,Market_2,Moscow,PR004,Product_4,Beverages,39,2261.22,1709.7600000000002,551.4599999999996,39,0,0.0,2261.22,1.0,57,0,0,1
2026-06-21,2026,6,2026-06,2026-06-01,21,Sunday,1,ST002,Market_2,Moscow,PR004,Product_4,Beverages,42,2435.16,1841.2800000000002,593.8799999999997,42,0,0.0,2435.16,1.0,15,406,0,1
2026-06-22,2026,6,2026-06,2026-06-01,22,Monday,0,ST002,Market_2,Moscow,PR004,Product_4,Beverages,15,869.7,657.6,212.10000000000002,20,5,289.9,1159.6,0.75,0,0,1,0
2026-06-23,2026,6,2026-06,2026-06-01,23,Tuesday,0,ST002,Market_2,Moscow,PR004,Product_4,Beverages,35,2029.3,1534.4,494.89999999999986,35,0,0.0,2029.3,1.0,371,0,0,1
2026-06-24,2026,6,2026-06,2026-06-01,24,Wednesday,0,ST002,Market_2,Moscow,PR004,Product_4,Beverages,32,1855.36,1402.88,452.4799999999998,32,0,0.0,1855.36,1.0,339,0,0,1
2026-06-25,2026,6,2026-06,2026-06-01,25,Thursday,0,ST002,Market_2,Moscow,PR004,Product_4,Beverages,35,2029.3,1534.4,494.89999999999986,35,0,0.0,2029.3,1.0,304,0,0,1
2026-06-26,2026,6,2026-06,2026-06-01,26,Friday,0,ST002,Market_2,Moscow,PR004,Product_4,Beverages,22,1275.56,964.48,311.0799999999999,22,0,0.0,1275.56,1.0,282,0,0,1
2026-06-27,2026,6,2026-06,2026-06-01,27,Saturday,1,ST002,Market_2,Moscow,PR004,Product_4,Beverages,54,3130.92,2367.36,763.56,54,0,0.0,3130.9199999999996,1.0,228,0,0,1
2026-06-28,2026,6,2026-06,2026-06-01,28,Sunday,1,ST002,Market_2,Moscow,PR004,Product_4,Beverages,37,2145.26,1622.0800000000002,523.1800000000001,37,0,0.0,2145.2599999999998,1.0,191,0,0,1
2026-06-29,2026,6,2026-06,2026-06-01,29,Monday,0,ST002,Market_2,Moscow,PR004,Product_4,Beverages,39,2261.22,1709.7600000000002,551.4599999999996,39,0,0.0,2261.22,1.0,152,0,0,1
2026-06-30,2026,6,2026-06,2026-06-01,30,Tuesday,0,ST002,Market_2,Moscow,PR004,Product_4,Beverages,21,1217.58,920.6400000000001,296.9399999999998,21,0,0.0,1217.58,1.0,131,0,0,1
2026-07-01,2026,7,2026-07,2026-07-01,1,Wednesday,0,ST002,Market_2,Moscow,PR004,Product_4,Beverages,35,2029.3,1534.4,494.89999999999986,35,0,0.0,2029.3,1.0,96,0,0,1
2026-07-02,2026,7,2026-07,2026-07-01,2,Thursday,0,ST002,Market_2,Moscow,PR004,Product_4,Beverages,24,1391.52,1052.16,339.3599999999999,24,0,0.0,1391.52,1.0,72,0,0,1
2026-07-03,2026,7,2026-07,2026-07-01,3,Friday,0,ST002,Market_2,Moscow,PR004,Product_4,Beverages,18,1043.64,789.1200000000001,254.51999999999998,18,0,0.0,1043.6399999999999,1.0,54,406,0,1
2026-07-04,2026,7,2026-07,2026-07-01,4,Saturday,1,ST002,Market_2,Moscow,PR004,Product_4,Beverages,41,2377.18,1797.44,579.7399999999998,41,0,0.0,2377.18,1.0,13,0,0,1
2026-07-05,2026,7,2026-07,2026-07-01,5,Sunday,1,ST002,Market_2,Moscow,PR004,Product_4,Beverages,45,2609.1,1972.8000000000002,636.2999999999997,45,0,0.0,2609.1,1.0,374,0,0,1
2026-07-06,2026,7,2026-07,2026-07-01,6,Monday,0,ST002,Market_2,Moscow,PR004,Product_4,Beverages,31,1797.38,1359.0400000000002,438.3399999999999,31,0,0.0,1797.3799999999999,1.0,343,0,0,1
2026-07-07,2026,7,2026-07,2026-07-01,7,Tuesday,0,ST002,Market_2,Moscow,PR004,Product_4,Beverages,30,1739.4,1315.2,424.20000000000005,30,0,0.0,1739.3999999999999,1.0,313,0,0,1
2026-07-08,2026,7,2026-07,2026-07-01,8,Wednesday,0,ST002,Market_2,Moscow,PR004,Product_4,Beverages,25,1449.5,1096.0,353.5,25,0,0.0,1449.5,1.0,288,0,0,1
2026-07-09,2026,7,2026-07,2026-07-01,9,Thursday,0,ST002,Market_2,Moscow,PR004,Product_4,Beverages,21,1217.58,920.6400000000001,296.9399999999998,21,0,0.0,1217.58,1.0,267,0,0,1
2026-07-10,2026,7,2026-07,2026-07-01,10,Friday,0,ST002,Market_2,Moscow,PR004,Product_4,Beverages,29,1681.42,1271.3600000000001,410.05999999999995,29,0,0.0,1681.4199999999998,1.0,238,0,0,1
2026-07-11,2026,7,2026-07,2026-07-01,11,Saturday,1,ST002,Market_2,Moscow,PR004,Product_4,Beverages,44,2551.12,1928.96,622.1599999999999,44,0,0.0,2551.12,1.0,194,0,0,1
2026-07-12,2026,7,2026-07,2026-07-01,12,Sunday,1,ST002,Market_2,Moscow,PR004,Product_4,Beverages,38,2203.24,1665.92,537.3199999999997,38,0,0.0,2203.24,1.0,156,0,0,1
2026-07-13,2026,7,2026-07,2026-07-01,13,Monday,0,ST002,Market_2,Moscow,PR004,Product_4,Beverages,27,1565.46,1183.68,381.78,27,0,0.0,1565.4599999999998,1.0,129,0,0,1
2026-07-14,2026,7,2026-07,2026-07-01,14,Tuesday,0,ST002,Market_2,Moscow,PR004,Product_4,Beverages,18,1043.64,789.1200000000001,254.51999999999998,18,0,0.0,1043.6399999999999,1.0,111,0,0,1
2026-07-15,2026,7,2026-07,2026-07-01,15,Wednesday,0,ST002,Market_2,Moscow,PR004,Product_4,Beverages,25,1449.5,1096.0,353.5,25,0,0.0,1449.5,1.0,86,0,0,1
2026-07-16,2026,7,2026-07,2026-07-01,16,Thursday,0,ST002,Market_2,Moscow,PR004,Product_4,Beverages,27,1565.46,1183.68,381.78,27,0,0.0,1565.4599999999998,1.0,59,406,0,1
2026-07-17,2026,7,2026-07,2026-07-01,17,Friday,0,ST002,Market_2,Moscow,PR004,Product_4,Beverages,28,1623.44,1227.52,395.9200000000001,28,0,0.0,1623.4399999999998,1.0,31,0,0,1
2026-07-18,2026,7,2026-07,2026-07-01,18,Saturday,1,ST002,Market_2,Moscow,PR004,Product_4,Beverages,40,2319.2,1753.6000000000001,565.5999999999997,40,0,0.0,2319.2,1.0,397,0,0,1
2026-07-19,2026,7,2026-07,2026-07-01,19,Sunday,1,ST002,Market_2,Moscow,PR004,Product_4,Beverages,41,2377.18,1797.44,579.7399999999998,41,0,0.0,2377.18,1.0,356,0,0,1
2026-07-20,2026,7,2026-07,2026-07-01,20,Monday,0,ST002,Market_2,Moscow,PR004,Product_4,Beverages,34,1971.32,1490.5600000000002,480.75999999999976,34,0,0.0,1971.32,1.0,322,0,0,1
2026-07-21,2026,7,2026-07,2026-07-01,21,Tuesday,0,ST002,Market_2,Moscow,PR004,Product_4,Beverages,32,1855.36,1402.88,452.4799999999998,32,0,0.0,1855.36,1.0,290,0,0,1
2026-07-22,2026,7,2026-07,2026-07-01,22,Wednesday,0,ST002,Market_2,Moscow,PR004,Product_4,Beverages,33,1913.34,1446.72,466.6199999999999,33,0,0.0,1913.34,1.0,257,0,0,1
2026-07-23,2026,7,2026-07,2026-07-01,23,Thursday,0,ST002,Market_2,Moscow,PR004,Product_4,Beverages,30,1739.4,1315.2,424.20000000000005,30,0,0.0,1739.3999999999999,1.0,227,0,0,1
2026-07-24,2026,7,2026-07,2026-07-01,24,Friday,0,ST002,Market_2,Moscow,PR004,Product_4,Beverages,33,1913.34,1446.72,466.6199999999999,33,0,0.0,1913.34,1.0,194,0,0,1
2026-07-25,2026,7,2026-07,2026-07-01,25,Saturday,1,ST002,Market_2,Moscow,PR004,Product_4,Beverages,33,1913.34,1446.72,466.6199999999999,33,0,0.0,1913.34,1.0,161,0,0,1
2026-07-26,2026,7,2026-07,2026-07-01,26,Sunday,1,ST002,Market_2,Moscow,PR004,Product_4,Beverages,45,2609.1,1972.8000000000002,636.2999999999997,45,0,0.0,2609.1,1.0,116,0,0,1
2026-07-27,2026,7,2026-07,2026-07-01,27,Monday,0,ST002,Market_2,Moscow,PR004,Product_4,Beverages,27,1565.46,1183.68,381.78,27,0,0.0,1565.4599999999998,1.0,89,0,0,1
2026-07-28,2026,7,2026-07,2026-07-01,28,Tuesday,0,ST002,Market_2,Moscow,PR004,Product_4,Beverages,21,1217.58,920.6400000000001,296.9399999999998,21,0,0.0,1217.58,1.0,68,0,0,1
2026-07-29,2026,7,2026-07,2026-07-01,29,Wednesday,0,ST002,Market_2,Moscow,PR004,Product_4,Beverages,32,1855.36,1402.88,452.4799999999998,32,0,0.0,1855.36,1.0,36,406,0,1
2026-07-30,2026,7,2026-07,2026-07-01,30,Thursday,0,ST002,Market_2,Moscow,PR004,Product_4,Beverages,33,1913.34,1446.72,466.6199999999999,33,0,0.0,1913.34,1.0,3,0,0,1
2026-07-31,2026,7,2026-07,2026-07-01,31,Friday,0,ST002,Market_2,Moscow,PR004,Product_4,Beverages,19,1101.62,832.96,268.65999999999985,19,0,0.0,1101.62,1.0,390,0,0,1
2026-08-01,2026,8,2026-08,2026-08-01,1,Saturday,1,ST002,Market_2,Moscow,PR004,Product_4,Beverages,48,2783.04,2104.32,678.7199999999998,48,0,0.0,2783.04,1.0,342,0,0,1
2026-08-02,2026,8,2026-08,2026-08-01,2,Sunday,1,ST002,Market_2,Moscow,PR004,Product_4,Beverages,50,2899.0,2192.0,707.0,50,0,0.0,2899.0,1.0,292,0,0,1
2026-08-03,2026,8,2026-08,2026-08-01,3,Monday,0,ST002,Market_2,Moscow,PR004,Product_4,Beverages,25,1449.5,1096.0,353.5,25,0,0.0,1449.5,1.0,267,0,0,1
2026-08-04,2026,8,2026-08,2026-08-01,4,Tuesday,0,ST002,Market_2,Moscow,PR004,Product_4,Beverages,23,1333.54,1008.32,325.2199999999999,23,0,0.0,1333.54,1.0,244,0,0,1
2026-08-05,2026,8,2026-08,2026-08-01,5,Wednesday,0,ST002,Market_2,Moscow,PR004,Product_4,Beverages,37,2145.26,1622.0800000000002,523.1800000000001,37,0,0.0,2145.2599999999998,1.0,207,0,0,1
2026-08-06,2026,8,2026-08,2026-08-01,6,Thursday,0,ST002,Market_2,Moscow,PR004,Product_4,Beverages,32,1855.36,1402.88,452.4799999999998,32,0,0.0,1855.36,1.0,175,0,0,1
2026-08-07,2026,8,2026-08,2026-08-01,7,Friday,0,ST002,Market_2,Moscow,PR004,Product_4,Beverages,31,1797.38,1359.0400000000002,438.3399999999999,31,0,0.0,1797.3799999999999,1.0,144,0,0,1
2026-08-08,2026,8,2026-08,2026-08-01,8,Saturday,1,ST002,Market_2,Moscow,PR004,Product_4,Beverages,35,2029.3,1534.4,494.89999999999986,35,0,0.0,2029.3,1.0,109,0,0,1
2026-08-09,2026,8,2026-08,2026-08-01,9,Sunday,1,ST002,Market_2,Moscow,PR004,Product_4,Beverages,34,1971.32,1490.5600000000002,480.75999999999976,34,0,0.0,1971.32,1.0,75,0,0,1
2026-08-10,2026,8,2026-08,2026-08-01,10,Monday,0,ST002,Market_2,Moscow,PR004,Product_4,Beverages,27,1565.46,1183.68,381.78,27,0,0.0,1565.4599999999998,1.0,48,0,0,1
2026-08-11,2026,8,2026-08,2026-08-01,11,Tuesday,0,ST002,Market_2,Moscow,PR004,Product_4,Beverages,28,1623.44,1227.52,395.9200000000001,28,0,0.0,1623.4399999999998,1.0,20,406,0,1
2026-08-12,2026,8,2026-08,2026-08-01,12,Wednesday,0,ST002,Market_2,Moscow,PR004,Product_4,Beverages,20,1159.6,876.8000000000001,282.79999999999984,28,8,463.84,1623.4399999999998,0.7142857142857143,0,0,1,0
2026-08-13,2026,8,2026-08,2026-08-01,13,Thursday,0,ST002,Market_2,Moscow,PR004,Product_4,Beverages,30,1739.4,1315.2,424.20000000000005,30,0,0.0,1739.3999999999999,1.0,376,0,0,1
2026-08-14,2026,8,2026-08,2026-08-01,14,Friday,0,ST002,Market_2,Moscow,PR004,Product_4,Beverages,32,1855.36,1402.88,452.4799999999998,32,0,0.0,1855.36,1.0,344,0,0,1
2026-08-15,2026,8,2026-08,2026-08-01,15,Saturday,1,ST002,Market_2,Moscow,PR004,Product_4,Beverages,43,2493.14,1885.1200000000001,608.0199999999998,43,0,0.0,2493.14,1.0,301,0,0,1
2026-08-16,2026,8,2026-08,2026-08-01,16,Sunday,1,ST002,Market_2,Moscow,PR004,Product_4,Beverages,39,2261.22,1709.7600000000002,551.4599999999996,39,0,0.0,2261.22,1.0,262,0,0,1
2026-08-17,2026,8,2026-08,2026-08-01,17,Monday,0,ST002,Market_2,Moscow,PR004,Product_4,Beverages,33,1913.34,1446.72,466.6199999999999,33,0,0.0,1913.34,1.0,229,0,0,1
2026-08-18,2026,8,2026-08,2026-08-01,18,Tuesday,0,ST002,Market_2,Moscow,PR004,Product_4,Beverages,31,1797.38,1359.0400000000002,438.3399999999999,31,0,0.0,1797.3799999999999,1.0,198,0,0,1
2026-08-19,2026,8,2026-08,2026-08-01,19,Wednesday,0,ST002,Market_2,Moscow,PR004,Product_4,Beverages,16,927.68,701.44,226.2399999999999,16,0,0.0,927.68,1.0,182,0,0,1
2026-08-20,2026,8,2026-08,2026-08-01,20,Thursday,0,ST002,Market_2,Moscow,PR004,Product_4,Beverages,31,1797.38,1359.0400000000002,438.3399999999999,31,0,0.0,1797.3799999999999,1.0,151,0,0,1
2026-08-21,2026,8,2026-08,2026-08-01,21,Friday,0,ST002,Market_2,Moscow,PR004,Product_4,Beverages,26,1507.48,1139.8400000000001,367.6399999999999,26,0,0.0,1507.48,1.0,125,0,0,1
2026-08-22,2026,8,2026-08,2026-08-01,22,Saturday,1,ST002,Market_2,Moscow,PR004,Product_4,Beverages,36,2087.28,1578.2400000000002,509.03999999999996,36,0,0.0,2087.2799999999997,1.0,89,0,0,1
2026-08-23,2026,8,2026-08,2026-08-01,23,Sunday,1,ST002,Market_2,Moscow,PR004,Product_4,Beverages,44,2551.12,1928.96,622.1599999999999,44,0,0.0,2551.12,1.0,45,0,0,1
2026-08-24,2026,8,2026-08,2026-08-01,24,Monday,0,ST002,Market_2,Moscow,PR004,Product_4,Beverages,24,1391.52,1052.16,339.3599999999999,24,0,0.0,1391.52,1.0,21,406,0,1
2026-08-25,2026,8,2026-08,2026-08-01,25,Tuesday,0,ST002,Market_2,Moscow,PR004,Product_4,Beverages,21,1217.58,920.6400000000001,296.9399999999998,30,9,521.8199999999999,1739.3999999999999,0.7,0,0,1,0
2026-08-26,2026,8,2026-08,2026-08-01,26,Wednesday,0,ST002,Market_2,Moscow,PR004,Product_4,Beverages,22,1275.56,964.48,311.0799999999999,22,0,0.0,1275.56,1.0,384,0,0,1
2026-08-27,2026,8,2026-08,2026-08-01,27,Thursday,0,ST002,Market_2,Moscow,PR004,Product_4,Beverages,34,1971.32,1490.5600000000002,480.75999999999976,34,0,0.0,1971.32,1.0,350,0,0,1
2026-08-28,2026,8,2026-08,2026-08-01,28,Friday,0,ST002,Market_2,Moscow,PR004,Product_4,Beverages,33,1913.34,1446.72,466.6199999999999,33,0,0.0,1913.34,1.0,317,0,0,1
2026-08-29,2026,8,2026-08,2026-08-01,29,Saturday,1,ST002,Market_2,Moscow,PR004,Product_4,Beverages,44,2551.12,1928.96,622.1599999999999,44,0,0.0,2551.12,1.0,273,0,0,1
2026-08-30,2026,8,2026-08,2026-08-01,30,Sunday,1,ST002,Market_2,Moscow,PR004,Product_4,Beverages,43,2493.14,1885.1200000000001,608.0199999999998,43,0,0.0,2493.14,1.0,230,0,0,1
2026-08-31,2026,8,2026-08,2026-08-01,31,Monday,0,ST002,Market_2,Moscow,PR004,Product_4,Beverages,31,1797.38,1359.0400000000002,438.3399999999999,31,0,0.0,1797.3799999999999,1.0,199,0,0,1
2026-09-01,2026,9,2026-09,2026-09-01,1,Tuesday,0,ST002,Market_2,Moscow,PR004,Product_4,Beverages,29,1681.42,1271.3600000000001,410.05999999999995,29,0,0.0,1681.4199999999998,1.0,170,0,0,1
2026-09-02,2026,9,2026-09,2026-09-01,2,Wednesday,0,ST002,Market_2,Moscow,PR004,Product_4,Beverages,25,1449.5,1096.0,353.5,25,0,0.0,1449.5,1.0,145,0,0,1
2026-09-03,2026,9,2026-09,2026-09-01,3,Thursday,0,ST002,Market_2,Moscow,PR004,Product_4,Beverages,32,1855.36,1402.88,452.4799999999998,32,0,0.0,1855.36,1.0,113,0,0,1
2026-09-04,2026,9,2026-09,2026-09-01,4,Friday,0,ST002,Market_2,Moscow,PR004,Product_4,Beverages,26,1507.48,1139.8400000000001,367.6399999999999,26,0,0.0,1507.48,1.0,87,0,0,1
2026-09-05,2026,9,2026-09,2026-09-01,5,Saturday,1,ST002,Market_2,Moscow,PR004,Product_4,Beverages,42,2435.16,1841.2800000000002,593.8799999999997,42,0,0.0,2435.16,1.0,45,406,0,1
2026-09-06,2026,9,2026-09,2026-09-01,6,Sunday,1,ST002,Market_2,Moscow,PR004,Product_4,Beverages,41,2377.18,1797.44,579.7399999999998,41,0,0.0,2377.18,1.0,4,0,0,1
2026-09-07,2026,9,2026-09,2026-09-01,7,Monday,0,ST002,Market_2,Moscow,PR004,Product_4,Beverages,30,1739.4,1315.2,424.20000000000005,30,0,0.0,1739.3999999999999,1.0,380,0,0,1
2026-06-10,2026,6,2026-06,2026-06-01,10,Wednesday,0,ST002,Market_2,Moscow,PR005,Product_5,Dairy,29,2525.9,1726.9499999999998,798.9500000000003,29,0,0.0,2525.8999999999996,1.0,223,0,0,1
2026-06-11,2026,6,2026-06,2026-06-01,11,Thursday,0,ST002,Market_2,Moscow,PR005,Product_5,Dairy,18,1567.8,1071.8999999999999,495.9000000000001,18,0,0.0,1567.8,1.0,205,0,0,1
2026-06-12,2026,6,2026-06,2026-06-01,12,Friday,0,ST002,Market_2,Moscow,PR005,Product_5,Dairy,18,1567.8,1071.8999999999999,495.9000000000001,18,0,0.0,1567.8,1.0,187,0,0,1
2026-06-13,2026,6,2026-06,2026-06-01,13,Saturday,1,ST002,Market_2,Moscow,PR005,Product_5,Dairy,29,2525.9,1726.9499999999998,798.9500000000003,29,0,0.0,2525.8999999999996,1.0,158,0,0,1
2026-06-14,2026,6,2026-06,2026-06-01,14,Sunday,1,ST002,Market_2,Moscow,PR005,Product_5,Dairy,22,1916.2,1310.1,606.1000000000001,22,0,0.0,1916.1999999999998,1.0,136,0,0,1
2026-06-15,2026,6,2026-06,2026-06-01,15,Monday,0,ST002,Market_2,Moscow,PR005,Product_5,Dairy,23,2003.3,1369.6499999999999,633.6500000000001,23,0,0.0,2003.3,1.0,113,0,0,1
2026-06-16,2026,6,2026-06,2026-06-01,16,Tuesday,0,ST002,Market_2,Moscow,PR005,Product_5,Dairy,24,2090.4,1429.1999999999998,661.2000000000003,24,0,0.0,2090.3999999999996,1.0,89,0,0,1
2026-06-17,2026,6,2026-06,2026-06-01,17,Wednesday,0,ST002,Market_2,Moscow,PR005,Product_5,Dairy,20,1742.0,1191.0,551.0,20,0,0.0,1742.0,1.0,69,0,0,1
2026-06-18,2026,6,2026-06,2026-06-01,18,Thursday,0,ST002,Market_2,Moscow,PR005,Product_5,Dairy,20,1742.0,1191.0,551.0,20,0,0.0,1742.0,1.0,49,0,0,1
2026-06-19,2026,6,2026-06,2026-06-01,19,Friday,0,ST002,Market_2,Moscow,PR005,Product_5,Dairy,21,1829.1,1250.55,578.55,21,0,0.0,1829.1,1.0,28,0,0,1
2026-06-20,2026,6,2026-06,2026-06-01,20,Saturday,1,ST002,Market_2,Moscow,PR005,Product_5,Dairy,23,2003.3,1369.6499999999999,633.6500000000001,23,0,0.0,2003.3,1.0,5,252,0,1
2026-06-21,2026,6,2026-06,2026-06-01,21,Sunday,1,ST002,Market_2,Moscow,PR005,Product_5,Dairy,5,435.5,297.75,137.75,29,24,2090.3999999999996,2525.8999999999996,0.1724137931034483,0,0,1,0
2026-06-22,2026,6,2026-06,2026-06-01,22,Monday,0,ST002,Market_2,Moscow,PR005,Product_5,Dairy,23,2003.3,1369.6499999999999,633.6500000000001,23,0,0.0,2003.3,1.0,229,0,0,1
2026-06-23,2026,6,2026-06,2026-06-01,23,Tuesday,0,ST002,Market_2,Moscow,PR005,Product_5,Dairy,16,1393.6,952.8,440.79999999999995,16,0,0.0,1393.6,1.0,213,0,0,1
2026-06-24,2026,6,2026-06,2026-06-01,24,Wednesday,0,ST002,Market_2,Moscow,PR005,Product_5,Dairy,17,1480.7,1012.3499999999999,468.35000000000014,17,0,0.0,1480.6999999999998,1.0,196,0,0,1
2026-06-25,2026,6,2026-06,2026-06-01,25,Thursday,0,ST002,Market_2,Moscow,PR005,Product_5,Dairy,28,2438.8,1667.3999999999999,771.4000000000003,28,0,0.0,2438.7999999999997,1.0,168,0,0,1
2026-06-26,2026,6,2026-06,2026-06-01,26,Friday,0,ST002,Market_2,Moscow,PR005,Product_5,Dairy,25,2177.5,1488.75,688.75,25,0,0.0,2177.5,1.0,143,0,0,1
2026-06-27,2026,6,2026-06,2026-06-01,27,Saturday,1,ST002,Market_2,Moscow,PR005,Product_5,Dairy,34,2961.4,2024.6999999999998,936.7000000000003,34,0,0.0,2961.3999999999996,1.0,109,0,0,1
2026-06-28,2026,6,2026-06,2026-06-01,28,Sunday,1,ST002,Market_2,Moscow,PR005,Product_5,Dairy,19,1654.9,1131.45,523.45,19,0,0.0,1654.8999999999999,1.0,90,0,0,1
2026-06-29,2026,6,2026-06,2026-06-01,29,Monday,0,ST002,Market_2,Moscow,PR005,Product_5,Dairy,17,1480.7,1012.3499999999999,468.35000000000014,17,0,0.0,1480.6999999999998,1.0,73,0,0,1
2026-06-30,2026,6,2026-06,2026-06-01,30,Tuesday,0,ST002,Market_2,Moscow,PR005,Product_5,Dairy,18,1567.8,1071.8999999999999,495.9000000000001,18,0,0.0,1567.8,1.0,55,0,0,1
2026-07-01,2026,7,2026-07,2026-07-01,1,Wednesday,0,ST002,Market_2,Moscow,PR005,Product_5,Dairy,13,1132.3,774.15,358.15,13,0,0.0,1132.3,1.0,42,0,0,1
2026-07-02,2026,7,2026-07,2026-07-01,2,Thursday,0,ST002,Market_2,Moscow,PR005,Product_5,Dairy,22,1916.2,1310.1,606.1000000000001,22,0,0.0,1916.1999999999998,1.0,20,252,0,1
2026-07-03,2026,7,2026-07,2026-07-01,3,Friday,0,ST002,Market_2,Moscow,PR005,Product_5,Dairy,14,1219.4,833.6999999999999,385.70000000000016,14,0,0.0,1219.3999999999999,1.0,6,0,0,1
2026-07-04,2026,7,2026-07,2026-07-01,4,Saturday,1,ST002,Market_2,Moscow,PR005,Product_5,Dairy,16,1393.6,952.8,440.79999999999995,16,0,0.0,1393.6,1.0,242,0,0,1
2026-07-05,2026,7,2026-07,2026-07-01,5,Sunday,1,ST002,Market_2,Moscow,PR005,Product_5,Dairy,19,1654.9,1131.45,523.45,19,0,0.0,1654.8999999999999,1.0,223,0,0,1
2026-07-06,2026,7,2026-07,2026-07-01,6,Monday,0,ST002,Market_2,Moscow,PR005,Product_5,Dairy,15,1306.5,893.25,413.25,15,0,0.0,1306.5,1.0,208,0,0,1
2026-07-07,2026,7,2026-07,2026-07-01,7,Tuesday,0,ST002,Market_2,Moscow,PR005,Product_5,Dairy,19,1654.9,1131.45,523.45,19,0,0.0,1654.8999999999999,1.0,189,0,0,1
2026-07-08,2026,7,2026-07,2026-07-01,8,Wednesday,0,ST002,Market_2,Moscow,PR005,Product_5,Dairy,21,1829.1,1250.55,578.55,21,0,0.0,1829.1,1.0,168,0,0,1
2026-07-09,2026,7,2026-07,2026-07-01,9,Thursday,0,ST002,Market_2,Moscow,PR005,Product_5,Dairy,20,1742.0,1191.0,551.0,20,0,0.0,1742.0,1.0,148,0,0,1
2026-07-10,2026,7,2026-07,2026-07-01,10,Friday,0,ST002,Market_2,Moscow,PR005,Product_5,Dairy,20,1742.0,1191.0,551.0,20,0,0.0,1742.0,1.0,128,0,0,1
2026-07-11,2026,7,2026-07,2026-07-01,11,Saturday,1,ST002,Market_2,Moscow,PR005,Product_5,Dairy,24,2090.4,1429.1999999999998,661.2000000000003,24,0,0.0,2090.3999999999996,1.0,104,0,0,1
2026-07-12,2026,7,2026-07,2026-07-01,12,Sunday,1,ST002,Market_2,Moscow,PR005,Product_5,Dairy,29,2525.9,1726.9499999999998,798.9500000000003,29,0,0.0,2525.8999999999996,1.0,75,0,0,1
2026-07-13,2026,7,2026-07,2026-07-01,13,Monday,0,ST002,Market_2,Moscow,PR005,Product_5,Dairy,14,1219.4,833.6999999999999,385.70000000000016,14,0,0.0,1219.3999999999999,1.0,61,0,0,1
2026-07-14,2026,7,2026-07,2026-07-01,14,Tuesday,0,ST002,Market_2,Moscow,PR005,Product_5,Dairy,11,958.1,655.05,303.05000000000007,11,0,0.0,958.0999999999999,1.0,50,0,0,1
2026-07-15,2026,7,2026-07,2026-07-01,15,Wednesday,0,ST002,Market_2,Moscow,PR005,Product_5,Dairy,21,1829.1,1250.55,578.55,21,0,0.0,1829.1,1.0,29,252,0,1
2026-07-16,2026,7,2026-07,2026-07-01,16,Thursday,0,ST002,Market_2,Moscow,PR005,Product_5,Dairy,20,1742.0,1191.0,551.0,20,0,0.0,1742.0,1.0,9,0,0,1
2026-07-17,2026,7,2026-07,2026-07-01,17,Friday,0,ST002,Market_2,Moscow,PR005,Product_5,Dairy,16,1393.6,952.8,440.79999999999995,16,0,0.0,1393.6,1.0,245,0,0,1
2026-07-18,2026,7,2026-07,2026-07-01,18,Saturday,1,ST002,Market_2,Moscow,PR005,Product_5,Dairy,29,2525.9,1726.9499999999998,798.9500000000003,29,0,0.0,2525.8999999999996,1.0,216,0,0,1
2026-07-19,2026,7,2026-07,2026-07-01,19,Sunday,1,ST002,Market_2,Moscow,PR005,Product_5,Dairy,28,2438.8,1667.3999999999999,771.4000000000003,28,0,0.0,2438.7999999999997,1.0,188,0,0,1
2026-07-20,2026,7,2026-07,2026-07-01,20,Monday,0,ST002,Market_2,Moscow,PR005,Product_5,Dairy,16,1393.6,952.8,440.79999999999995,16,0,0.0,1393.6,1.0,172,0,0,1
2026-07-21,2026,7,2026-07,2026-07-01,21,Tuesday,0,ST002,Market_2,Moscow,PR005,Product_5,Dairy,18,1567.8,1071.8999999999999,495.9000000000001,18,0,0.0,1567.8,1.0,154,0,0,1
2026-07-22,2026,7,2026-07,2026-07-01,22,Wednesday,0,ST002,Market_2,Moscow,PR005,Product_5,Dairy,18,1567.8,1071.8999999999999,495.9000000000001,18,0,0.0,1567.8,1.0,136,0,0,1
2026-07-23,2026,7,2026-07,2026-07-01,23,Thursday,0,ST002,Market_2,Moscow,PR005,Product_5,Dairy,25,2177.5,1488.75,688.75,25,0,0.0,2177.5,1.0,111,0,0,1
2026-07-24,2026,7,2026-07,2026-07-01,24,Friday,0,ST002,Market_2,Moscow,PR005,Product_5,Dairy,19,1654.9,1131.45,523.45,19,0,0.0,1654.8999999999999,1.0,92,0,0,1
2026-07-25,2026,7,2026-07,2026-07-01,25,Saturday,1,ST002,Market_2,Moscow,PR005,Product_5,Dairy,21,1829.1,1250.55,578.55,21,0,0.0,1829.1,1.0,71,0,0,1
2026-07-26,2026,7,2026-07,2026-07-01,26,Sunday,1,ST002,Market_2,Moscow,PR005,Product_5,Dairy,27,2351.7,1607.85,743.8499999999999,27,0,0.0,2351.7,1.0,44,0,0,1
2026-07-27,2026,7,2026-07,2026-07-01,27,Monday,0,ST002,Market_2,Moscow,PR005,Product_5,Dairy,13,1132.3,774.15,358.15,13,0,0.0,1132.3,1.0,31,0,0,1
2026-07-28,2026,7,2026-07,2026-07-01,28,Tuesday,0,ST002,Market_2,Moscow,PR005,Product_5,Dairy,15,1306.5,893.25,413.25,15,0,0.0,1306.5,1.0,16,252,0,1
2026-07-29,2026,7,2026-07,2026-07-01,29,Wednesday,0,ST002,Market_2,Moscow,PR005,Product_5,Dairy,16,1393.6,952.8,440.79999999999995,16,0,0.0,1393.6,1.0,0,0,1,0
2026-07-30,2026,7,2026-07,2026-07-01,30,Thursday,0,ST002,Market_2,Moscow,PR005,Product_5,Dairy,12,1045.2,714.5999999999999,330.60000000000014,12,0,0.0,1045.1999999999998,1.0,240,0,0,1
2026-07-31,2026,7,2026-07,2026-07-01,31,Friday,0,ST002,Market_2,Moscow,PR005,Product_5,Dairy,23,2003.3,1369.6499999999999,633.6500000000001,23,0,0.0,2003.3,1.0,217,0,0,1
2026-08-01,2026,8,2026-08,2026-08-01,1,Saturday,1,ST002,Market_2,Moscow,PR005,Product_5,Dairy,15,1306.5,893.25,413.25,15,0,0.0,1306.5,1.0,202,0,0,1
2026-08-02,2026,8,2026-08,2026-08-01,2,Sunday,1,ST002,Market_2,Moscow,PR005,Product_5,Dairy,24,2090.4,1429.1999999999998,661.2000000000003,24,0,0.0,2090.3999999999996,1.0,178,0,0,1
2026-08-03,2026,8,2026-08,2026-08-01,3,Monday,0,ST002,Market_2,Moscow,PR005,Product_5,Dairy,18,1567.8,1071.8999999999999,495.9000000000001,18,0,0.0,1567.8,1.0,160,0,0,1
2026-08-04,2026,8,2026-08,2026-08-01,4,Tuesday,0,ST002,Market_2,Moscow,PR005,Product_5,Dairy,26,2264.6,1548.3,716.3,26,0,0.0,2264.6,1.0,134,0,0,1
2026-08-05,2026,8,2026-08,2026-08-01,5,Wednesday,0,ST002,Market_2,Moscow,PR005,Product_5,Dairy,19,1654.9,1131.45,523.45,19,0,0.0,1654.8999999999999,1.0,115,0,0,1
2026-08-06,2026,8,2026-08,2026-08-01,6,Thursday,0,ST002,Market_2,Moscow,PR005,Product_5,Dairy,16,1393.6,952.8,440.79999999999995,16,0,0.0,1393.6,1.0,99,0,0,1
2026-08-07,2026,8,2026-08,2026-08-01,7,Friday,0,ST002,Market_2,Moscow,PR005,Product_5,Dairy,21,1829.1,1250.55,578.55,21,0,0.0,1829.1,1.0,78,0,0,1
2026-08-08,2026,8,2026-08,2026-08-01,8,Saturday,1,ST002,Market_2,Moscow,PR005,Product_5,Dairy,23,2003.3,1369.6499999999999,633.6500000000001,23,0,0.0,2003.3,1.0,55,0,0,1
2026-08-09,2026,8,2026-08,2026-08-01,9,Sunday,1,ST002,Market_2,Moscow,PR005,Product_5,Dairy,17,1480.7,1012.3499999999999,468.35000000000014,17,0,0.0,1480.6999999999998,1.0,38,0,0,1
2026-08-10,2026,8,2026-08,2026-08-01,10,Monday,0,ST002,Market_2,Moscow,PR005,Product_5,Dairy,17,1480.7,1012.3499999999999,468.35000000000014,17,0,0.0,1480.6999999999998,1.0,21,252,0,1
2026-08-11,2026,8,2026-08,2026-08-01,11,Tuesday,0,ST002,Market_2,Moscow,PR005,Product_5,Dairy,21,1829.1,1250.55,578.55,24,3,261.29999999999995,2090.3999999999996,0.875,0,0,1,0
2026-08-12,2026,8,2026-08,2026-08-01,12,Wednesday,0,ST002,Market_2,Moscow,PR005,Product_5,Dairy,17,1480.7,1012.3499999999999,468.35000000000014,17,0,0.0,1480.6999999999998,1.0,235,0,0,1
2026-08-13,2026,8,2026-08,2026-08-01,13,Thursday,0,ST002,Market_2,Moscow,PR005,Product_5,Dairy,20,1742.0,1191.0,551.0,20,0,0.0,1742.0,1.0,215,0,0,1
2026-08-14,2026,8,2026-08,2026-08-01,14,Friday,0,ST002,Market_2,Moscow,PR005,Product_5,Dairy,24,2090.4,1429.1999999999998,661.2000000000003,24,0,0.0,2090.3999999999996,1.0,191,0,0,1
2026-08-15,2026,8,2026-08,2026-08-01,15,Saturday,1,ST002,Market_2,Moscow,PR005,Product_5,Dairy,24,2090.4,1429.1999999999998,661.2000000000003,24,0,0.0,2090.3999999999996,1.0,167,0,0,1
2026-08-16,2026,8,2026-08,2026-08-01,16,Sunday,1,ST002,Market_2,Moscow,PR005,Product_5,Dairy,25,2177.5,1488.75,688.75,25,0,0.0,2177.5,1.0,142,0,0,1
2026-08-17,2026,8,2026-08,2026-08-01,17,Monday,0,ST002,Market_2,Moscow,PR005,Product_5,Dairy,19,1654.9,1131.45,523.45,19,0,0.0,1654.8999999999999,1.0,123,0,0,1
2026-08-18,2026,8,2026-08,2026-08-01,18,Tuesday,0,ST002,Market_2,Moscow,PR005,Product_5,Dairy,18,1567.8,1071.8999999999999,495.9000000000001,18,0,0.0,1567.8,1.0,105,0,0,1
2026-08-19,2026,8,2026-08,2026-08-01,19,Wednesday,0,ST002,Market_2,Moscow,PR005,Product_5,Dairy,15,1306.5,893.25,413.25,15,0,0.0,1306.5,1.0,90,0,0,1
2026-08-20,2026,8,2026-08,2026-08-01,20,Thursday,0,ST002,Market_2,Moscow,PR005,Product_5,Dairy,17,1480.7,1012.3499999999999,468.35000000000014,17,0,0.0,1480.6999999999998,1.0,73,0,0,1
2026-08-21,2026,8,2026-08,2026-08-01,21,Friday,0,ST002,Market_2,Moscow,PR005,Product_5,Dairy,14,1219.4,833.6999999999999,385.70000000000016,14,0,0.0,1219.3999999999999,1.0,59,0,0,1
2026-08-22,2026,8,2026-08,2026-08-01,22,Saturday,1,ST002,Market_2,Moscow,PR005,Product_5,Dairy,20,1742.0,1191.0,551.0,20,0,0.0,1742.0,1.0,39,252,0,1
2026-08-23,2026,8,2026-08,2026-08-01,23,Sunday,1,ST002,Market_2,Moscow,PR005,Product_5,Dairy,20,1742.0,1191.0,551.0,20,0,0.0,1742.0,1.0,19,0,0,1
2026-08-24,2026,8,2026-08,2026-08-01,24,Monday,0,ST002,Market_2,Moscow,PR005,Product_5,Dairy,20,1742.0,1191.0,551.0,20,0,0.0,1742.0,1.0,251,0,0,1
2026-08-25,2026,8,2026-08,2026-08-01,25,Tuesday,0,ST002,Market_2,Moscow,PR005,Product_5,Dairy,32,2787.2,1905.6,881.5999999999999,32,0,0.0,2787.2,1.0,219,0,0,1
2026-08-26,2026,8,2026-08,2026-08-01,26,Wednesday,0,ST002,Market_2,Moscow,PR005,Product_5,Dairy,16,1393.6,952.8,440.79999999999995,16,0,0.0,1393.6,1.0,203,0,0,1
2026-08-27,2026,8,2026-08,2026-08-01,27,Thursday,0,ST002,Market_2,Moscow,PR005,Product_5,Dairy,24,2090.4,1429.1999999999998,661.2000000000003,24,0,0.0,2090.3999999999996,1.0,179,0,0,1
2026-08-28,2026,8,2026-08,2026-08-01,28,Friday,0,ST002,Market_2,Moscow,PR005,Product_5,Dairy,18,1567.8,1071.8999999999999,495.9000000000001,18,0,0.0,1567.8,1.0,161,0,0,1
2026-08-29,2026,8,2026-08,2026-08-01,29,Saturday,1,ST002,Market_2,Moscow,PR005,Product_5,Dairy,23,2003.3,1369.6499999999999,633.6500000000001,23,0,0.0,2003.3,1.0,138,0,0,1
2026-08-30,2026,8,2026-08,2026-08-01,30,Sunday,1,ST002,Market_2,Moscow,PR005,Product_5,Dairy,13,1132.3,774.15,358.15,13,0,0.0,1132.3,1.0,125,0,0,1
2026-08-31,2026,8,2026-08,2026-08-01,31,Monday,0,ST002,Market_2,Moscow,PR005,Product_5,Dairy,17,1480.7,1012.3499999999999,468.35000000000014,17,0,0.0,1480.6999999999998,1.0,108,0,0,1
2026-09-01,2026,9,2026-09,2026-09-01,1,Tuesday,0,ST002,Market_2,Moscow,PR005,Product_5,Dairy,24,2090.4,1429.1999999999998,661.2000000000003,24,0,0.0,2090.3999999999996,1.0,84,0,0,1
2026-09-02,2026,9,2026-09,2026-09-01,2,Wednesday,0,ST002,Market_2,Moscow,PR005,Product_5,Dairy,23,2003.3,1369.6499999999999,633.6500000000001,23,0,0.0,2003.3,1.0,61,0,0,1
2026-09-03,2026,9,2026-09,2026-09-01,3,Thursday,0,ST002,Market_2,Moscow,PR005,Product_5,Dairy,17,1480.7,1012.3499999999999,468.35000000000014,17,0,0.0,1480.6999999999998,1.0,44,0,0,1
2026-09-04,2026,9,2026-09,2026-09-01,4,Friday,0,ST002,Market_2,Moscow,PR005,Product_5,Dairy,17,1480.7,1012.3499999999999,468.35000000000014,17,0,0.0,1480.6999999999998,1.0,27,252,0,1
2026-09-05,2026,9,2026-09,2026-09-01,5,Saturday,1,ST002,Market_2,Moscow,PR005,Product_5,Dairy,25,2177.5,1488.75,688.75,25,0,0.0,2177.5,1.0,2,0,0,1
2026-09-06,2026,9,2026-09,2026-09-01,6,Sunday,1,ST002,Market_2,Moscow,PR005,Product_5,Dairy,24,2090.4,1429.1999999999998,661.2000000000003,24,0,0.0,2090.3999999999996,1.0,230,0,0,1
2026-09-07,2026,9,2026-09,2026-09-01,7,Monday,0,ST002,Market_2,Moscow,PR005,Product_5,Dairy,23,2003.3,1369.6499999999999,633.6500000000001,23,0,0.0,2003.3,1.0,207,0,0,1
2026-06-10,2026,6,2026-06,2026-06-01,10,Wednesday,0,ST002,Market_2,Moscow,PR006,Product_6,Snacks,22,2900.26,1940.84,959.4200000000003,22,0,0.0,2900.26,1.0,286,0,0,1
2026-06-11,2026,6,2026-06,2026-06-01,11,Thursday,0,ST002,Market_2,Moscow,PR006,Product_6,Snacks,29,3823.07,2558.38,1264.69,29,0,0.0,3823.07,1.0,257,0,0,1
2026-06-12,2026,6,2026-06,2026-06-01,12,Friday,0,ST002,Market_2,Moscow,PR006,Product_6,Snacks,18,2372.94,1587.96,784.98,18,0,0.0,2372.94,1.0,239,0,0,1
2026-06-13,2026,6,2026-06,2026-06-01,13,Saturday,1,ST002,Market_2,Moscow,PR006,Product_6,Snacks,36,4745.88,3175.92,1569.96,36,0,0.0,4745.88,1.0,203,0,0,1
2026-06-14,2026,6,2026-06,2026-06-01,14,Sunday,1,ST002,Market_2,Moscow,PR006,Product_6,Snacks,36,4745.88,3175.92,1569.96,36,0,0.0,4745.88,1.0,167,0,0,1
2026-06-15,2026,6,2026-06,2026-06-01,15,Monday,0,ST002,Market_2,Moscow,PR006,Product_6,Snacks,22,2900.26,1940.84,959.4200000000003,22,0,0.0,2900.26,1.0,145,0,0,1
2026-06-16,2026,6,2026-06,2026-06-01,16,Tuesday,0,ST002,Market_2,Moscow,PR006,Product_6,Snacks,21,2768.43,1852.62,915.81,21,0,0.0,2768.4300000000003,1.0,124,0,0,1
2026-06-17,2026,6,2026-06,2026-06-01,17,Wednesday,0,ST002,Market_2,Moscow,PR006,Product_6,Snacks,11,1450.13,970.42,479.71000000000015,11,0,0.0,1450.13,1.0,113,0,0,1
2026-06-18,2026,6,2026-06,2026-06-01,18,Thursday,0,ST002,Market_2,Moscow,PR006,Product_6,Snacks,18,2372.94,1587.96,784.98,18,0,0.0,2372.94,1.0,95,0,0,1
2026-06-19,2026,6,2026-06,2026-06-01,19,Friday,0,ST002,Market_2,Moscow,PR006,Product_6,Snacks,15,1977.45,1323.3,654.1500000000001,15,0,0.0,1977.4500000000003,1.0,80,0,0,1
2026-06-20,2026,6,2026-06,2026-06-01,20,Saturday,1,ST002,Market_2,Moscow,PR006,Product_6,Snacks,29,3823.07,2558.38,1264.69,29,0,0.0,3823.07,1.0,51,308,0,1
2026-06-21,2026,6,2026-06,2026-06-01,21,Sunday,1,ST002,Market_2,Moscow,PR006,Product_6,Snacks,34,4482.22,2999.48,1482.7400000000002,34,0,0.0,4482.22,1.0,17,0,0,1
2026-06-22,2026,6,2026-06,2026-06-01,22,Monday,0,ST002,Market_2,Moscow,PR006,Product_6,Snacks,17,2241.11,1499.74,741.3700000000001,17,0,0.0,2241.11,1.0,308,0,0,1
2026-06-23,2026,6,2026-06,2026-06-01,23,Tuesday,0,ST002,Market_2,Moscow,PR006,Product_6,Snacks,26,3427.58,2293.72,1133.8600000000001,26,0,0.0,3427.5800000000004,1.0,282,0,0,1
2026-06-24,2026,6,2026-06,2026-06-01,24,Wednesday,0,ST002,Market_2,Moscow,PR006,Product_6,Snacks,20,2636.6,1764.4,872.1999999999998,20,0,0.0,2636.6000000000004,1.0,262,0,0,1
2026-06-25,2026,6,2026-06,2026-06-01,25,Thursday,0,ST002,Market_2,Moscow,PR006,Product_6,Snacks,15,1977.45,1323.3,654.1500000000001,15,0,0.0,1977.4500000000003,1.0,247,0,0,1
2026-06-26,2026,6,2026-06,2026-06-01,26,Friday,0,ST002,Market_2,Moscow,PR006,Product_6,Snacks,23,3032.09,2029.06,1003.0300000000002,23,0,0.0,3032.09,1.0,224,0,0,1
2026-06-27,2026,6,2026-06,2026-06-01,27,Saturday,1,ST002,Market_2,Moscow,PR006,Product_6,Snacks,30,3954.9,2646.6,1308.3000000000002,30,0,0.0,3954.9000000000005,1.0,194,0,0,1
2026-06-28,2026,6,2026-06,2026-06-01,28,Sunday,1,ST002,Market_2,Moscow,PR006,Product_6,Snacks,33,4350.39,2911.2599999999998,1439.1300000000006,33,0,0.0,4350.39,1.0,161,0,0,1
2026-06-29,2026,6,2026-06,2026-06-01,29,Monday,0,ST002,Market_2,Moscow,PR006,Product_6,Snacks,17,2241.11,1499.74,741.3700000000001,17,0,0.0,2241.11,1.0,144,0,0,1
2026-06-30,2026,6,2026-06,2026-06-01,30,Tuesday,0,ST002,Market_2,Moscow,PR006,Product_6,Snacks,16,2109.28,1411.52,697.7600000000002,16,0,0.0,2109.28,1.0,128,0,0,1
2026-07-01,2026,7,2026-07,2026-07-01,1,Wednesday,0,ST002,Market_2,Moscow,PR006,Product_6,Snacks,19,2504.77,1676.18,828.5899999999999,19,0,0.0,2504.7700000000004,1.0,109,0,0,1
2026-07-02,2026,7,2026-07,2026-07-01,2,Thursday,0,ST002,Market_2,Moscow,PR006,Product_6,Snacks,13,1713.79,1146.86,566.9300000000001,13,0,0.0,1713.7900000000002,1.0,96,0,0,1
2026-07-03,2026,7,2026-07,2026-07-01,3,Friday,0,ST002,Market_2,Moscow,PR006,Product_6,Snacks,22,2900.26,1940.84,959.4200000000003,22,0,0.0,2900.26,1.0,74,0,0,1
2026-07-04,2026,7,2026-07,2026-07-01,4,Saturday,1,ST002,Market_2,Moscow,PR006,Product_6,Snacks,37,4877.71,3264.14,1613.5700000000002,37,0,0.0,4877.71,1.0,37,308,0,1
2026-07-05,2026,7,2026-07,2026-07-01,5,Sunday,1,ST002,Market_2,Moscow,PR006,Product_6,Snacks,28,3691.24,2470.16,1221.08,28,0,0.0,3691.2400000000002,1.0,9,0,0,1
2026-07-06,2026,7,2026-07,2026-07-01,6,Monday,0,ST002,Market_2,Moscow,PR006,Product_6,Snacks,21,2768.43,1852.62,915.81,21,0,0.0,2768.4300000000003,1.0,296,0,0,1
2026-07-07,2026,7,2026-07,2026-07-01,7,Tuesday,0,ST002,Market_2,Moscow,PR006,Product_6,Snacks,24,3163.92,2117.2799999999997,1046.6400000000003,24,0,0.0,3163.92,1.0,272,0,0,1
2026-07-08,2026,7,2026-07,2026-07-01,8,Wednesday,0,ST002,Market_2,Moscow,PR006,Product_6,Snacks,29,3823.07,2558.38,1264.69,29,0,0.0,3823.07,1.0,243,0,0,1
2026-07-09,2026,7,2026-07,2026-07-01,9,Thursday,0,ST002,Market_2,Moscow,PR006,Product_6,Snacks,26,3427.58,2293.72,1133.8600000000001,26,0,0.0,3427.5800000000004,1.0,217,0,0,1
2026-07-10,2026,7,2026-07,2026-07-01,10,Friday,0,ST002,Market_2,Moscow,PR006,Product_6,Snacks,25,3295.75,2205.5,1090.25,25,0,0.0,3295.7500000000005,1.0,192,0,0,1
2026-07-11,2026,7,2026-07,2026-07-01,11,Saturday,1,ST002,Market_2,Moscow,PR006,Product_6,Snacks,26,3427.58,2293.72,1133.8600000000001,26,0,0.0,3427.5800000000004,1.0,166,0,0,1
2026-07-12,2026,7,2026-07,2026-07-01,12,Sunday,1,ST002,Market_2,Moscow,PR006,Product_6,Snacks,26,3427.58,2293.72,1133.8600000000001,26,0,0.0,3427.5800000000004,1.0,140,0,0,1
2026-07-13,2026,7,2026-07,2026-07-01,13,Monday,0,ST002,Market_2,Moscow,PR006,Product_6,Snacks,26,3427.58,2293.72,1133.8600000000001,26,0,0.0,3427.5800000000004,1.0,114,0,0,1
2026-07-14,2026,7,2026-07,2026-07-01,14,Tuesday,0,ST002,Market_2,Moscow,PR006,Product_6,Snacks,21,2768.43,1852.62,915.81,21,0,0.0,2768.4300000000003,1.0,93,0,0,1
2026-07-15,2026,7,2026-07,2026-07-01,15,Wednesday,0,ST002,Market_2,Moscow,PR006,Product_6,Snacks,27,3559.41,2381.94,1177.4699999999998,27,0,0.0,3559.4100000000003,1.0,66,0,0,1
2026-07-16,2026,7,2026-07,2026-07-01,16,Thursday,0,ST002,Market_2,Moscow,PR006,Product_6,Snacks,18,2372.94,1587.96,784.98,18,0,0.0,2372.94,1.0,48,0,0,1
2026-07-17,2026,7,2026-07,2026-07-01,17,Friday,0,ST002,Market_2,Moscow,PR006,Product_6,Snacks,19,2504.77,1676.18,828.5899999999999,19,0,0.0,2504.7700000000004,1.0,29,308,0,1
2026-07-18,2026,7,2026-07,2026-07-01,18,Saturday,1,ST002,Market_2,Moscow,PR006,Product_6,Snacks,27,3559.41,2381.94,1177.4699999999998,27,0,0.0,3559.4100000000003,1.0,2,0,0,1
2026-07-19,2026,7,2026-07,2026-07-01,19,Sunday,1,ST002,Market_2,Moscow,PR006,Product_6,Snacks,30,3954.9,2646.6,1308.3000000000002,30,0,0.0,3954.9000000000005,1.0,280,0,0,1
2026-07-20,2026,7,2026-07,2026-07-01,20,Monday,0,ST002,Market_2,Moscow,PR006,Product_6,Snacks,15,1977.45,1323.3,654.1500000000001,15,0,0.0,1977.4500000000003,1.0,265,0,0,1
2026-07-21,2026,7,2026-07,2026-07-01,21,Tuesday,0,ST002,Market_2,Moscow,PR006,Product_6,Snacks,25,3295.75,2205.5,1090.25,25,0,0.0,3295.7500000000005,1.0,240,0,0,1
2026-07-22,2026,7,2026-07,2026-07-01,22,Wednesday,0,ST002,Market_2,Moscow,PR006,Product_6,Snacks,30,3954.9,2646.6,1308.3000000000002,30,0,0.0,3954.9000000000005,1.0,210,0,0,1
2026-07-23,2026,7,2026-07,2026-07-01,23,Thursday,0,ST002,Market_2,Moscow,PR006,Product_6,Snacks,20,2636.6,1764.4,872.1999999999998,20,0,0.0,2636.6000000000004,1.0,190,0,0,1
2026-07-24,2026,7,2026-07,2026-07-01,24,Friday,0,ST002,Market_2,Moscow,PR006,Product_6,Snacks,18,2372.94,1587.96,784.98,18,0,0.0,2372.94,1.0,172,0,0,1
2026-07-25,2026,7,2026-07,2026-07-01,25,Saturday,1,ST002,Market_2,Moscow,PR006,Product_6,Snacks,30,3954.9,2646.6,1308.3000000000002,30,0,0.0,3954.9000000000005,1.0,142,0,0,1
2026-07-26,2026,7,2026-07,2026-07-01,26,Sunday,1,ST002,Market_2,Moscow,PR006,Product_6,Snacks,26,3427.58,2293.72,1133.8600000000001,26,0,0.0,3427.5800000000004,1.0,116,0,0,1
2026-07-27,2026,7,2026-07,2026-07-01,27,Monday,0,ST002,Market_2,Moscow,PR006,Product_6,Snacks,26,3427.58,2293.72,1133.8600000000001,26,0,0.0,3427.5800000000004,1.0,90,0,0,1
2026-07-28,2026,7,2026-07,2026-07-01,28,Tuesday,0,ST002,Market_2,Moscow,PR006,Product_6,Snacks,24,3163.92,2117.2799999999997,1046.6400000000003,24,0,0.0,3163.92,1.0,66,0,0,1
2026-07-29,2026,7,2026-07,2026-07-01,29,Wednesday,0,ST002,Market_2,Moscow,PR006,Product_6,Snacks,29,3823.07,2558.38,1264.69,29,0,0.0,3823.07,1.0,37,0,0,1
2026-07-30,2026,7,2026-07,2026-07-01,30,Thursday,0,ST002,Market_2,Moscow,PR006,Product_6,Snacks,27,3559.41,2381.94,1177.4699999999998,27,0,0.0,3559.4100000000003,1.0,10,308,0,1
2026-07-31,2026,7,2026-07,2026-07-01,31,Friday,0,ST002,Market_2,Moscow,PR006,Product_6,Snacks,10,1318.3,882.2,436.0999999999999,21,11,1450.13,2768.4300000000003,0.47619047619047616,0,0,1,0
2026-08-01,2026,8,2026-08,2026-08-01,1,Saturday,1,ST002,Market_2,Moscow,PR006,Product_6,Snacks,29,3823.07,2558.38,1264.69,29,0,0.0,3823.07,1.0,279,0,0,1
2026-08-02,2026,8,2026-08,2026-08-01,2,Sunday,1,ST002,Market_2,Moscow,PR006,Product_6,Snacks,26,3427.58,2293.72,1133.8600000000001,26,0,0.0,3427.5800000000004,1.0,253,0,0,1
2026-08-03,2026,8,2026-08,2026-08-01,3,Monday,0,ST002,Market_2,Moscow,PR006,Product_6,Snacks,27,3559.41,2381.94,1177.4699999999998,27,0,0.0,3559.4100000000003,1.0,226,0,0,1
2026-08-04,2026,8,2026-08,2026-08-01,4,Tuesday,0,ST002,Market_2,Moscow,PR006,Product_6,Snacks,24,3163.92,2117.2799999999997,1046.6400000000003,24,0,0.0,3163.92,1.0,202,0,0,1
2026-08-05,2026,8,2026-08,2026-08-01,5,Wednesday,0,ST002,Market_2,Moscow,PR006,Product_6,Snacks,15,1977.45,1323.3,654.1500000000001,15,0,0.0,1977.4500000000003,1.0,187,0,0,1
2026-08-06,2026,8,2026-08,2026-08-01,6,Thursday,0,ST002,Market_2,Moscow,PR006,Product_6,Snacks,15,1977.45,1323.3,654.1500000000001,15,0,0.0,1977.4500000000003,1.0,172,0,0,1
2026-08-07,2026,8,2026-08,2026-08-01,7,Friday,0,ST002,Market_2,Moscow,PR006,Product_6,Snacks,28,3691.24,2470.16,1221.08,28,0,0.0,3691.2400000000002,1.0,144,0,0,1
2026-08-08,2026,8,2026-08,2026-08-01,8,Saturday,1,ST002,Market_2,Moscow,PR006,Product_6,Snacks,27,3559.41,2381.94,1177.4699999999998,27,0,0.0,3559.4100000000003,1.0,117,0,0,1
2026-08-09,2026,8,2026-08,2026-08-01,9,Sunday,1,ST002,Market_2,Moscow,PR006,Product_6,Snacks,34,4482.22,2999.48,1482.7400000000002,34,0,0.0,4482.22,1.0,83,0,0,1
2026-08-10,2026,8,2026-08,2026-08-01,10,Monday,0,ST002,Market_2,Moscow,PR006,Product_6,Snacks,15,1977.45,1323.3,654.1500000000001,15,0,0.0,1977.4500000000003,1.0,68,0,0,1
2026-08-11,2026,8,2026-08,2026-08-01,11,Tuesday,0,ST002,Market_2,Moscow,PR006,Product_6,Snacks,16,2109.28,1411.52,697.7600000000002,16,0,0.0,2109.28,1.0,52,0,0,1
2026-08-12,2026,8,2026-08,2026-08-01,12,Wednesday,0,ST002,Market_2,Moscow,PR006,Product_6,Snacks,25,3295.75,2205.5,1090.25,25,0,0.0,3295.7500000000005,1.0,27,308,0,1
2026-08-13,2026,8,2026-08,2026-08-01,13,Thursday,0,ST002,Market_2,Moscow,PR006,Product_6,Snacks,20,2636.6,1764.4,872.1999999999998,20,0,0.0,2636.6000000000004,1.0,7,0,0,1
2026-08-14,2026,8,2026-08,2026-08-01,14,Friday,0,ST002,Market_2,Moscow,PR006,Product_6,Snacks,18,2372.94,1587.96,784.98,18,0,0.0,2372.94,1.0,297,0,0,1
2026-08-15,2026,8,2026-08,2026-08-01,15,Saturday,1,ST002,Market_2,Moscow,PR006,Product_6,Snacks,32,4218.56,2823.04,1395.5200000000004,32,0,0.0,4218.56,1.0,265,0,0,1
2026-08-16,2026,8,2026-08,2026-08-01,16,Sunday,1,ST002,Market_2,Moscow,PR006,Product_6,Snacks,27,3559.41,2381.94,1177.4699999999998,27,0,0.0,3559.4100000000003,1.0,238,0,0,1
2026-08-17,2026,8,2026-08,2026-08-01,17,Monday,0,ST002,Market_2,Moscow,PR006,Product_6,Snacks,20,2636.6,1764.4,872.1999999999998,20,0,0.0,2636.6000000000004,1.0,218,0,0,1
2026-08-18,2026,8,2026-08,2026-08-01,18,Tuesday,0,ST002,Market_2,Moscow,PR006,Product_6,Snacks,23,3032.09,2029.06,1003.0300000000002,23,0,0.0,3032.09,1.0,195,0,0,1
2026-08-19,2026,8,2026-08,2026-08-01,19,Wednesday,0,ST002,Market_2,Moscow,PR006,Product_6,Snacks,21,2768.43,1852.62,915.81,21,0,0.0,2768.4300000000003,1.0,174,0,0,1
2026-08-20,2026,8,2026-08,2026-08-01,20,Thursday,0,ST002,Market_2,Moscow,PR006,Product_6,Snacks,18,2372.94,1587.96,784.98,18,0,0.0,2372.94,1.0,156,0,0,1
2026-08-21,2026,8,2026-08,2026-08-01,21,Friday,0,ST002,Market_2,Moscow,PR006,Product_6,Snacks,23,3032.09,2029.06,1003.0300000000002,23,0,0.0,3032.09,1.0,133,0,0,1
2026-08-22,2026,8,2026-08,2026-08-01,22,Saturday,1,ST002,Market_2,Moscow,PR006,Product_6,Snacks,31,4086.73,2734.82,1351.9099999999999,31,0,0.0,4086.7300000000005,1.0,102,0,0,1
2026-08-23,2026,8,2026-08,2026-08-01,23,Sunday,1,ST002,Market_2,Moscow,PR006,Product_6,Snacks,24,3163.92,2117.2799999999997,1046.6400000000003,24,0,0.0,3163.92,1.0,78,0,0,1
2026-08-24,2026,8,2026-08,2026-08-01,24,Monday,0,ST002,Market_2,Moscow,PR006,Product_6,Snacks,15,1977.45,1323.3,654.1500000000001,15,0,0.0,1977.4500000000003,1.0,63,0,0,1
2026-08-25,2026,8,2026-08,2026-08-01,25,Tuesday,0,ST002,Market_2,Moscow,PR006,Product_6,Snacks,25,3295.75,2205.5,1090.25,25,0,0.0,3295.7500000000005,1.0,38,0,0,1
2026-08-26,2026,8,2026-08,2026-08-01,26,Wednesday,0,ST002,Market_2,Moscow,PR006,Product_6,Snacks,21,2768.43,1852.62,915.81,21,0,0.0,2768.4300000000003,1.0,17,308,0,1
2026-08-27,2026,8,2026-08,2026-08-01,27,Thursday,0,ST002,Market_2,Moscow,PR006,Product_6,Snacks,17,2241.11,1499.74,741.3700000000001,29,12,1581.96,3823.07,0.5862068965517241,0,0,1,0
2026-08-28,2026,8,2026-08,2026-08-01,28,Friday,0,ST002,Market_2,Moscow,PR006,Product_6,Snacks,17,2241.11,1499.74,741.3700000000001,17,0,0.0,2241.11,1.0,291,0,0,1
2026-08-29,2026,8,2026-08,2026-08-01,29,Saturday,1,ST002,Market_2,Moscow,PR006,Product_6,Snacks,32,4218.56,2823.04,1395.5200000000004,32,0,0.0,4218.56,1.0,259,0,0,1
2026-08-30,2026,8,2026-08,2026-08-01,30,Sunday,1,ST002,Market_2,Moscow,PR006,Product_6,Snacks,32,4218.56,2823.04,1395.5200000000004,32,0,0.0,4218.56,1.0,227,0,0,1
2026-08-31,2026,8,2026-08,2026-08-01,31,Monday,0,ST002,Market_2,Moscow,PR006,Product_6,Snacks,22,2900.26,1940.84,959.4200000000003,22,0,0.0,2900.26,1.0,205,0,0,1
2026-09-01,2026,9,2026-09,2026-09-01,1,Tuesday,0,ST002,Market_2,Moscow,PR006,Product_6,Snacks,26,3427.58,2293.72,1133.8600000000001,26,0,0.0,3427.5800000000004,1.0,179,0,0,1
2026-09-02,2026,9,2026-09,2026-09-01,2,Wednesday,0,ST002,Market_2,Moscow,PR006,Product_6,Snacks,24,3163.92,2117.2799999999997,1046.6400000000003,24,0,0.0,3163.92,1.0,155,0,0,1
2026-09-03,2026,9,2026-09,2026-09-01,3,Thursday,0,ST002,Market_2,Moscow,PR006,Product_6,Snacks,19,2504.77,1676.18,828.5899999999999,19,0,0.0,2504.7700000000004,1.0,136,0,0,1
2026-09-04,2026,9,2026-09,2026-09-01,4,Friday,0,ST002,Market_2,Moscow,PR006,Product_6,Snacks,18,2372.94,1587.96,784.98,18,0,0.0,2372.94,1.0,118,0,0,1
2026-09-05,2026,9,2026-09,2026-09-01,5,Saturday,1,ST002,Market_2,Moscow,PR006,Product_6,Snacks,31,4086.73,2734.82,1351.9099999999999,31,0,0.0,4086.7300000000005,1.0,87,0,0,1
2026-09-06,2026,9,2026-09,2026-09-01,6,Sunday,1,ST002,Market_2,Moscow,PR006,Product_6,Snacks,33,4350.39,2911.2599999999998,1439.1300000000006,33,0,0.0,4350.39,1.0,54,0,0,1
2026-09-07,2026,9,2026-09,2026-09-01,7,Monday,0,ST002,Market_2,Moscow,PR006,Product_6,Snacks,24,3163.92,2117.2799999999997,1046.6400000000003,24,0,0.0,3163.92,1.0,30,0,0,1
2026-06-10,2026,6,2026-06,2026-06-01,10,Wednesday,0,ST002,Market_2,Moscow,PR007,Product_7,Dairy,10,1093.3,761.5,331.79999999999995,10,0,0.0,1093.3,1.0,172,0,0,1
2026-06-11,2026,6,2026-06,2026-06-01,11,Thursday,0,ST002,Market_2,Moscow,PR007,Product_7,Dairy,12,1311.96,913.8000000000001,398.15999999999997,12,0,0.0,1311.96,1.0,160,0,0,1
2026-06-12,2026,6,2026-06,2026-06-01,12,Friday,0,ST002,Market_2,Moscow,PR007,Product_7,Dairy,6,655.98,456.90000000000003,199.07999999999998,6,0,0.0,655.98,1.0,154,0,0,1
2026-06-13,2026,6,2026-06,2026-06-01,13,Saturday,1,ST002,Market_2,Moscow,PR007,Product_7,Dairy,15,1639.95,1142.25,497.70000000000005,15,0,0.0,1639.95,1.0,139,0,0,1
2026-06-14,2026,6,2026-06,2026-06-01,14,Sunday,1,ST002,Market_2,Moscow,PR007,Product_7,Dairy,21,2295.93,1599.15,696.7799999999997,21,0,0.0,2295.93,1.0,118,0,0,1
2026-06-15,2026,6,2026-06,2026-06-01,15,Monday,0,ST002,Market_2,Moscow,PR007,Product_7,Dairy,12,1311.96,913.8000000000001,398.15999999999997,12,0,0.0,1311.96,1.0,106,0,0,1
2026-06-16,2026,6,2026-06,2026-06-01,16,Tuesday,0,ST002,Market_2,Moscow,PR007,Product_7,Dairy,19,2077.27,1446.8500000000001,630.4199999999998,19,0,0.0,2077.27,1.0,87,0,0,1
2026-06-17,2026,6,2026-06,2026-06-01,17,Wednesday,0,ST002,Market_2,Moscow,PR007,Product_7,Dairy,10,1093.3,761.5,331.79999999999995,10,0,0.0,1093.3,1.0,77,0,0,1
2026-06-18,2026,6,2026-06,2026-06-01,18,Thursday,0,ST002,Market_2,Moscow,PR007,Product_7,Dairy,17,1858.61,1294.5500000000002,564.0599999999997,17,0,0.0,1858.61,1.0,60,0,0,1
2026-06-19,2026,6,2026-06,2026-06-01,19,Friday,0,ST002,Market_2,Moscow,PR007,Product_7,Dairy,20,2186.6,1523.0,663.5999999999999,20,0,0.0,2186.6,1.0,40,0,0,1
2026-06-20,2026,6,2026-06,2026-06-01,20,Saturday,1,ST002,Market_2,Moscow,PR007,Product_7,Dairy,14,1530.62,1066.1000000000001,464.51999999999975,14,0,0.0,1530.62,1.0,26,0,0,1
2026-06-21,2026,6,2026-06,2026-06-01,21,Sunday,1,ST002,Market_2,Moscow,PR007,Product_7,Dairy,17,1858.61,1294.5500000000002,564.0599999999997,17,0,0.0,1858.61,1.0,9,182,0,1
2026-06-22,2026,6,2026-06,2026-06-01,22,Monday,0,ST002,Market_2,Moscow,PR007,Product_7,Dairy,8,874.64,609.2,265.43999999999994,8,0,0.0,874.64,1.0,1,0,0,1
2026-06-23,2026,6,2026-06,2026-06-01,23,Tuesday,0,ST002,Market_2,Moscow,PR007,Product_7,Dairy,13,1421.29,989.95,431.3399999999999,13,0,0.0,1421.29,1.0,170,0,0,1
2026-06-24,2026,6,2026-06,2026-06-01,24,Wednesday,0,ST002,Market_2,Moscow,PR007,Product_7,Dairy,11,1202.63,837.6500000000001,364.98,11,0,0.0,1202.6299999999999,1.0,159,0,0,1
2026-06-25,2026,6,2026-06,2026-06-01,25,Thursday,0,ST002,Market_2,Moscow,PR007,Product_7,Dairy,15,1639.95,1142.25,497.70000000000005,15,0,0.0,1639.95,1.0,144,0,0,1
2026-06-26,2026,6,2026-06,2026-06-01,26,Friday,0,ST002,Market_2,Moscow,PR007,Product_7,Dairy,17,1858.61,1294.5500000000002,564.0599999999997,17,0,0.0,1858.61,1.0,127,0,0,1
2026-06-27,2026,6,2026-06,2026-06-01,27,Saturday,1,ST002,Market_2,Moscow,PR007,Product_7,Dairy,15,1639.95,1142.25,497.70000000000005,15,0,0.0,1639.95,1.0,112,0,0,1
2026-06-28,2026,6,2026-06,2026-06-01,28,Sunday,1,ST002,Market_2,Moscow,PR007,Product_7,Dairy,15,1639.95,1142.25,497.70000000000005,15,0,0.0,1639.95,1.0,97,0,0,1
2026-06-29,2026,6,2026-06,2026-06-01,29,Monday,0,ST002,Market_2,Moscow,PR007,Product_7,Dairy,16,1749.28,1218.4,530.8799999999999,16,0,0.0,1749.28,1.0,81,0,0,1
2026-06-30,2026,6,2026-06,2026-06-01,30,Tuesday,0,ST002,Market_2,Moscow,PR007,Product_7,Dairy,7,765.31,533.0500000000001,232.25999999999988,7,0,0.0,765.31,1.0,74,0,0,1
2026-07-01,2026,7,2026-07,2026-07-01,1,Wednesday,0,ST002,Market_2,Moscow,PR007,Product_7,Dairy,9,983.97,685.35,298.62,9,0,0.0,983.97,1.0,65,0,0,1
2026-07-02,2026,7,2026-07,2026-07-01,2,Thursday,0,ST002,Market_2,Moscow,PR007,Product_7,Dairy,9,983.97,685.35,298.62,9,0,0.0,983.97,1.0,56,0,0,1
2026-07-03,2026,7,2026-07,2026-07-01,3,Friday,0,ST002,Market_2,Moscow,PR007,Product_7,Dairy,20,2186.6,1523.0,663.5999999999999,20,0,0.0,2186.6,1.0,36,0,0,1
2026-07-04,2026,7,2026-07,2026-07-01,4,Saturday,1,ST002,Market_2,Moscow,PR007,Product_7,Dairy,16,1749.28,1218.4,530.8799999999999,16,0,0.0,1749.28,1.0,20,182,0,1
2026-07-05,2026,7,2026-07,2026-07-01,5,Sunday,1,ST002,Market_2,Moscow,PR007,Product_7,Dairy,17,1858.61,1294.5500000000002,564.0599999999997,17,0,0.0,1858.61,1.0,3,0,0,1
2026-07-06,2026,7,2026-07,2026-07-01,6,Monday,0,ST002,Market_2,Moscow,PR007,Product_7,Dairy,9,983.97,685.35,298.62,9,0,0.0,983.97,1.0,176,0,0,1
2026-07-07,2026,7,2026-07,2026-07-01,7,Tuesday,0,ST002,Market_2,Moscow,PR007,Product_7,Dairy,11,1202.63,837.6500000000001,364.98,11,0,0.0,1202.6299999999999,1.0,165,0,0,1
2026-07-08,2026,7,2026-07,2026-07-01,8,Wednesday,0,ST002,Market_2,Moscow,PR007,Product_7,Dairy,11,1202.63,837.6500000000001,364.98,11,0,0.0,1202.6299999999999,1.0,154,0,0,1
2026-07-09,2026,7,2026-07,2026-07-01,9,Thursday,0,ST002,Market_2,Moscow,PR007,Product_7,Dairy,6,655.98,456.90000000000003,199.07999999999998,6,0,0.0,655.98,1.0,148,0,0,1
2026-07-10,2026,7,2026-07,2026-07-01,10,Friday,0,ST002,Market_2,Moscow,PR007,Product_7,Dairy,12,1311.96,913.8000000000001,398.15999999999997,12,0,0.0,1311.96,1.0,136,0,0,1
2026-07-11,2026,7,2026-07,2026-07-01,11,Saturday,1,ST002,Market_2,Moscow,PR007,Product_7,Dairy,17,1858.61,1294.5500000000002,564.0599999999997,17,0,0.0,1858.61,1.0,119,0,0,1
2026-07-12,2026,7,2026-07,2026-07-01,12,Sunday,1,ST002,Market_2,Moscow,PR007,Product_7,Dairy,15,1639.95,1142.25,497.70000000000005,15,0,0.0,1639.95,1.0,104,0,0,1
2026-07-13,2026,7,2026-07,2026-07-01,13,Monday,0,ST002,Market_2,Moscow,PR007,Product_7,Dairy,6,655.98,456.90000000000003,199.07999999999998,6,0,0.0,655.98,1.0,98,0,0,1
2026-07-14,2026,7,2026-07,2026-07-01,14,Tuesday,0,ST002,Market_2,Moscow,PR007,Product_7,Dairy,9,983.97,685.35,298.62,9,0,0.0,983.97,1.0,89,0,0,1
2026-07-15,2026,7,2026-07,2026-07-01,15,Wednesday,0,ST002,Market_2,Moscow,PR007,Product_7,Dairy,16,1749.28,1218.4,530.8799999999999,16,0,0.0,1749.28,1.0,73,0,0,1
2026-07-16,2026,7,2026-07,2026-07-01,16,Thursday,0,ST002,Market_2,Moscow,PR007,Product_7,Dairy,14,1530.62,1066.1000000000001,464.51999999999975,14,0,0.0,1530.62,1.0,59,0,0,1
2026-07-17,2026,7,2026-07,2026-07-01,17,Friday,0,ST002,Market_2,Moscow,PR007,Product_7,Dairy,13,1421.29,989.95,431.3399999999999,13,0,0.0,1421.29,1.0,46,0,0,1
2026-07-18,2026,7,2026-07,2026-07-01,18,Saturday,1,ST002,Market_2,Moscow,PR007,Product_7,Dairy,16,1749.28,1218.4,530.8799999999999,16,0,0.0,1749.28,1.0,30,0,0,1
2026-07-19,2026,7,2026-07,2026-07-01,19,Sunday,1,ST002,Market_2,Moscow,PR007,Product_7,Dairy,14,1530.62,1066.1000000000001,464.51999999999975,14,0,0.0,1530.62,1.0,16,182,0,1
2026-07-20,2026,7,2026-07,2026-07-01,20,Monday,0,ST002,Market_2,Moscow,PR007,Product_7,Dairy,16,1749.28,1218.4,530.8799999999999,18,2,218.66,1967.94,0.8888888888888888,0,0,1,0
2026-07-21,2026,7,2026-07,2026-07-01,21,Tuesday,0,ST002,Market_2,Moscow,PR007,Product_7,Dairy,13,1421.29,989.95,431.3399999999999,13,0,0.0,1421.29,1.0,169,0,0,1
2026-07-22,2026,7,2026-07,2026-07-01,22,Wednesday,0,ST002,Market_2,Moscow,PR007,Product_7,Dairy,8,874.64,609.2,265.43999999999994,8,0,0.0,874.64,1.0,161,0,0,1
2026-07-23,2026,7,2026-07,2026-07-01,23,Thursday,0,ST002,Market_2,Moscow,PR007,Product_7,Dairy,13,1421.29,989.95,431.3399999999999,13,0,0.0,1421.29,1.0,148,0,0,1
2026-07-24,2026,7,2026-07,2026-07-01,24,Friday,0,ST002,Market_2,Moscow,PR007,Product_7,Dairy,12,1311.96,913.8000000000001,398.15999999999997,12,0,0.0,1311.96,1.0,136,0,0,1
2026-07-25,2026,7,2026-07,2026-07-01,25,Saturday,1,ST002,Market_2,Moscow,PR007,Product_7,Dairy,19,2077.27,1446.8500000000001,630.4199999999998,19,0,0.0,2077.27,1.0,117,0,0,1
2026-07-26,2026,7,2026-07,2026-07-01,26,Sunday,1,ST002,Market_2,Moscow,PR007,Product_7,Dairy,19,2077.27,1446.8500000000001,630.4199999999998,19,0,0.0,2077.27,1.0,98,0,0,1
2026-07-27,2026,7,2026-07,2026-07-01,27,Monday,0,ST002,Market_2,Moscow,PR007,Product_7,Dairy,16,1749.28,1218.4,530.8799999999999,16,0,0.0,1749.28,1.0,82,0,0,1
2026-07-28,2026,7,2026-07,2026-07-01,28,Tuesday,0,ST002,Market_2,Moscow,PR007,Product_7,Dairy,9,983.97,685.35,298.62,9,0,0.0,983.97,1.0,73,0,0,1
2026-07-29,2026,7,2026-07,2026-07-01,29,Wednesday,0,ST002,Market_2,Moscow,PR007,Product_7,Dairy,15,1639.95,1142.25,497.70000000000005,15,0,0.0,1639.95,1.0,58,0,0,1
2026-07-30,2026,7,2026-07,2026-07-01,30,Thursday,0,ST002,Market_2,Moscow,PR007,Product_7,Dairy,12,1311.96,913.8000000000001,398.15999999999997,12,0,0.0,1311.96,1.0,46,0,0,1
2026-07-31,2026,7,2026-07,2026-07-01,31,Friday,0,ST002,Market_2,Moscow,PR007,Product_7,Dairy,15,1639.95,1142.25,497.70000000000005,15,0,0.0,1639.95,1.0,31,0,0,1
2026-08-01,2026,8,2026-08,2026-08-01,1,Saturday,1,ST002,Market_2,Moscow,PR007,Product_7,Dairy,19,2077.27,1446.8500000000001,630.4199999999998,19,0,0.0,2077.27,1.0,12,182,0,1
2026-08-02,2026,8,2026-08,2026-08-01,2,Sunday,1,ST002,Market_2,Moscow,PR007,Product_7,Dairy,12,1311.96,913.8000000000001,398.15999999999997,34,22,2405.2599999999998,3717.22,0.35294117647058826,0,0,1,0
2026-08-03,2026,8,2026-08,2026-08-01,3,Monday,0,ST002,Market_2,Moscow,PR007,Product_7,Dairy,14,1530.62,1066.1000000000001,464.51999999999975,14,0,0.0,1530.62,1.0,168,0,0,1
2026-08-04,2026,8,2026-08,2026-08-01,4,Tuesday,0,ST002,Market_2,Moscow,PR007,Product_7,Dairy,18,1967.94,1370.7,597.24,18,0,0.0,1967.94,1.0,150,0,0,1
2026-08-05,2026,8,2026-08,2026-08-01,5,Wednesday,0,ST002,Market_2,Moscow,PR007,Product_7,Dairy,16,1749.28,1218.4,530.8799999999999,16,0,0.0,1749.28,1.0,134,0,0,1
2026-08-06,2026,8,2026-08,2026-08-01,6,Thursday,0,ST002,Market_2,Moscow,PR007,Product_7,Dairy,9,983.97,685.35,298.62,9,0,0.0,983.97,1.0,125,0,0,1
2026-08-07,2026,8,2026-08,2026-08-01,7,Friday,0,ST002,Market_2,Moscow,PR007,Product_7,Dairy,11,1202.63,837.6500000000001,364.98,11,0,0.0,1202.6299999999999,1.0,114,0,0,1
2026-08-08,2026,8,2026-08,2026-08-01,8,Saturday,1,ST002,Market_2,Moscow,PR007,Product_7,Dairy,21,2295.93,1599.15,696.7799999999997,21,0,0.0,2295.93,1.0,93,0,0,1
2026-08-09,2026,8,2026-08,2026-08-01,9,Sunday,1,ST002,Market_2,Moscow,PR007,Product_7,Dairy,12,1311.96,913.8000000000001,398.15999999999997,12,0,0.0,1311.96,1.0,81,0,0,1
2026-08-10,2026,8,2026-08,2026-08-01,10,Monday,0,ST002,Market_2,Moscow,PR007,Product_7,Dairy,14,1530.62,1066.1000000000001,464.51999999999975,14,0,0.0,1530.62,1.0,67,0,0,1
2026-08-11,2026,8,2026-08,2026-08-01,11,Tuesday,0,ST002,Market_2,Moscow,PR007,Product_7,Dairy,16,1749.28,1218.4,530.8799999999999,16,0,0.0,1749.28,1.0,51,0,0,1
2026-08-12,2026,8,2026-08,2026-08-01,12,Wednesday,0,ST002,Market_2,Moscow,PR007,Product_7,Dairy,12,1311.96,913.8000000000001,398.15999999999997,12,0,0.0,1311.96,1.0,39,0,0,1
2026-08-13,2026,8,2026-08,2026-08-01,13,Thursday,0,ST002,Market_2,Moscow,PR007,Product_7,Dairy,11,1202.63,837.6500000000001,364.98,11,0,0.0,1202.6299999999999,1.0,28,0,0,1
2026-08-14,2026,8,2026-08,2026-08-01,14,Friday,0,ST002,Market_2,Moscow,PR007,Product_7,Dairy,17,1858.61,1294.5500000000002,564.0599999999997,17,0,0.0,1858.61,1.0,11,182,0,1
2026-08-15,2026,8,2026-08,2026-08-01,15,Saturday,1,ST002,Market_2,Moscow,PR007,Product_7,Dairy,11,1202.63,837.6500000000001,364.98,21,10,1093.3,2295.93,0.5238095238095238,0,0,1,0
2026-08-16,2026,8,2026-08,2026-08-01,16,Sunday,1,ST002,Market_2,Moscow,PR007,Product_7,Dairy,14,1530.62,1066.1000000000001,464.51999999999975,14,0,0.0,1530.62,1.0,168,0,0,1
2026-08-17,2026,8,2026-08,2026-08-01,17,Monday,0,ST002,Market_2,Moscow,PR007,Product_7,Dairy,17,1858.61,1294.5500000000002,564.0599999999997,17,0,0.0,1858.61,1.0,151,0,0,1
2026-08-18,2026,8,2026-08,2026-08-01,18,Tuesday,0,ST002,Market_2,Moscow,PR007,Product_7,Dairy,15,1639.95,1142.25,497.70000000000005,15,0,0.0,1639.95,1.0,136,0,0,1
2026-08-19,2026,8,2026-08,2026-08-01,19,Wednesday,0,ST002,Market_2,Moscow,PR007,Product_7,Dairy,10,1093.3,761.5,331.79999999999995,10,0,0.0,1093.3,1.0,126,0,0,1
2026-08-20,2026,8,2026-08,2026-08-01,20,Thursday,0,ST002,Market_2,Moscow,PR007,Product_7,Dairy,10,1093.3,761.5,331.79999999999995,10,0,0.0,1093.3,1.0,116,0,0,1
2026-08-21,2026,8,2026-08,2026-08-01,21,Friday,0,ST002,Market_2,Moscow,PR007,Product_7,Dairy,9,983.97,685.35,298.62,9,0,0.0,983.97,1.0,107,0,0,1
2026-08-22,2026,8,2026-08,2026-08-01,22,Saturday,1,ST002,Market_2,Moscow,PR007,Product_7,Dairy,16,1749.28,1218.4,530.8799999999999,16,0,0.0,1749.28,1.0,91,0,0,1
2026-08-23,2026,8,2026-08,2026-08-01,23,Sunday,1,ST002,Market_2,Moscow,PR007,Product_7,Dairy,18,1967.94,1370.7,597.24,18,0,0.0,1967.94,1.0,73,0,0,1
2026-08-24,2026,8,2026-08,2026-08-01,24,Monday,0,ST002,Market_2,Moscow,PR007,Product_7,Dairy,10,1093.3,761.5,331.79999999999995,10,0,0.0,1093.3,1.0,63,0,0,1
2026-08-25,2026,8,2026-08,2026-08-01,25,Tuesday,0,ST002,Market_2,Moscow,PR007,Product_7,Dairy,14,1530.62,1066.1000000000001,464.51999999999975,14,0,0.0,1530.62,1.0,49,0,0,1
2026-08-26,2026,8,2026-08,2026-08-01,26,Wednesday,0,ST002,Market_2,Moscow,PR007,Product_7,Dairy,11,1202.63,837.6500000000001,364.98,11,0,0.0,1202.6299999999999,1.0,38,0,0,1
2026-08-27,2026,8,2026-08,2026-08-01,27,Thursday,0,ST002,Market_2,Moscow,PR007,Product_7,Dairy,13,1421.29,989.95,431.3399999999999,13,0,0.0,1421.29,1.0,25,182,0,1
2026-08-28,2026,8,2026-08,2026-08-01,28,Friday,0,ST002,Market_2,Moscow,PR007,Product_7,Dairy,15,1639.95,1142.25,497.70000000000005,15,0,0.0,1639.95,1.0,10,0,0,1
2026-08-29,2026,8,2026-08,2026-08-01,29,Saturday,1,ST002,Market_2,Moscow,PR007,Product_7,Dairy,17,1858.61,1294.5500000000002,564.0599999999997,17,0,0.0,1858.61,1.0,175,0,0,1
2026-08-30,2026,8,2026-08,2026-08-01,30,Sunday,1,ST002,Market_2,Moscow,PR007,Product_7,Dairy,23,2514.59,1751.45,763.1400000000001,23,0,0.0,2514.59,1.0,152,0,0,1
2026-08-31,2026,8,2026-08,2026-08-01,31,Monday,0,ST002,Market_2,Moscow,PR007,Product_7,Dairy,13,1421.29,989.95,431.3399999999999,13,0,0.0,1421.29,1.0,139,0,0,1
2026-09-01,2026,9,2026-09,2026-09-01,1,Tuesday,0,ST002,Market_2,Moscow,PR007,Product_7,Dairy,14,1530.62,1066.1000000000001,464.51999999999975,14,0,0.0,1530.62,1.0,125,0,0,1
2026-09-02,2026,9,2026-09,2026-09-01,2,Wednesday,0,ST002,Market_2,Moscow,PR007,Product_7,Dairy,12,1311.96,913.8000000000001,398.15999999999997,12,0,0.0,1311.96,1.0,113,0,0,1
2026-09-03,2026,9,2026-09,2026-09-01,3,Thursday,0,ST002,Market_2,Moscow,PR007,Product_7,Dairy,13,1421.29,989.95,431.3399999999999,13,0,0.0,1421.29,1.0,100,0,0,1
2026-09-04,2026,9,2026-09,2026-09-01,4,Friday,0,ST002,Market_2,Moscow,PR007,Product_7,Dairy,14,1530.62,1066.1000000000001,464.51999999999975,14,0,0.0,1530.62,1.0,86,0,0,1
2026-09-05,2026,9,2026-09,2026-09-01,5,Saturday,1,ST002,Market_2,Moscow,PR007,Product_7,Dairy,20,2186.6,1523.0,663.5999999999999,20,0,0.0,2186.6,1.0,66,0,0,1
2026-09-06,2026,9,2026-09,2026-09-01,6,Sunday,1,ST002,Market_2,Moscow,PR007,Product_7,Dairy,19,2077.27,1446.8500000000001,630.4199999999998,19,0,0.0,2077.27,1.0,47,0,0,1
2026-09-07,2026,9,2026-09,2026-09-01,7,Monday,0,ST002,Market_2,Moscow,PR007,Product_7,Dairy,11,1202.63,837.6500000000001,364.98,11,0,0.0,1202.6299999999999,1.0,36,0,0,1
2026-06-10,2026,6,2026-06,2026-06-01,10,Wednesday,0,ST002,Market_2,Moscow,PR008,Product_8,Dairy,25,2479.75,1446.5,1033.25,25,0,0.0,2479.75,1.0,325,0,0,1
2026-06-11,2026,6,2026-06,2026-06-01,11,Thursday,0,ST002,Market_2,Moscow,PR008,Product_8,Dairy,19,1884.61,1099.34,785.27,19,0,0.0,1884.61,1.0,306,0,0,1
2026-06-12,2026,6,2026-06,2026-06-01,12,Friday,0,ST002,Market_2,Moscow,PR008,Product_8,Dairy,18,1785.42,1041.48,743.94,18,0,0.0,1785.42,1.0,288,0,0,1
2026-06-13,2026,6,2026-06,2026-06-01,13,Saturday,1,ST002,Market_2,Moscow,PR008,Product_8,Dairy,34,3372.46,1967.24,1405.22,34,0,0.0,3372.46,1.0,254,0,0,1
2026-06-14,2026,6,2026-06,2026-06-01,14,Sunday,1,ST002,Market_2,Moscow,PR008,Product_8,Dairy,40,3967.6,2314.4,1653.1999999999998,40,0,0.0,3967.6,1.0,214,0,0,1
2026-06-15,2026,6,2026-06,2026-06-01,15,Monday,0,ST002,Market_2,Moscow,PR008,Product_8,Dairy,30,2975.7,1735.8,1239.8999999999999,30,0,0.0,2975.7,1.0,184,0,0,1
2026-06-16,2026,6,2026-06,2026-06-01,16,Tuesday,0,ST002,Market_2,Moscow,PR008,Product_8,Dairy,18,1785.42,1041.48,743.94,18,0,0.0,1785.42,1.0,166,0,0,1
2026-06-17,2026,6,2026-06,2026-06-01,17,Wednesday,0,ST002,Market_2,Moscow,PR008,Product_8,Dairy,24,2380.56,1388.6399999999999,991.9200000000001,24,0,0.0,2380.56,1.0,142,0,0,1
2026-06-18,2026,6,2026-06,2026-06-01,18,Thursday,0,ST002,Market_2,Moscow,PR008,Product_8,Dairy,29,2876.51,1677.94,1198.5700000000002,29,0,0.0,2876.5099999999998,1.0,113,0,0,1
2026-06-19,2026,6,2026-06,2026-06-01,19,Friday,0,ST002,Market_2,Moscow,PR008,Product_8,Dairy,23,2281.37,1330.78,950.5899999999999,23,0,0.0,2281.37,1.0,90,0,0,1
2026-06-20,2026,6,2026-06,2026-06-01,20,Saturday,1,ST002,Market_2,Moscow,PR008,Product_8,Dairy,30,2975.7,1735.8,1239.8999999999999,30,0,0.0,2975.7,1.0,60,0,0,1
2026-06-21,2026,6,2026-06,2026-06-01,21,Sunday,1,ST002,Market_2,Moscow,PR008,Product_8,Dairy,34,3372.46,1967.24,1405.22,34,0,0.0,3372.46,1.0,26,350,0,1
2026-06-22,2026,6,2026-06,2026-06-01,22,Monday,0,ST002,Market_2,Moscow,PR008,Product_8,Dairy,19,1884.61,1099.34,785.27,19,0,0.0,1884.61,1.0,7,0,0,1
2026-06-23,2026,6,2026-06,2026-06-01,23,Tuesday,0,ST002,Market_2,Moscow,PR008,Product_8,Dairy,31,3074.89,1793.66,1281.2299999999998,31,0,0.0,3074.89,1.0,326,0,0,1
2026-06-24,2026,6,2026-06,2026-06-01,24,Wednesday,0,ST002,Market_2,Moscow,PR008,Product_8,Dairy,22,2182.18,1272.92,909.2599999999998,22,0,0.0,2182.18,1.0,304,0,0,1
2026-06-25,2026,6,2026-06,2026-06-01,25,Thursday,0,ST002,Market_2,Moscow,PR008,Product_8,Dairy,17,1686.23,983.62,702.61,17,0,0.0,1686.23,1.0,287,0,0,1
2026-06-26,2026,6,2026-06,2026-06-01,26,Friday,0,ST002,Market_2,Moscow,PR008,Product_8,Dairy,28,2777.32,1620.08,1157.2400000000002,28,0,0.0,2777.3199999999997,1.0,259,0,0,1
2026-06-27,2026,6,2026-06,2026-06-01,27,Saturday,1,ST002,Market_2,Moscow,PR008,Product_8,Dairy,39,3868.41,2256.54,1611.87,39,0,0.0,3868.41,1.0,220,0,0,1
2026-06-28,2026,6,2026-06,2026-06-01,28,Sunday,1,ST002,Market_2,Moscow,PR008,Product_8,Dairy,34,3372.46,1967.24,1405.22,34,0,0.0,3372.46,1.0,186,0,0,1
2026-06-29,2026,6,2026-06,2026-06-01,29,Monday,0,ST002,Market_2,Moscow,PR008,Product_8,Dairy,37,3670.03,2140.82,1529.21,37,0,0.0,3670.0299999999997,1.0,149,0,0,1
2026-06-30,2026,6,2026-06,2026-06-01,30,Tuesday,0,ST002,Market_2,Moscow,PR008,Product_8,Dairy,34,3372.46,1967.24,1405.22,34,0,0.0,3372.46,1.0,115,0,0,1
2026-07-01,2026,7,2026-07,2026-07-01,1,Wednesday,0,ST002,Market_2,Moscow,PR008,Product_8,Dairy,25,2479.75,1446.5,1033.25,25,0,0.0,2479.75,1.0,90,0,0,1
2026-07-02,2026,7,2026-07,2026-07-01,2,Thursday,0,ST002,Market_2,Moscow,PR008,Product_8,Dairy,20,1983.8,1157.2,826.5999999999999,20,0,0.0,1983.8,1.0,70,0,0,1
2026-07-03,2026,7,2026-07,2026-07-01,3,Friday,0,ST002,Market_2,Moscow,PR008,Product_8,Dairy,21,2082.99,1215.06,867.9299999999998,21,0,0.0,2082.99,1.0,49,0,0,1
2026-07-04,2026,7,2026-07,2026-07-01,4,Saturday,1,ST002,Market_2,Moscow,PR008,Product_8,Dairy,33,3273.27,1909.3799999999999,1363.89,33,0,0.0,3273.27,1.0,16,350,0,1
2026-07-05,2026,7,2026-07,2026-07-01,5,Sunday,1,ST002,Market_2,Moscow,PR008,Product_8,Dairy,16,1587.04,925.76,661.28,34,18,1785.42,3372.46,0.47058823529411764,0,0,1,0
2026-07-06,2026,7,2026-07,2026-07-01,6,Monday,0,ST002,Market_2,Moscow,PR008,Product_8,Dairy,26,2578.94,1504.36,1074.5800000000002,26,0,0.0,2578.94,1.0,324,0,0,1
2026-07-07,2026,7,2026-07,2026-07-01,7,Tuesday,0,ST002,Market_2,Moscow,PR008,Product_8,Dairy,19,1884.61,1099.34,785.27,19,0,0.0,1884.61,1.0,305,0,0,1
2026-07-08,2026,7,2026-07,2026-07-01,8,Wednesday,0,ST002,Market_2,Moscow,PR008,Product_8,Dairy,21,2082.99,1215.06,867.9299999999998,21,0,0.0,2082.99,1.0,284,0,0,1
2026-07-09,2026,7,2026-07,2026-07-01,9,Thursday,0,ST002,Market_2,Moscow,PR008,Product_8,Dairy,22,2182.18,1272.92,909.2599999999998,22,0,0.0,2182.18,1.0,262,0,0,1
2026-07-10,2026,7,2026-07,2026-07-01,10,Friday,0,ST002,Market_2,Moscow,PR008,Product_8,Dairy,18,1785.42,1041.48,743.94,18,0,0.0,1785.42,1.0,244,0,0,1
2026-07-11,2026,7,2026-07,2026-07-01,11,Saturday,1,ST002,Market_2,Moscow,PR008,Product_8,Dairy,36,3570.84,2082.96,1487.88,36,0,0.0,3570.84,1.0,208,0,0,1
2026-07-12,2026,7,2026-07,2026-07-01,12,Sunday,1,ST002,Market_2,Moscow,PR008,Product_8,Dairy,30,2975.7,1735.8,1239.8999999999999,30,0,0.0,2975.7,1.0,178,0,0,1
2026-07-13,2026,7,2026-07,2026-07-01,13,Monday,0,ST002,Market_2,Moscow,PR008,Product_8,Dairy,24,2380.56,1388.6399999999999,991.9200000000001,24,0,0.0,2380.56,1.0,154,0,0,1
2026-07-14,2026,7,2026-07,2026-07-01,14,Tuesday,0,ST002,Market_2,Moscow,PR008,Product_8,Dairy,20,1983.8,1157.2,826.5999999999999,20,0,0.0,1983.8,1.0,134,0,0,1
2026-07-15,2026,7,2026-07,2026-07-01,15,Wednesday,0,ST002,Market_2,Moscow,PR008,Product_8,Dairy,24,2380.56,1388.6399999999999,991.9200000000001,24,0,0.0,2380.56,1.0,110,0,0,1
2026-07-16,2026,7,2026-07,2026-07-01,16,Thursday,0,ST002,Market_2,Moscow,PR008,Product_8,Dairy,28,2777.32,1620.08,1157.2400000000002,28,0,0.0,2777.3199999999997,1.0,82,0,0,1
2026-07-17,2026,7,2026-07,2026-07-01,17,Friday,0,ST002,Market_2,Moscow,PR008,Product_8,Dairy,31,3074.89,1793.66,1281.2299999999998,31,0,0.0,3074.89,1.0,51,350,0,1
2026-07-18,2026,7,2026-07,2026-07-01,18,Saturday,1,ST002,Market_2,Moscow,PR008,Product_8,Dairy,40,3967.6,2314.4,1653.1999999999998,40,0,0.0,3967.6,1.0,11,0,0,1
2026-07-19,2026,7,2026-07,2026-07-01,19,Sunday,1,ST002,Market_2,Moscow,PR008,Product_8,Dairy,27,2678.13,1562.22,1115.91,27,0,0.0,2678.13,1.0,334,0,0,1
2026-07-20,2026,7,2026-07,2026-07-01,20,Monday,0,ST002,Market_2,Moscow,PR008,Product_8,Dairy,24,2380.56,1388.6399999999999,991.9200000000001,24,0,0.0,2380.56,1.0,310,0,0,1
2026-07-21,2026,7,2026-07,2026-07-01,21,Tuesday,0,ST002,Market_2,Moscow,PR008,Product_8,Dairy,19,1884.61,1099.34,785.27,19,0,0.0,1884.61,1.0,291,0,0,1
2026-07-22,2026,7,2026-07,2026-07-01,22,Wednesday,0,ST002,Market_2,Moscow,PR008,Product_8,Dairy,23,2281.37,1330.78,950.5899999999999,23,0,0.0,2281.37,1.0,268,0,0,1
2026-07-23,2026,7,2026-07,2026-07-01,23,Thursday,0,ST002,Market_2,Moscow,PR008,Product_8,Dairy,33,3273.27,1909.3799999999999,1363.89,33,0,0.0,3273.27,1.0,235,0,0,1
2026-07-24,2026,7,2026-07,2026-07-01,24,Friday,0,ST002,Market_2,Moscow,PR008,Product_8,Dairy,21,2082.99,1215.06,867.9299999999998,21,0,0.0,2082.99,1.0,214,0,0,1
2026-07-25,2026,7,2026-07,2026-07-01,25,Saturday,1,ST002,Market_2,Moscow,PR008,Product_8,Dairy,35,3471.65,2025.1,1446.5500000000002,35,0,0.0,3471.65,1.0,179,0,0,1
2026-07-26,2026,7,2026-07,2026-07-01,26,Sunday,1,ST002,Market_2,Moscow,PR008,Product_8,Dairy,31,3074.89,1793.66,1281.2299999999998,31,0,0.0,3074.89,1.0,148,0,0,1
2026-07-27,2026,7,2026-07,2026-07-01,27,Monday,0,ST002,Market_2,Moscow,PR008,Product_8,Dairy,28,2777.32,1620.08,1157.2400000000002,28,0,0.0,2777.3199999999997,1.0,120,0,0,1
2026-07-28,2026,7,2026-07,2026-07-01,28,Tuesday,0,ST002,Market_2,Moscow,PR008,Product_8,Dairy,27,2678.13,1562.22,1115.91,27,0,0.0,2678.13,1.0,93,0,0,1
2026-07-29,2026,7,2026-07,2026-07-01,29,Wednesday,0,ST002,Market_2,Moscow,PR008,Product_8,Dairy,37,3670.03,2140.82,1529.21,37,0,0.0,3670.0299999999997,1.0,56,0,0,1
2026-07-30,2026,7,2026-07,2026-07-01,30,Thursday,0,ST002,Market_2,Moscow,PR008,Product_8,Dairy,34,3372.46,1967.24,1405.22,34,0,0.0,3372.46,1.0,22,350,0,1
2026-07-31,2026,7,2026-07,2026-07-01,31,Friday,0,ST002,Market_2,Moscow,PR008,Product_8,Dairy,22,2182.18,1272.92,909.2599999999998,29,7,694.3299999999999,2876.5099999999998,0.7586206896551724,0,0,1,0
2026-08-01,2026,8,2026-08,2026-08-01,1,Saturday,1,ST002,Market_2,Moscow,PR008,Product_8,Dairy,35,3471.65,2025.1,1446.5500000000002,35,0,0.0,3471.65,1.0,315,0,0,1
2026-08-02,2026,8,2026-08,2026-08-01,2,Sunday,1,ST002,Market_2,Moscow,PR008,Product_8,Dairy,29,2876.51,1677.94,1198.5700000000002,29,0,0.0,2876.5099999999998,1.0,286,0,0,1
2026-08-03,2026,8,2026-08,2026-08-01,3,Monday,0,ST002,Market_2,Moscow,PR008,Product_8,Dairy,18,1785.42,1041.48,743.94,18,0,0.0,1785.42,1.0,268,0,0,1
2026-08-04,2026,8,2026-08,2026-08-01,4,Tuesday,0,ST002,Market_2,Moscow,PR008,Product_8,Dairy,35,3471.65,2025.1,1446.5500000000002,35,0,0.0,3471.65,1.0,233,0,0,1
2026-08-05,2026,8,2026-08,2026-08-01,5,Wednesday,0,ST002,Market_2,Moscow,PR008,Product_8,Dairy,26,2578.94,1504.36,1074.5800000000002,26,0,0.0,2578.94,1.0,207,0,0,1
2026-08-06,2026,8,2026-08,2026-08-01,6,Thursday,0,ST002,Market_2,Moscow,PR008,Product_8,Dairy,22,2182.18,1272.92,909.2599999999998,22,0,0.0,2182.18,1.0,185,0,0,1
2026-08-07,2026,8,2026-08,2026-08-01,7,Friday,0,ST002,Market_2,Moscow,PR008,Product_8,Dairy,22,2182.18,1272.92,909.2599999999998,22,0,0.0,2182.18,1.0,163,0,0,1
2026-08-08,2026,8,2026-08,2026-08-01,8,Saturday,1,ST002,Market_2,Moscow,PR008,Product_8,Dairy,54,5356.26,3124.44,2231.82,54,0,0.0,5356.26,1.0,109,0,0,1
2026-08-09,2026,8,2026-08,2026-08-01,9,Sunday,1,ST002,Market_2,Moscow,PR008,Product_8,Dairy,39,3868.41,2256.54,1611.87,39,0,0.0,3868.41,1.0,70,0,0,1
2026-08-10,2026,8,2026-08,2026-08-01,10,Monday,0,ST002,Market_2,Moscow,PR008,Product_8,Dairy,26,2578.94,1504.36,1074.5800000000002,26,0,0.0,2578.94,1.0,44,0,0,1
2026-08-11,2026,8,2026-08,2026-08-01,11,Tuesday,0,ST002,Market_2,Moscow,PR008,Product_8,Dairy,22,2182.18,1272.92,909.2599999999998,22,0,0.0,2182.18,1.0,22,350,0,1
2026-08-12,2026,8,2026-08,2026-08-01,12,Wednesday,0,ST002,Market_2,Moscow,PR008,Product_8,Dairy,22,2182.18,1272.92,909.2599999999998,27,5,495.95,2678.13,0.8148148148148148,0,0,1,0
2026-08-13,2026,8,2026-08,2026-08-01,13,Thursday,0,ST002,Market_2,Moscow,PR008,Product_8,Dairy,28,2777.32,1620.08,1157.2400000000002,28,0,0.0,2777.3199999999997,1.0,322,0,0,1
2026-08-14,2026,8,2026-08,2026-08-01,14,Friday,0,ST002,Market_2,Moscow,PR008,Product_8,Dairy,34,3372.46,1967.24,1405.22,34,0,0.0,3372.46,1.0,288,0,0,1
2026-08-15,2026,8,2026-08,2026-08-01,15,Saturday,1,ST002,Market_2,Moscow,PR008,Product_8,Dairy,42,4165.98,2430.12,1735.8599999999997,42,0,0.0,4165.98,1.0,246,0,0,1
2026-08-16,2026,8,2026-08,2026-08-01,16,Sunday,1,ST002,Market_2,Moscow,PR008,Product_8,Dairy,34,3372.46,1967.24,1405.22,34,0,0.0,3372.46,1.0,212,0,0,1
2026-08-17,2026,8,2026-08,2026-08-01,17,Monday,0,ST002,Market_2,Moscow,PR008,Product_8,Dairy,24,2380.56,1388.6399999999999,991.9200000000001,24,0,0.0,2380.56,1.0,188,0,0,1
2026-08-18,2026,8,2026-08,2026-08-01,18,Tuesday,0,ST002,Market_2,Moscow,PR008,Product_8,Dairy,29,2876.51,1677.94,1198.5700000000002,29,0,0.0,2876.5099999999998,1.0,159,0,0,1
2026-08-19,2026,8,2026-08,2026-08-01,19,Wednesday,0,ST002,Market_2,Moscow,PR008,Product_8,Dairy,30,2975.7,1735.8,1239.8999999999999,30,0,0.0,2975.7,1.0,129,0,0,1
2026-08-20,2026,8,2026-08,2026-08-01,20,Thursday,0,ST002,Market_2,Moscow,PR008,Product_8,Dairy,22,2182.18,1272.92,909.2599999999998,22,0,0.0,2182.18,1.0,107,0,0,1
2026-08-21,2026,8,2026-08,2026-08-01,21,Friday,0,ST002,Market_2,Moscow,PR008,Product_8,Dairy,32,3174.08,1851.52,1322.56,32,0,0.0,3174.08,1.0,75,0,0,1
2026-08-22,2026,8,2026-08,2026-08-01,22,Saturday,1,ST002,Market_2,Moscow,PR008,Product_8,Dairy,43,4265.17,2487.98,1777.19,43,0,0.0,4265.17,1.0,32,0,0,1
2026-08-23,2026,8,2026-08,2026-08-01,23,Sunday,1,ST002,Market_2,Moscow,PR008,Product_8,Dairy,32,3174.08,1851.52,1322.56,38,6,595.14,3769.22,0.8421052631578947,0,350,1,0
2026-08-24,2026,8,2026-08,2026-08-01,24,Monday,0,ST002,Market_2,Moscow,PR008,Product_8,Dairy,0,0.0,0.0,0.0,27,27,2678.13,2678.13,0.0,0,0,1,0
2026-08-25,2026,8,2026-08,2026-08-01,25,Tuesday,0,ST002,Market_2,Moscow,PR008,Product_8,Dairy,25,2479.75,1446.5,1033.25,25,0,0.0,2479.75,1.0,325,0,0,1
2026-08-26,2026,8,2026-08,2026-08-01,26,Wednesday,0,ST002,Market_2,Moscow,PR008,Product_8,Dairy,23,2281.37,1330.78,950.5899999999999,23,0,0.0,2281.37,1.0,302,0,0,1
2026-08-27,2026,8,2026-08,2026-08-01,27,Thursday,0,ST002,Market_2,Moscow,PR008,Product_8,Dairy,17,1686.23,983.62,702.61,17,0,0.0,1686.23,1.0,285,0,0,1
2026-08-28,2026,8,2026-08,2026-08-01,28,Friday,0,ST002,Market_2,Moscow,PR008,Product_8,Dairy,24,2380.56,1388.6399999999999,991.9200000000001,24,0,0.0,2380.56,1.0,261,0,0,1
2026-08-29,2026,8,2026-08,2026-08-01,29,Saturday,1,ST002,Market_2,Moscow,PR008,Product_8,Dairy,38,3769.22,2198.68,1570.54,38,0,0.0,3769.22,1.0,223,0,0,1
2026-08-30,2026,8,2026-08,2026-08-01,30,Sunday,1,ST002,Market_2,Moscow,PR008,Product_8,Dairy,37,3670.03,2140.82,1529.21,37,0,0.0,3670.0299999999997,1.0,186,0,0,1
2026-08-31,2026,8,2026-08,2026-08-01,31,Monday,0,ST002,Market_2,Moscow,PR008,Product_8,Dairy,30,2975.7,1735.8,1239.8999999999999,30,0,0.0,2975.7,1.0,156,0,0,1
2026-09-01,2026,9,2026-09,2026-09-01,1,Tuesday,0,ST002,Market_2,Moscow,PR008,Product_8,Dairy,32,3174.08,1851.52,1322.56,32,0,0.0,3174.08,1.0,124,0,0,1
2026-09-02,2026,9,2026-09,2026-09-01,2,Wednesday,0,ST002,Market_2,Moscow,PR008,Product_8,Dairy,32,3174.08,1851.52,1322.56,32,0,0.0,3174.08,1.0,92,0,0,1
2026-09-03,2026,9,2026-09,2026-09-01,3,Thursday,0,ST002,Market_2,Moscow,PR008,Product_8,Dairy,26,2578.94,1504.36,1074.5800000000002,26,0,0.0,2578.94,1.0,66,0,0,1
2026-09-04,2026,9,2026-09,2026-09-01,4,Friday,0,ST002,Market_2,Moscow,PR008,Product_8,Dairy,33,3273.27,1909.3799999999999,1363.89,33,0,0.0,3273.27,1.0,33,0,0,1
2026-09-05,2026,9,2026-09,2026-09-01,5,Saturday,1,ST002,Market_2,Moscow,PR008,Product_8,Dairy,31,3074.89,1793.66,1281.2299999999998,31,0,0.0,3074.89,1.0,2,350,0,1
2026-09-06,2026,9,2026-09,2026-09-01,6,Sunday,1,ST002,Market_2,Moscow,PR008,Product_8,Dairy,2,198.38,115.72,82.66,33,31,3074.89,3273.27,0.06060606060606061,0,0,1,0
2026-09-07,2026,9,2026-09,2026-09-01,7,Monday,0,ST002,Market_2,Moscow,PR008,Product_8,Dairy,21,2082.99,1215.06,867.9299999999998,21,0,0.0,2082.99,1.0,329,0,0,1
2026-06-10,2026,6,2026-06,2026-06-01,10,Wednesday,0,ST002,Market_2,Moscow,PR009,Product_9,Dairy,4,588.64,398.16,190.47999999999996,4,0,0.0,588.64,1.0,80,0,0,1
2026-06-11,2026,6,2026-06,2026-06-01,11,Thursday,0,ST002,Market_2,Moscow,PR009,Product_9,Dairy,9,1324.44,895.86,428.58000000000004,9,0,0.0,1324.44,1.0,71,0,0,1
2026-06-12,2026,6,2026-06,2026-06-01,12,Friday,0,ST002,Market_2,Moscow,PR009,Product_9,Dairy,4,588.64,398.16,190.47999999999996,4,0,0.0,588.64,1.0,67,0,0,1
2026-06-13,2026,6,2026-06,2026-06-01,13,Saturday,1,ST002,Market_2,Moscow,PR009,Product_9,Dairy,11,1618.76,1094.94,523.8199999999999,11,0,0.0,1618.76,1.0,56,0,0,1
2026-06-14,2026,6,2026-06,2026-06-01,14,Sunday,1,ST002,Market_2,Moscow,PR009,Product_9,Dairy,10,1471.6,995.4000000000001,476.1999999999998,10,0,0.0,1471.6,1.0,46,0,0,1
2026-06-15,2026,6,2026-06,2026-06-01,15,Monday,0,ST002,Market_2,Moscow,PR009,Product_9,Dairy,1,147.16,99.54,47.61999999999999,1,0,0.0,147.16,1.0,45,0,0,1
2026-06-16,2026,6,2026-06,2026-06-01,16,Tuesday,0,ST002,Market_2,Moscow,PR009,Product_9,Dairy,4,588.64,398.16,190.47999999999996,4,0,0.0,588.64,1.0,41,0,0,1
2026-06-17,2026,6,2026-06,2026-06-01,17,Wednesday,0,ST002,Market_2,Moscow,PR009,Product_9,Dairy,7,1030.12,696.7800000000001,333.3399999999998,7,0,0.0,1030.12,1.0,34,0,0,1
2026-06-18,2026,6,2026-06,2026-06-01,18,Thursday,0,ST002,Market_2,Moscow,PR009,Product_9,Dairy,9,1324.44,895.86,428.58000000000004,9,0,0.0,1324.44,1.0,25,0,0,1
2026-06-19,2026,6,2026-06,2026-06-01,19,Friday,0,ST002,Market_2,Moscow,PR009,Product_9,Dairy,5,735.8,497.70000000000005,238.0999999999999,5,0,0.0,735.8,1.0,20,0,0,1
2026-06-20,2026,6,2026-06,2026-06-01,20,Saturday,1,ST002,Market_2,Moscow,PR009,Product_9,Dairy,7,1030.12,696.7800000000001,333.3399999999998,7,0,0.0,1030.12,1.0,13,0,0,1
2026-06-21,2026,6,2026-06,2026-06-01,21,Sunday,1,ST002,Market_2,Moscow,PR009,Product_9,Dairy,5,735.8,497.70000000000005,238.0999999999999,5,0,0.0,735.8,1.0,8,84,0,1
2026-06-22,2026,6,2026-06,2026-06-01,22,Monday,0,ST002,Market_2,Moscow,PR009,Product_9,Dairy,8,1177.28,796.32,380.9599999999999,8,0,0.0,1177.28,1.0,0,0,1,0
2026-06-23,2026,6,2026-06,2026-06-01,23,Tuesday,0,ST002,Market_2,Moscow,PR009,Product_9,Dairy,3,441.48,298.62,142.86,3,0,0.0,441.48,1.0,81,0,0,1
2026-06-24,2026,6,2026-06,2026-06-01,24,Wednesday,0,ST002,Market_2,Moscow,PR009,Product_9,Dairy,4,588.64,398.16,190.47999999999996,4,0,0.0,588.64,1.0,77,0,0,1
2026-06-25,2026,6,2026-06,2026-06-01,25,Thursday,0,ST002,Market_2,Moscow,PR009,Product_9,Dairy,6,882.96,597.24,285.72,6,0,0.0,882.96,1.0,71,0,0,1
2026-06-26,2026,6,2026-06,2026-06-01,26,Friday,0,ST002,Market_2,Moscow,PR009,Product_9,Dairy,5,735.8,497.70000000000005,238.0999999999999,5,0,0.0,735.8,1.0,66,0,0,1
2026-06-27,2026,6,2026-06,2026-06-01,27,Saturday,1,ST002,Market_2,Moscow,PR009,Product_9,Dairy,13,1913.08,1294.02,619.06,13,0,0.0,1913.08,1.0,53,0,0,1
2026-06-28,2026,6,2026-06,2026-06-01,28,Sunday,1,ST002,Market_2,Moscow,PR009,Product_9,Dairy,12,1765.92,1194.48,571.44,12,0,0.0,1765.92,1.0,41,0,0,1
2026-06-29,2026,6,2026-06,2026-06-01,29,Monday,0,ST002,Market_2,Moscow,PR009,Product_9,Dairy,7,1030.12,696.7800000000001,333.3399999999998,7,0,0.0,1030.12,1.0,34,0,0,1
2026-06-30,2026,6,2026-06,2026-06-01,30,Tuesday,0,ST002,Market_2,Moscow,PR009,Product_9,Dairy,5,735.8,497.70000000000005,238.0999999999999,5,0,0.0,735.8,1.0,29,0,0,1
2026-07-01,2026,7,2026-07,2026-07-01,1,Wednesday,0,ST002,Market_2,Moscow,PR009,Product_9,Dairy,4,588.64,398.16,190.47999999999996,4,0,0.0,588.64,1.0,25,0,0,1
2026-07-02,2026,7,2026-07,2026-07-01,2,Thursday,0,ST002,Market_2,Moscow,PR009,Product_9,Dairy,5,735.8,497.70000000000005,238.0999999999999,5,0,0.0,735.8,1.0,20,0,0,1
2026-07-03,2026,7,2026-07,2026-07-01,3,Friday,0,ST002,Market_2,Moscow,PR009,Product_9,Dairy,2,294.32,199.08,95.23999999999998,2,0,0.0,294.32,1.0,18,84,0,1
2026-07-04,2026,7,2026-07,2026-07-01,4,Saturday,1,ST002,Market_2,Moscow,PR009,Product_9,Dairy,7,1030.12,696.7800000000001,333.3399999999998,7,0,0.0,1030.12,1.0,11,0,0,1
2026-07-05,2026,7,2026-07,2026-07-01,5,Sunday,1,ST002,Market_2,Moscow,PR009,Product_9,Dairy,6,882.96,597.24,285.72,6,0,0.0,882.96,1.0,89,0,0,1
2026-07-06,2026,7,2026-07,2026-07-01,6,Monday,0,ST002,Market_2,Moscow,PR009,Product_9,Dairy,5,735.8,497.70000000000005,238.0999999999999,5,0,0.0,735.8,1.0,84,0,0,1
2026-07-07,2026,7,2026-07,2026-07-01,7,Tuesday,0,ST002,Market_2,Moscow,PR009,Product_9,Dairy,5,735.8,497.70000000000005,238.0999999999999,5,0,0.0,735.8,1.0,79,0,0,1
2026-07-08,2026,7,2026-07,2026-07-01,8,Wednesday,0,ST002,Market_2,Moscow,PR009,Product_9,Dairy,6,882.96,597.24,285.72,6,0,0.0,882.96,1.0,73,0,0,1
2026-07-09,2026,7,2026-07,2026-07-01,9,Thursday,0,ST002,Market_2,Moscow,PR009,Product_9,Dairy,8,1177.28,796.32,380.9599999999999,8,0,0.0,1177.28,1.0,65,0,0,1
2026-07-10,2026,7,2026-07,2026-07-01,10,Friday,0,ST002,Market_2,Moscow,PR009,Product_9,Dairy,4,588.64,398.16,190.47999999999996,4,0,0.0,588.64,1.0,61,0,0,1
2026-07-11,2026,7,2026-07,2026-07-01,11,Saturday,1,ST002,Market_2,Moscow,PR009,Product_9,Dairy,11,1618.76,1094.94,523.8199999999999,11,0,0.0,1618.76,1.0,50,0,0,1
2026-07-12,2026,7,2026-07,2026-07-01,12,Sunday,1,ST002,Market_2,Moscow,PR009,Product_9,Dairy,9,1324.44,895.86,428.58000000000004,9,0,0.0,1324.44,1.0,41,0,0,1
2026-07-13,2026,7,2026-07,2026-07-01,13,Monday,0,ST002,Market_2,Moscow,PR009,Product_9,Dairy,4,588.64,398.16,190.47999999999996,4,0,0.0,588.64,1.0,37,0,0,1
2026-07-14,2026,7,2026-07,2026-07-01,14,Tuesday,0,ST002,Market_2,Moscow,PR009,Product_9,Dairy,6,882.96,597.24,285.72,6,0,0.0,882.96,1.0,31,0,0,1
2026-07-15,2026,7,2026-07,2026-07-01,15,Wednesday,0,ST002,Market_2,Moscow,PR009,Product_9,Dairy,6,882.96,597.24,285.72,6,0,0.0,882.96,1.0,25,0,0,1
2026-07-16,2026,7,2026-07,2026-07-01,16,Thursday,0,ST002,Market_2,Moscow,PR009,Product_9,Dairy,6,882.96,597.24,285.72,6,0,0.0,882.96,1.0,19,0,0,1
2026-07-17,2026,7,2026-07,2026-07-01,17,Friday,0,ST002,Market_2,Moscow,PR009,Product_9,Dairy,7,1030.12,696.7800000000001,333.3399999999998,7,0,0.0,1030.12,1.0,12,0,0,1
2026-07-18,2026,7,2026-07,2026-07-01,18,Saturday,1,ST002,Market_2,Moscow,PR009,Product_9,Dairy,6,882.96,597.24,285.72,6,0,0.0,882.96,1.0,6,84,0,1
2026-07-19,2026,7,2026-07,2026-07-01,19,Sunday,1,ST002,Market_2,Moscow,PR009,Product_9,Dairy,6,882.96,597.24,285.72,9,3,441.48,1324.44,0.6666666666666666,0,0,1,0
2026-07-20,2026,7,2026-07,2026-07-01,20,Monday,0,ST002,Market_2,Moscow,PR009,Product_9,Dairy,3,441.48,298.62,142.86,3,0,0.0,441.48,1.0,81,0,0,1
2026-07-21,2026,7,2026-07,2026-07-01,21,Tuesday,0,ST002,Market_2,Moscow,PR009,Product_9,Dairy,4,588.64,398.16,190.47999999999996,4,0,0.0,588.64,1.0,77,0,0,1
2026-07-22,2026,7,2026-07,2026-07-01,22,Wednesday,0,ST002,Market_2,Moscow,PR009,Product_9,Dairy,3,441.48,298.62,142.86,3,0,0.0,441.48,1.0,74,0,0,1
2026-07-23,2026,7,2026-07,2026-07-01,23,Thursday,0,ST002,Market_2,Moscow,PR009,Product_9,Dairy,7,1030.12,696.7800000000001,333.3399999999998,7,0,0.0,1030.12,1.0,67,0,0,1
2026-07-24,2026,7,2026-07,2026-07-01,24,Friday,0,ST002,Market_2,Moscow,PR009,Product_9,Dairy,4,588.64,398.16,190.47999999999996,4,0,0.0,588.64,1.0,63,0,0,1
2026-07-25,2026,7,2026-07,2026-07-01,25,Saturday,1,ST002,Market_2,Moscow,PR009,Product_9,Dairy,12,1765.92,1194.48,571.44,12,0,0.0,1765.92,1.0,51,0,0,1
2026-07-26,2026,7,2026-07,2026-07-01,26,Sunday,1,ST002,Market_2,Moscow,PR009,Product_9,Dairy,12,1765.92,1194.48,571.44,12,0,0.0,1765.92,1.0,39,0,0,1
2026-07-27,2026,7,2026-07,2026-07-01,27,Monday,0,ST002,Market_2,Moscow,PR009,Product_9,Dairy,6,882.96,597.24,285.72,6,0,0.0,882.96,1.0,33,0,0,1
2026-07-28,2026,7,2026-07,2026-07-01,28,Tuesday,0,ST002,Market_2,Moscow,PR009,Product_9,Dairy,7,1030.12,696.7800000000001,333.3399999999998,7,0,0.0,1030.12,1.0,26,0,0,1
2026-07-29,2026,7,2026-07,2026-07-01,29,Wednesday,0,ST002,Market_2,Moscow,PR009,Product_9,Dairy,11,1618.76,1094.94,523.8199999999999,11,0,0.0,1618.76,1.0,15,0,0,1
2026-07-30,2026,7,2026-07,2026-07-01,30,Thursday,0,ST002,Market_2,Moscow,PR009,Product_9,Dairy,3,441.48,298.62,142.86,3,0,0.0,441.48,1.0,12,0,0,1
2026-07-31,2026,7,2026-07,2026-07-01,31,Friday,0,ST002,Market_2,Moscow,PR009,Product_9,Dairy,8,1177.28,796.32,380.9599999999999,8,0,0.0,1177.28,1.0,4,84,0,1
2026-08-01,2026,8,2026-08,2026-08-01,1,Saturday,1,ST002,Market_2,Moscow,PR009,Product_9,Dairy,4,588.64,398.16,190.47999999999996,7,3,441.48,1030.12,0.5714285714285714,0,0,1,0
2026-08-02,2026,8,2026-08,2026-08-01,2,Sunday,1,ST002,Market_2,Moscow,PR009,Product_9,Dairy,6,882.96,597.24,285.72,6,0,0.0,882.96,1.0,78,0,0,1
2026-08-03,2026,8,2026-08,2026-08-01,3,Monday,0,ST002,Market_2,Moscow,PR009,Product_9,Dairy,7,1030.12,696.7800000000001,333.3399999999998,7,0,0.0,1030.12,1.0,71,0,0,1
2026-08-04,2026,8,2026-08,2026-08-01,4,Tuesday,0,ST002,Market_2,Moscow,PR009,Product_9,Dairy,7,1030.12,696.7800000000001,333.3399999999998,7,0,0.0,1030.12,1.0,64,0,0,1
2026-08-05,2026,8,2026-08,2026-08-01,5,Wednesday,0,ST002,Market_2,Moscow,PR009,Product_9,Dairy,5,735.8,497.70000000000005,238.0999999999999,5,0,0.0,735.8,1.0,59,0,0,1
2026-08-06,2026,8,2026-08,2026-08-01,6,Thursday,0,ST002,Market_2,Moscow,PR009,Product_9,Dairy,10,1471.6,995.4000000000001,476.1999999999998,10,0,0.0,1471.6,1.0,49,0,0,1
2026-08-07,2026,8,2026-08,2026-08-01,7,Friday,0,ST002,Market_2,Moscow,PR009,Product_9,Dairy,3,441.48,298.62,142.86,3,0,0.0,441.48,1.0,46,0,0,1
2026-08-08,2026,8,2026-08,2026-08-01,8,Saturday,1,ST002,Market_2,Moscow,PR009,Product_9,Dairy,4,588.64,398.16,190.47999999999996,4,0,0.0,588.64,1.0,42,0,0,1
2026-08-09,2026,8,2026-08,2026-08-01,9,Sunday,1,ST002,Market_2,Moscow,PR009,Product_9,Dairy,10,1471.6,995.4000000000001,476.1999999999998,10,0,0.0,1471.6,1.0,32,0,0,1
2026-08-10,2026,8,2026-08,2026-08-01,10,Monday,0,ST002,Market_2,Moscow,PR009,Product_9,Dairy,7,1030.12,696.7800000000001,333.3399999999998,7,0,0.0,1030.12,1.0,25,0,0,1
2026-08-11,2026,8,2026-08,2026-08-01,11,Tuesday,0,ST002,Market_2,Moscow,PR009,Product_9,Dairy,5,735.8,497.70000000000005,238.0999999999999,5,0,0.0,735.8,1.0,20,0,0,1
2026-08-12,2026,8,2026-08,2026-08-01,12,Wednesday,0,ST002,Market_2,Moscow,PR009,Product_9,Dairy,5,735.8,497.70000000000005,238.0999999999999,5,0,0.0,735.8,1.0,15,0,0,1
2026-08-13,2026,8,2026-08,2026-08-01,13,Thursday,0,ST002,Market_2,Moscow,PR009,Product_9,Dairy,7,1030.12,696.7800000000001,333.3399999999998,7,0,0.0,1030.12,1.0,8,84,0,1
2026-08-14,2026,8,2026-08,2026-08-01,14,Friday,0,ST002,Market_2,Moscow,PR009,Product_9,Dairy,8,1177.28,796.32,380.9599999999999,8,0,0.0,1177.28,1.0,0,0,1,0
2026-08-15,2026,8,2026-08,2026-08-01,15,Saturday,1,ST002,Market_2,Moscow,PR009,Product_9,Dairy,7,1030.12,696.7800000000001,333.3399999999998,7,0,0.0,1030.12,1.0,77,0,0,1
2026-08-16,2026,8,2026-08,2026-08-01,16,Sunday,1,ST002,Market_2,Moscow,PR009,Product_9,Dairy,10,1471.6,995.4000000000001,476.1999999999998,10,0,0.0,1471.6,1.0,67,0,0,1
2026-08-17,2026,8,2026-08,2026-08-01,17,Monday,0,ST002,Market_2,Moscow,PR009,Product_9,Dairy,5,735.8,497.70000000000005,238.0999999999999,5,0,0.0,735.8,1.0,62,0,0,1
2026-08-18,2026,8,2026-08,2026-08-01,18,Tuesday,0,ST002,Market_2,Moscow,PR009,Product_9,Dairy,7,1030.12,696.7800000000001,333.3399999999998,7,0,0.0,1030.12,1.0,55,0,0,1
2026-08-19,2026,8,2026-08,2026-08-01,19,Wednesday,0,ST002,Market_2,Moscow,PR009,Product_9,Dairy,6,882.96,597.24,285.72,6,0,0.0,882.96,1.0,49,0,0,1
2026-08-20,2026,8,2026-08,2026-08-01,20,Thursday,0,ST002,Market_2,Moscow,PR009,Product_9,Dairy,9,1324.44,895.86,428.58000000000004,9,0,0.0,1324.44,1.0,40,0,0,1
2026-08-21,2026,8,2026-08,2026-08-01,21,Friday,0,ST002,Market_2,Moscow,PR009,Product_9,Dairy,14,2060.24,1393.5600000000002,666.6799999999996,14,0,0.0,2060.24,1.0,26,0,0,1
2026-08-22,2026,8,2026-08,2026-08-01,22,Saturday,1,ST002,Market_2,Moscow,PR009,Product_9,Dairy,11,1618.76,1094.94,523.8199999999999,11,0,0.0,1618.76,1.0,15,0,0,1
2026-08-23,2026,8,2026-08,2026-08-01,23,Sunday,1,ST002,Market_2,Moscow,PR009,Product_9,Dairy,9,1324.44,895.86,428.58000000000004,9,0,0.0,1324.44,1.0,6,0,0,1
2026-08-24,2026,8,2026-08,2026-08-01,24,Monday,0,ST002,Market_2,Moscow,PR009,Product_9,Dairy,6,882.96,597.24,285.72,7,1,147.16,1030.12,0.8571428571428571,0,0,1,0
2026-08-25,2026,8,2026-08,2026-08-01,25,Tuesday,0,ST002,Market_2,Moscow,PR009,Product_9,Dairy,0,0.0,0.0,0.0,8,8,1177.28,1177.28,0.0,0,84,1,0
2026-08-26,2026,8,2026-08,2026-08-01,26,Wednesday,0,ST002,Market_2,Moscow,PR009,Product_9,Dairy,0,0.0,0.0,0.0,2,2,294.32,294.32,0.0,0,0,1,0
2026-08-27,2026,8,2026-08,2026-08-01,27,Thursday,0,ST002,Market_2,Moscow,PR009,Product_9,Dairy,5,735.8,497.70000000000005,238.0999999999999,5,0,0.0,735.8,1.0,79,0,0,1
2026-08-28,2026,8,2026-08,2026-08-01,28,Friday,0,ST002,Market_2,Moscow,PR009,Product_9,Dairy,7,1030.12,696.7800000000001,333.3399999999998,7,0,0.0,1030.12,1.0,72,0,0,1
2026-08-29,2026,8,2026-08,2026-08-01,29,Saturday,1,ST002,Market_2,Moscow,PR009,Product_9,Dairy,11,1618.76,1094.94,523.8199999999999,11,0,0.0,1618.76,1.0,61,0,0,1
2026-08-30,2026,8,2026-08,2026-08-01,30,Sunday,1,ST002,Market_2,Moscow,PR009,Product_9,Dairy,12,1765.92,1194.48,571.44,12,0,0.0,1765.92,1.0,49,0,0,1
2026-08-31,2026,8,2026-08,2026-08-01,31,Monday,0,ST002,Market_2,Moscow,PR009,Product_9,Dairy,3,441.48,298.62,142.86,3,0,0.0,441.48,1.0,46,0,0,1
2026-09-01,2026,9,2026-09,2026-09-01,1,Tuesday,0,ST002,Market_2,Moscow,PR009,Product_9,Dairy,6,882.96,597.24,285.72,6,0,0.0,882.96,1.0,40,0,0,1
2026-09-02,2026,9,2026-09,2026-09-01,2,Wednesday,0,ST002,Market_2,Moscow,PR009,Product_9,Dairy,9,1324.44,895.86,428.58000000000004,9,0,0.0,1324.44,1.0,31,0,0,1
2026-09-03,2026,9,2026-09,2026-09-01,3,Thursday,0,ST002,Market_2,Moscow,PR009,Product_9,Dairy,3,441.48,298.62,142.86,3,0,0.0,441.48,1.0,28,0,0,1
2026-09-04,2026,9,2026-09,2026-09-01,4,Friday,0,ST002,Market_2,Moscow,PR009,Product_9,Dairy,10,1471.6,995.4000000000001,476.1999999999998,10,0,0.0,1471.6,1.0,18,0,0,1
2026-09-05,2026,9,2026-09,2026-09-01,5,Saturday,1,ST002,Market_2,Moscow,PR009,Product_9,Dairy,6,882.96,597.24,285.72,6,0,0.0,882.96,1.0,12,0,0,1
2026-09-06,2026,9,2026-09,2026-09-01,6,Sunday,1,ST002,Market_2,Moscow,PR009,Product_9,Dairy,9,1324.44,895.86,428.58000000000004,9,0,0.0,1324.44,1.0,3,84,0,1
2026-09-07,2026,9,2026-09,2026-09-01,7,Monday,0,ST002,Market_2,Moscow,PR009,Product_9,Dairy,3,441.48,298.62,142.86,4,1,147.16,588.64,0.75,0,0,1,0
2026-06-10,2026,6,2026-06,2026-06-01,10,Wednesday,0,ST002,Market_2,Moscow,PR010,Product_10,Dairy,24,1318.32,915.1200000000001,403.1999999999998,24,0,0.0,1318.32,1.0,312,0,0,1
2026-06-11,2026,6,2026-06,2026-06-01,11,Thursday,0,ST002,Market_2,Moscow,PR010,Product_10,Dairy,22,1208.46,838.86,369.6,22,0,0.0,1208.46,1.0,290,0,0,1
2026-06-12,2026,6,2026-06,2026-06-01,12,Friday,0,ST002,Market_2,Moscow,PR010,Product_10,Dairy,21,1153.53,800.73,352.79999999999995,21,0,0.0,1153.53,1.0,269,0,0,1
2026-06-13,2026,6,2026-06,2026-06-01,13,Saturday,1,ST002,Market_2,Moscow,PR010,Product_10,Dairy,34,1867.62,1296.42,571.1999999999998,34,0,0.0,1867.62,1.0,235,0,0,1
2026-06-14,2026,6,2026-06,2026-06-01,14,Sunday,1,ST002,Market_2,Moscow,PR010,Product_10,Dairy,24,1318.32,915.1200000000001,403.1999999999998,24,0,0.0,1318.32,1.0,211,0,0,1
2026-06-15,2026,6,2026-06,2026-06-01,15,Monday,0,ST002,Market_2,Moscow,PR010,Product_10,Dairy,34,1867.62,1296.42,571.1999999999998,34,0,0.0,1867.62,1.0,177,0,0,1
2026-06-16,2026,6,2026-06,2026-06-01,16,Tuesday,0,ST002,Market_2,Moscow,PR010,Product_10,Dairy,16,878.88,610.08,268.79999999999995,16,0,0.0,878.88,1.0,161,0,0,1
2026-06-17,2026,6,2026-06,2026-06-01,17,Wednesday,0,ST002,Market_2,Moscow,PR010,Product_10,Dairy,27,1483.11,1029.51,453.5999999999999,27,0,0.0,1483.11,1.0,134,0,0,1
2026-06-18,2026,6,2026-06,2026-06-01,18,Thursday,0,ST002,Market_2,Moscow,PR010,Product_10,Dairy,29,1592.97,1105.77,487.20000000000005,29,0,0.0,1592.97,1.0,105,0,0,1
2026-06-19,2026,6,2026-06,2026-06-01,19,Friday,0,ST002,Market_2,Moscow,PR010,Product_10,Dairy,20,1098.6,762.6,335.9999999999999,20,0,0.0,1098.6,1.0,85,0,0,1
2026-06-20,2026,6,2026-06,2026-06-01,20,Saturday,1,ST002,Market_2,Moscow,PR010,Product_10,Dairy,34,1867.62,1296.42,571.1999999999998,34,0,0.0,1867.62,1.0,51,0,0,1
2026-06-21,2026,6,2026-06,2026-06-01,21,Sunday,1,ST002,Market_2,Moscow,PR010,Product_10,Dairy,25,1373.25,953.2500000000001,419.9999999999999,25,0,0.0,1373.25,1.0,26,336,0,1
2026-06-22,2026,6,2026-06,2026-06-01,22,Monday,0,ST002,Market_2,Moscow,PR010,Product_10,Dairy,24,1318.32,915.1200000000001,403.1999999999998,24,0,0.0,1318.32,1.0,2,0,0,1
2026-06-23,2026,6,2026-06,2026-06-01,23,Tuesday,0,ST002,Market_2,Moscow,PR010,Product_10,Dairy,24,1318.32,915.1200000000001,403.1999999999998,24,0,0.0,1318.32,1.0,314,0,0,1
2026-06-24,2026,6,2026-06,2026-06-01,24,Wednesday,0,ST002,Market_2,Moscow,PR010,Product_10,Dairy,18,988.74,686.34,302.4,18,0,0.0,988.74,1.0,296,0,0,1
2026-06-25,2026,6,2026-06,2026-06-01,25,Thursday,0,ST002,Market_2,Moscow,PR010,Product_10,Dairy,27,1483.11,1029.51,453.5999999999999,27,0,0.0,1483.11,1.0,269,0,0,1
2026-06-26,2026,6,2026-06,2026-06-01,26,Friday,0,ST002,Market_2,Moscow,PR010,Product_10,Dairy,22,1208.46,838.86,369.6,22,0,0.0,1208.46,1.0,247,0,0,1
2026-06-27,2026,6,2026-06,2026-06-01,27,Saturday,1,ST002,Market_2,Moscow,PR010,Product_10,Dairy,31,1702.83,1182.03,520.8,31,0,0.0,1702.83,1.0,216,0,0,1
2026-06-28,2026,6,2026-06,2026-06-01,28,Sunday,1,ST002,Market_2,Moscow,PR010,Product_10,Dairy,31,1702.83,1182.03,520.8,31,0,0.0,1702.83,1.0,185,0,0,1
2026-06-29,2026,6,2026-06,2026-06-01,29,Monday,0,ST002,Market_2,Moscow,PR010,Product_10,Dairy,22,1208.46,838.86,369.6,22,0,0.0,1208.46,1.0,163,0,0,1
2026-06-30,2026,6,2026-06,2026-06-01,30,Tuesday,0,ST002,Market_2,Moscow,PR010,Product_10,Dairy,27,1483.11,1029.51,453.5999999999999,27,0,0.0,1483.11,1.0,136,0,0,1
2026-07-01,2026,7,2026-07,2026-07-01,1,Wednesday,0,ST002,Market_2,Moscow,PR010,Product_10,Dairy,31,1702.83,1182.03,520.8,31,0,0.0,1702.83,1.0,105,0,0,1
2026-07-02,2026,7,2026-07,2026-07-01,2,Thursday,0,ST002,Market_2,Moscow,PR010,Product_10,Dairy,23,1263.39,876.99,386.4000000000001,23,0,0.0,1263.39,1.0,82,0,0,1
2026-07-03,2026,7,2026-07,2026-07-01,3,Friday,0,ST002,Market_2,Moscow,PR010,Product_10,Dairy,34,1867.62,1296.42,571.1999999999998,34,0,0.0,1867.62,1.0,48,0,0,1
2026-07-04,2026,7,2026-07,2026-07-01,4,Saturday,1,ST002,Market_2,Moscow,PR010,Product_10,Dairy,28,1538.04,1067.64,470.39999999999986,28,0,0.0,1538.04,1.0,20,336,0,1
2026-07-05,2026,7,2026-07,2026-07-01,5,Sunday,1,ST002,Market_2,Moscow,PR010,Product_10,Dairy,20,1098.6,762.6,335.9999999999999,39,19,1043.67,2142.27,0.5128205128205128,0,0,1,0
2026-07-06,2026,7,2026-07,2026-07-01,6,Monday,0,ST002,Market_2,Moscow,PR010,Product_10,Dairy,28,1538.04,1067.64,470.39999999999986,28,0,0.0,1538.04,1.0,308,0,0,1
2026-07-07,2026,7,2026-07,2026-07-01,7,Tuesday,0,ST002,Market_2,Moscow,PR010,Product_10,Dairy,27,1483.11,1029.51,453.5999999999999,27,0,0.0,1483.11,1.0,281,0,0,1
2026-07-08,2026,7,2026-07,2026-07-01,8,Wednesday,0,ST002,Market_2,Moscow,PR010,Product_10,Dairy,19,1043.67,724.47,319.20000000000005,19,0,0.0,1043.67,1.0,262,0,0,1
2026-07-09,2026,7,2026-07,2026-07-01,9,Thursday,0,ST002,Market_2,Moscow,PR010,Product_10,Dairy,23,1263.39,876.99,386.4000000000001,23,0,0.0,1263.39,1.0,239,0,0,1
2026-07-10,2026,7,2026-07,2026-07-01,10,Friday,0,ST002,Market_2,Moscow,PR010,Product_10,Dairy,25,1373.25,953.2500000000001,419.9999999999999,25,0,0.0,1373.25,1.0,214,0,0,1
2026-07-11,2026,7,2026-07,2026-07-01,11,Saturday,1,ST002,Market_2,Moscow,PR010,Product_10,Dairy,38,2087.34,1448.94,638.4000000000001,38,0,0.0,2087.34,1.0,176,0,0,1
2026-07-12,2026,7,2026-07,2026-07-01,12,Sunday,1,ST002,Market_2,Moscow,PR010,Product_10,Dairy,41,2252.13,1563.3300000000002,688.8,41,0,0.0,2252.13,1.0,135,0,0,1
2026-07-13,2026,7,2026-07,2026-07-01,13,Monday,0,ST002,Market_2,Moscow,PR010,Product_10,Dairy,30,1647.9,1143.9,504.0,30,0,0.0,1647.9,1.0,105,0,0,1
2026-07-14,2026,7,2026-07,2026-07-01,14,Tuesday,0,ST002,Market_2,Moscow,PR010,Product_10,Dairy,22,1208.46,838.86,369.6,22,0,0.0,1208.46,1.0,83,0,0,1
2026-07-15,2026,7,2026-07,2026-07-01,15,Wednesday,0,ST002,Market_2,Moscow,PR010,Product_10,Dairy,19,1043.67,724.47,319.20000000000005,19,0,0.0,1043.67,1.0,64,0,0,1
2026-07-16,2026,7,2026-07,2026-07-01,16,Thursday,0,ST002,Market_2,Moscow,PR010,Product_10,Dairy,27,1483.11,1029.51,453.5999999999999,27,0,0.0,1483.11,1.0,37,336,0,1
2026-07-17,2026,7,2026-07,2026-07-01,17,Friday,0,ST002,Market_2,Moscow,PR010,Product_10,Dairy,29,1592.97,1105.77,487.20000000000005,29,0,0.0,1592.97,1.0,8,0,0,1
2026-07-18,2026,7,2026-07,2026-07-01,18,Saturday,1,ST002,Market_2,Moscow,PR010,Product_10,Dairy,28,1538.04,1067.64,470.39999999999986,28,0,0.0,1538.04,1.0,316,0,0,1
2026-07-19,2026,7,2026-07,2026-07-01,19,Sunday,1,ST002,Market_2,Moscow,PR010,Product_10,Dairy,34,1867.62,1296.42,571.1999999999998,34,0,0.0,1867.62,1.0,282,0,0,1
2026-07-20,2026,7,2026-07,2026-07-01,20,Monday,0,ST002,Market_2,Moscow,PR010,Product_10,Dairy,25,1373.25,953.2500000000001,419.9999999999999,25,0,0.0,1373.25,1.0,257,0,0,1
2026-07-21,2026,7,2026-07,2026-07-01,21,Tuesday,0,ST002,Market_2,Moscow,PR010,Product_10,Dairy,19,1043.67,724.47,319.20000000000005,19,0,0.0,1043.67,1.0,238,0,0,1
2026-07-22,2026,7,2026-07,2026-07-01,22,Wednesday,0,ST002,Market_2,Moscow,PR010,Product_10,Dairy,31,1702.83,1182.03,520.8,31,0,0.0,1702.83,1.0,207,0,0,1
2026-07-23,2026,7,2026-07,2026-07-01,23,Thursday,0,ST002,Market_2,Moscow,PR010,Product_10,Dairy,20,1098.6,762.6,335.9999999999999,20,0,0.0,1098.6,1.0,187,0,0,1
2026-07-24,2026,7,2026-07,2026-07-01,24,Friday,0,ST002,Market_2,Moscow,PR010,Product_10,Dairy,23,1263.39,876.99,386.4000000000001,23,0,0.0,1263.39,1.0,164,0,0,1
2026-07-25,2026,7,2026-07,2026-07-01,25,Saturday,1,ST002,Market_2,Moscow,PR010,Product_10,Dairy,30,1647.9,1143.9,504.0,30,0,0.0,1647.9,1.0,134,0,0,1
2026-07-26,2026,7,2026-07,2026-07-01,26,Sunday,1,ST002,Market_2,Moscow,PR010,Product_10,Dairy,30,1647.9,1143.9,504.0,30,0,0.0,1647.9,1.0,104,0,0,1
2026-07-27,2026,7,2026-07,2026-07-01,27,Monday,0,ST002,Market_2,Moscow,PR010,Product_10,Dairy,22,1208.46,838.86,369.6,22,0,0.0,1208.46,1.0,82,0,0,1
2026-07-28,2026,7,2026-07,2026-07-01,28,Tuesday,0,ST002,Market_2,Moscow,PR010,Product_10,Dairy,20,1098.6,762.6,335.9999999999999,20,0,0.0,1098.6,1.0,62,0,0,1
2026-07-29,2026,7,2026-07,2026-07-01,29,Wednesday,0,ST002,Market_2,Moscow,PR010,Product_10,Dairy,27,1483.11,1029.51,453.5999999999999,27,0,0.0,1483.11,1.0,35,336,0,1
2026-07-30,2026,7,2026-07,2026-07-01,30,Thursday,0,ST002,Market_2,Moscow,PR010,Product_10,Dairy,23,1263.39,876.99,386.4000000000001,23,0,0.0,1263.39,1.0,12,0,0,1
2026-07-31,2026,7,2026-07,2026-07-01,31,Friday,0,ST002,Market_2,Moscow,PR010,Product_10,Dairy,21,1153.53,800.73,352.79999999999995,21,0,0.0,1153.53,1.0,327,0,0,1
2026-08-01,2026,8,2026-08,2026-08-01,1,Saturday,1,ST002,Market_2,Moscow,PR010,Product_10,Dairy,30,1647.9,1143.9,504.0,30,0,0.0,1647.9,1.0,297,0,0,1
2026-08-02,2026,8,2026-08,2026-08-01,2,Sunday,1,ST002,Market_2,Moscow,PR010,Product_10,Dairy,32,1757.76,1220.16,537.5999999999999,32,0,0.0,1757.76,1.0,265,0,0,1
2026-08-03,2026,8,2026-08,2026-08-01,3,Monday,0,ST002,Market_2,Moscow,PR010,Product_10,Dairy,24,1318.32,915.1200000000001,403.1999999999998,24,0,0.0,1318.32,1.0,241,0,0,1
2026-08-04,2026,8,2026-08,2026-08-01,4,Tuesday,0,ST002,Market_2,Moscow,PR010,Product_10,Dairy,24,1318.32,915.1200000000001,403.1999999999998,24,0,0.0,1318.32,1.0,217,0,0,1
2026-08-05,2026,8,2026-08,2026-08-01,5,Wednesday,0,ST002,Market_2,Moscow,PR010,Product_10,Dairy,26,1428.18,991.3800000000001,436.79999999999995,26,0,0.0,1428.18,1.0,191,0,0,1
2026-08-06,2026,8,2026-08,2026-08-01,6,Thursday,0,ST002,Market_2,Moscow,PR010,Product_10,Dairy,17,933.81,648.21,285.5999999999999,17,0,0.0,933.81,1.0,174,0,0,1
2026-08-07,2026,8,2026-08,2026-08-01,7,Friday,0,ST002,Market_2,Moscow,PR010,Product_10,Dairy,15,823.95,571.95,252.0,15,0,0.0,823.95,1.0,159,0,0,1
2026-08-08,2026,8,2026-08,2026-08-01,8,Saturday,1,ST002,Market_2,Moscow,PR010,Product_10,Dairy,29,1592.97,1105.77,487.20000000000005,29,0,0.0,1592.97,1.0,130,0,0,1
2026-08-09,2026,8,2026-08,2026-08-01,9,Sunday,1,ST002,Market_2,Moscow,PR010,Product_10,Dairy,34,1867.62,1296.42,571.1999999999998,34,0,0.0,1867.62,1.0,96,0,0,1
2026-08-10,2026,8,2026-08,2026-08-01,10,Monday,0,ST002,Market_2,Moscow,PR010,Product_10,Dairy,25,1373.25,953.2500000000001,419.9999999999999,25,0,0.0,1373.25,1.0,71,0,0,1
2026-08-11,2026,8,2026-08,2026-08-01,11,Tuesday,0,ST002,Market_2,Moscow,PR010,Product_10,Dairy,28,1538.04,1067.64,470.39999999999986,28,0,0.0,1538.04,1.0,43,0,0,1
2026-08-12,2026,8,2026-08,2026-08-01,12,Wednesday,0,ST002,Market_2,Moscow,PR010,Product_10,Dairy,30,1647.9,1143.9,504.0,30,0,0.0,1647.9,1.0,13,336,0,1
2026-08-13,2026,8,2026-08,2026-08-01,13,Thursday,0,ST002,Market_2,Moscow,PR010,Product_10,Dairy,13,714.09,495.69000000000005,218.39999999999998,29,16,878.88,1592.97,0.4482758620689655,0,0,1,0
2026-08-14,2026,8,2026-08,2026-08-01,14,Friday,0,ST002,Market_2,Moscow,PR010,Product_10,Dairy,19,1043.67,724.47,319.20000000000005,19,0,0.0,1043.67,1.0,317,0,0,1
2026-08-15,2026,8,2026-08,2026-08-01,15,Saturday,1,ST002,Market_2,Moscow,PR010,Product_10,Dairy,30,1647.9,1143.9,504.0,30,0,0.0,1647.9,1.0,287,0,0,1
2026-08-16,2026,8,2026-08,2026-08-01,16,Sunday,1,ST002,Market_2,Moscow,PR010,Product_10,Dairy,30,1647.9,1143.9,504.0,30,0,0.0,1647.9,1.0,257,0,0,1
2026-08-17,2026,8,2026-08,2026-08-01,17,Monday,0,ST002,Market_2,Moscow,PR010,Product_10,Dairy,20,1098.6,762.6,335.9999999999999,20,0,0.0,1098.6,1.0,237,0,0,1
2026-08-18,2026,8,2026-08,2026-08-01,18,Tuesday,0,ST002,Market_2,Moscow,PR010,Product_10,Dairy,27,1483.11,1029.51,453.5999999999999,27,0,0.0,1483.11,1.0,210,0,0,1
2026-08-19,2026,8,2026-08,2026-08-01,19,Wednesday,0,ST002,Market_2,Moscow,PR010,Product_10,Dairy,17,933.81,648.21,285.5999999999999,17,0,0.0,933.81,1.0,193,0,0,1
2026-08-20,2026,8,2026-08,2026-08-01,20,Thursday,0,ST002,Market_2,Moscow,PR010,Product_10,Dairy,22,1208.46,838.86,369.6,22,0,0.0,1208.46,1.0,171,0,0,1
2026-08-21,2026,8,2026-08,2026-08-01,21,Friday,0,ST002,Market_2,Moscow,PR010,Product_10,Dairy,27,1483.11,1029.51,453.5999999999999,27,0,0.0,1483.11,1.0,144,0,0,1
2026-08-22,2026,8,2026-08,2026-08-01,22,Saturday,1,ST002,Market_2,Moscow,PR010,Product_10,Dairy,30,1647.9,1143.9,504.0,30,0,0.0,1647.9,1.0,114,0,0,1
2026-08-23,2026,8,2026-08,2026-08-01,23,Sunday,1,ST002,Market_2,Moscow,PR010,Product_10,Dairy,36,1977.48,1372.68,604.8,36,0,0.0,1977.48,1.0,78,0,0,1
2026-08-24,2026,8,2026-08,2026-08-01,24,Monday,0,ST002,Market_2,Moscow,PR010,Product_10,Dairy,19,1043.67,724.47,319.20000000000005,19,0,0.0,1043.67,1.0,59,0,0,1
2026-08-25,2026,8,2026-08,2026-08-01,25,Tuesday,0,ST002,Market_2,Moscow,PR010,Product_10,Dairy,20,1098.6,762.6,335.9999999999999,20,0,0.0,1098.6,1.0,39,336,0,1
2026-08-26,2026,8,2026-08,2026-08-01,26,Wednesday,0,ST002,Market_2,Moscow,PR010,Product_10,Dairy,30,1647.9,1143.9,504.0,30,0,0.0,1647.9,1.0,9,0,0,1
2026-08-27,2026,8,2026-08,2026-08-01,27,Thursday,0,ST002,Market_2,Moscow,PR010,Product_10,Dairy,22,1208.46,838.86,369.6,22,0,0.0,1208.46,1.0,323,0,0,1
2026-08-28,2026,8,2026-08,2026-08-01,28,Friday,0,ST002,Market_2,Moscow,PR010,Product_10,Dairy,24,1318.32,915.1200000000001,403.1999999999998,24,0,0.0,1318.32,1.0,299,0,0,1
2026-08-29,2026,8,2026-08,2026-08-01,29,Saturday,1,ST002,Market_2,Moscow,PR010,Product_10,Dairy,43,2361.99,1639.5900000000001,722.3999999999996,43,0,0.0,2361.99,1.0,256,0,0,1
2026-08-30,2026,8,2026-08,2026-08-01,30,Sunday,1,ST002,Market_2,Moscow,PR010,Product_10,Dairy,31,1702.83,1182.03,520.8,31,0,0.0,1702.83,1.0,225,0,0,1
2026-08-31,2026,8,2026-08,2026-08-01,31,Monday,0,ST002,Market_2,Moscow,PR010,Product_10,Dairy,31,1702.83,1182.03,520.8,31,0,0.0,1702.83,1.0,194,0,0,1
2026-09-01,2026,9,2026-09,2026-09-01,1,Tuesday,0,ST002,Market_2,Moscow,PR010,Product_10,Dairy,17,933.81,648.21,285.5999999999999,17,0,0.0,933.81,1.0,177,0,0,1
2026-09-02,2026,9,2026-09,2026-09-01,2,Wednesday,0,ST002,Market_2,Moscow,PR010,Product_10,Dairy,21,1153.53,800.73,352.79999999999995,21,0,0.0,1153.53,1.0,156,0,0,1
2026-09-03,2026,9,2026-09,2026-09-01,3,Thursday,0,ST002,Market_2,Moscow,PR010,Product_10,Dairy,26,1428.18,991.3800000000001,436.79999999999995,26,0,0.0,1428.18,1.0,130,0,0,1
2026-09-04,2026,9,2026-09,2026-09-01,4,Friday,0,ST002,Market_2,Moscow,PR010,Product_10,Dairy,19,1043.67,724.47,319.20000000000005,19,0,0.0,1043.67,1.0,111,0,0,1
2026-09-05,2026,9,2026-09,2026-09-01,5,Saturday,1,ST002,Market_2,Moscow,PR010,Product_10,Dairy,31,1702.83,1182.03,520.8,31,0,0.0,1702.83,1.0,80,0,0,1
2026-09-06,2026,9,2026-09,2026-09-01,6,Sunday,1,ST002,Market_2,Moscow,PR010,Product_10,Dairy,20,1098.6,762.6,335.9999999999999,20,0,0.0,1098.6,1.0,60,0,0,1
2026-09-07,2026,9,2026-09,2026-09-01,7,Monday,0,ST002,Market_2,Moscow,PR010,Product_10,Dairy,19,1043.67,724.47,319.20000000000005,19,0,0.0,1043.67,1.0,41,336,0,1
2026-06-10,2026,6,2026-06,2026-06-01,10,Wednesday,0,ST002,Market_2,Moscow,PR011,Product_11,Household,18,1639.98,1043.6399999999999,596.3400000000001,18,0,0.0,1639.98,1.0,248,0,0,1
2026-06-11,2026,6,2026-06,2026-06-01,11,Thursday,0,ST002,Market_2,Moscow,PR011,Product_11,Household,18,1639.98,1043.6399999999999,596.3400000000001,18,0,0.0,1639.98,1.0,230,0,0,1
2026-06-12,2026,6,2026-06,2026-06-01,12,Friday,0,ST002,Market_2,Moscow,PR011,Product_11,Household,15,1366.65,869.6999999999999,496.95000000000016,15,0,0.0,1366.65,1.0,215,0,0,1
2026-06-13,2026,6,2026-06,2026-06-01,13,Saturday,1,ST002,Market_2,Moscow,PR011,Product_11,Household,30,2733.3,1739.3999999999999,993.9000000000003,30,0,0.0,2733.3,1.0,185,0,0,1
2026-06-14,2026,6,2026-06,2026-06-01,14,Sunday,1,ST002,Market_2,Moscow,PR011,Product_11,Household,36,3279.96,2087.2799999999997,1192.6800000000003,36,0,0.0,3279.96,1.0,149,0,0,1
2026-06-15,2026,6,2026-06,2026-06-01,15,Monday,0,ST002,Market_2,Moscow,PR011,Product_11,Household,18,1639.98,1043.6399999999999,596.3400000000001,18,0,0.0,1639.98,1.0,131,0,0,1
2026-06-16,2026,6,2026-06,2026-06-01,16,Tuesday,0,ST002,Market_2,Moscow,PR011,Product_11,Household,20,1822.2,1159.6,662.6000000000001,20,0,0.0,1822.2,1.0,111,0,0,1
2026-06-17,2026,6,2026-06,2026-06-01,17,Wednesday,0,ST002,Market_2,Moscow,PR011,Product_11,Household,14,1275.54,811.7199999999999,463.82000000000005,14,0,0.0,1275.54,1.0,97,0,0,1
2026-06-18,2026,6,2026-06,2026-06-01,18,Thursday,0,ST002,Market_2,Moscow,PR011,Product_11,Household,19,1731.09,1101.62,629.47,19,0,0.0,1731.09,1.0,78,0,0,1
2026-06-19,2026,6,2026-06,2026-06-01,19,Friday,0,ST002,Market_2,Moscow,PR011,Product_11,Household,22,2004.42,1275.56,728.8600000000001,22,0,0.0,2004.42,1.0,56,0,0,1
2026-06-20,2026,6,2026-06,2026-06-01,20,Saturday,1,ST002,Market_2,Moscow,PR011,Product_11,Household,21,1913.31,1217.58,695.73,21,0,0.0,1913.31,1.0,35,266,0,1
2026-06-21,2026,6,2026-06,2026-06-01,21,Sunday,1,ST002,Market_2,Moscow,PR011,Product_11,Household,30,2733.3,1739.3999999999999,993.9000000000003,30,0,0.0,2733.3,1.0,5,0,0,1
2026-06-22,2026,6,2026-06,2026-06-01,22,Monday,0,ST002,Market_2,Moscow,PR011,Product_11,Household,18,1639.98,1043.6399999999999,596.3400000000001,18,0,0.0,1639.98,1.0,253,0,0,1
2026-06-23,2026,6,2026-06,2026-06-01,23,Tuesday,0,ST002,Market_2,Moscow,PR011,Product_11,Household,21,1913.31,1217.58,695.73,21,0,0.0,1913.31,1.0,232,0,0,1
2026-06-24,2026,6,2026-06,2026-06-01,24,Wednesday,0,ST002,Market_2,Moscow,PR011,Product_11,Household,18,1639.98,1043.6399999999999,596.3400000000001,18,0,0.0,1639.98,1.0,214,0,0,1
2026-06-25,2026,6,2026-06,2026-06-01,25,Thursday,0,ST002,Market_2,Moscow,PR011,Product_11,Household,28,2551.08,1623.4399999999998,927.6400000000001,28,0,0.0,2551.08,1.0,186,0,0,1
2026-06-26,2026,6,2026-06,2026-06-01,26,Friday,0,ST002,Market_2,Moscow,PR011,Product_11,Household,27,2459.97,1565.4599999999998,894.51,27,0,0.0,2459.97,1.0,159,0,0,1
2026-06-27,2026,6,2026-06,2026-06-01,27,Saturday,1,ST002,Market_2,Moscow,PR011,Product_11,Household,33,3006.63,1913.34,1093.2900000000002,33,0,0.0,3006.63,1.0,126,0,0,1
2026-06-28,2026,6,2026-06,2026-06-01,28,Sunday,1,ST002,Market_2,Moscow,PR011,Product_11,Household,26,2368.86,1507.48,861.3800000000001,26,0,0.0,2368.86,1.0,100,0,0,1
2026-06-29,2026,6,2026-06,2026-06-01,29,Monday,0,ST002,Market_2,Moscow,PR011,Product_11,Household,23,2095.53,1333.54,761.9900000000002,23,0,0.0,2095.53,1.0,77,0,0,1
2026-06-30,2026,6,2026-06,2026-06-01,30,Tuesday,0,ST002,Market_2,Moscow,PR011,Product_11,Household,20,1822.2,1159.6,662.6000000000001,20,0,0.0,1822.2,1.0,57,0,0,1
2026-07-01,2026,7,2026-07,2026-07-01,1,Wednesday,0,ST002,Market_2,Moscow,PR011,Product_11,Household,17,1548.87,985.66,563.2099999999999,17,0,0.0,1548.87,1.0,40,0,0,1
2026-07-02,2026,7,2026-07,2026-07-01,2,Thursday,0,ST002,Market_2,Moscow,PR011,Product_11,Household,19,1731.09,1101.62,629.47,19,0,0.0,1731.09,1.0,21,266,0,1
2026-07-03,2026,7,2026-07,2026-07-01,3,Friday,0,ST002,Market_2,Moscow,PR011,Product_11,Household,12,1093.32,695.76,397.55999999999995,12,0,0.0,1093.32,1.0,9,0,0,1
2026-07-04,2026,7,2026-07,2026-07-01,4,Saturday,1,ST002,Market_2,Moscow,PR011,Product_11,Household,39,3553.29,2261.22,1292.0700000000002,39,0,0.0,3553.29,1.0,236,0,0,1
2026-07-05,2026,7,2026-07,2026-07-01,5,Sunday,1,ST002,Market_2,Moscow,PR011,Product_11,Household,29,2642.19,1681.4199999999998,960.7700000000002,29,0,0.0,2642.19,1.0,207,0,0,1
2026-07-06,2026,7,2026-07,2026-07-01,6,Monday,0,ST002,Market_2,Moscow,PR011,Product_11,Household,24,2186.64,1391.52,795.1199999999999,24,0,0.0,2186.64,1.0,183,0,0,1
2026-07-07,2026,7,2026-07,2026-07-01,7,Tuesday,0,ST002,Market_2,Moscow,PR011,Product_11,Household,19,1731.09,1101.62,629.47,19,0,0.0,1731.09,1.0,164,0,0,1
2026-07-08,2026,7,2026-07,2026-07-01,8,Wednesday,0,ST002,Market_2,Moscow,PR011,Product_11,Household,20,1822.2,1159.6,662.6000000000001,20,0,0.0,1822.2,1.0,144,0,0,1
2026-07-09,2026,7,2026-07,2026-07-01,9,Thursday,0,ST002,Market_2,Moscow,PR011,Product_11,Household,11,1002.21,637.78,364.43000000000006,11,0,0.0,1002.21,1.0,133,0,0,1
2026-07-10,2026,7,2026-07,2026-07-01,10,Friday,0,ST002,Market_2,Moscow,PR011,Product_11,Household,19,1731.09,1101.62,629.47,19,0,0.0,1731.09,1.0,114,0,0,1
2026-07-11,2026,7,2026-07,2026-07-01,11,Saturday,1,ST002,Market_2,Moscow,PR011,Product_11,Household,24,2186.64,1391.52,795.1199999999999,24,0,0.0,2186.64,1.0,90,0,0,1
2026-07-12,2026,7,2026-07,2026-07-01,12,Sunday,1,ST002,Market_2,Moscow,PR011,Product_11,Household,34,3097.74,1971.32,1126.4199999999998,34,0,0.0,3097.74,1.0,56,0,0,1
2026-07-13,2026,7,2026-07,2026-07-01,13,Monday,0,ST002,Market_2,Moscow,PR011,Product_11,Household,24,2186.64,1391.52,795.1199999999999,24,0,0.0,2186.64,1.0,32,0,0,1
2026-07-14,2026,7,2026-07,2026-07-01,14,Tuesday,0,ST002,Market_2,Moscow,PR011,Product_11,Household,12,1093.32,695.76,397.55999999999995,12,0,0.0,1093.32,1.0,20,266,0,1
2026-07-15,2026,7,2026-07,2026-07-01,15,Wednesday,0,ST002,Market_2,Moscow,PR011,Product_11,Household,9,819.99,521.8199999999999,298.1700000000001,9,0,0.0,819.99,1.0,11,0,0,1
2026-07-16,2026,7,2026-07,2026-07-01,16,Thursday,0,ST002,Market_2,Moscow,PR011,Product_11,Household,17,1548.87,985.66,563.2099999999999,17,0,0.0,1548.87,1.0,260,0,0,1
2026-07-17,2026,7,2026-07,2026-07-01,17,Friday,0,ST002,Market_2,Moscow,PR011,Product_11,Household,22,2004.42,1275.56,728.8600000000001,22,0,0.0,2004.42,1.0,238,0,0,1
2026-07-18,2026,7,2026-07,2026-07-01,18,Saturday,1,ST002,Market_2,Moscow,PR011,Product_11,Household,22,2004.42,1275.56,728.8600000000001,22,0,0.0,2004.42,1.0,216,0,0,1
2026-07-19,2026,7,2026-07,2026-07-01,19,Sunday,1,ST002,Market_2,Moscow,PR011,Product_11,Household,27,2459.97,1565.4599999999998,894.51,27,0,0.0,2459.97,1.0,189,0,0,1
2026-07-20,2026,7,2026-07,2026-07-01,20,Monday,0,ST002,Market_2,Moscow,PR011,Product_11,Household,23,2095.53,1333.54,761.9900000000002,23,0,0.0,2095.53,1.0,166,0,0,1
2026-07-21,2026,7,2026-07,2026-07-01,21,Tuesday,0,ST002,Market_2,Moscow,PR011,Product_11,Household,18,1639.98,1043.6399999999999,596.3400000000001,18,0,0.0,1639.98,1.0,148,0,0,1
2026-07-22,2026,7,2026-07,2026-07-01,22,Wednesday,0,ST002,Market_2,Moscow,PR011,Product_11,Household,23,2095.53,1333.54,761.9900000000002,23,0,0.0,2095.53,1.0,125,0,0,1
2026-07-23,2026,7,2026-07,2026-07-01,23,Thursday,0,ST002,Market_2,Moscow,PR011,Product_11,Household,13,1184.43,753.74,430.69000000000005,13,0,0.0,1184.43,1.0,112,0,0,1
2026-07-24,2026,7,2026-07,2026-07-01,24,Friday,0,ST002,Market_2,Moscow,PR011,Product_11,Household,18,1639.98,1043.6399999999999,596.3400000000001,18,0,0.0,1639.98,1.0,94,0,0,1
2026-07-25,2026,7,2026-07,2026-07-01,25,Saturday,1,ST002,Market_2,Moscow,PR011,Product_11,Household,25,2277.75,1449.5,828.25,25,0,0.0,2277.75,1.0,69,0,0,1
2026-07-26,2026,7,2026-07,2026-07-01,26,Sunday,1,ST002,Market_2,Moscow,PR011,Product_11,Household,24,2186.64,1391.52,795.1199999999999,24,0,0.0,2186.64,1.0,45,0,0,1
2026-07-27,2026,7,2026-07,2026-07-01,27,Monday,0,ST002,Market_2,Moscow,PR011,Product_11,Household,18,1639.98,1043.6399999999999,596.3400000000001,18,0,0.0,1639.98,1.0,27,266,0,1
2026-07-28,2026,7,2026-07,2026-07-01,28,Tuesday,0,ST002,Market_2,Moscow,PR011,Product_11,Household,23,2095.53,1333.54,761.9900000000002,23,0,0.0,2095.53,1.0,4,0,0,1
2026-07-29,2026,7,2026-07,2026-07-01,29,Wednesday,0,ST002,Market_2,Moscow,PR011,Product_11,Household,19,1731.09,1101.62,629.47,19,0,0.0,1731.09,1.0,251,0,0,1
2026-07-30,2026,7,2026-07,2026-07-01,30,Thursday,0,ST002,Market_2,Moscow,PR011,Product_11,Household,22,2004.42,1275.56,728.8600000000001,22,0,0.0,2004.42,1.0,229,0,0,1
2026-07-31,2026,7,2026-07,2026-07-01,31,Friday,0,ST002,Market_2,Moscow,PR011,Product_11,Household,24,2186.64,1391.52,795.1199999999999,24,0,0.0,2186.64,1.0,205,0,0,1
2026-08-01,2026,8,2026-08,2026-08-01,1,Saturday,1,ST002,Market_2,Moscow,PR011,Product_11,Household,37,3371.07,2145.2599999999998,1225.8100000000004,37,0,0.0,3371.07,1.0,168,0,0,1
2026-08-02,2026,8,2026-08,2026-08-01,2,Sunday,1,ST002,Market_2,Moscow,PR011,Product_11,Household,21,1913.31,1217.58,695.73,21,0,0.0,1913.31,1.0,147,0,0,1
2026-08-03,2026,8,2026-08,2026-08-01,3,Monday,0,ST002,Market_2,Moscow,PR011,Product_11,Household,11,1002.21,637.78,364.43000000000006,11,0,0.0,1002.21,1.0,136,0,0,1
2026-08-04,2026,8,2026-08,2026-08-01,4,Tuesday,0,ST002,Market_2,Moscow,PR011,Product_11,Household,22,2004.42,1275.56,728.8600000000001,22,0,0.0,2004.42,1.0,114,0,0,1
2026-08-05,2026,8,2026-08,2026-08-01,5,Wednesday,0,ST002,Market_2,Moscow,PR011,Product_11,Household,17,1548.87,985.66,563.2099999999999,17,0,0.0,1548.87,1.0,97,0,0,1
2026-08-06,2026,8,2026-08,2026-08-01,6,Thursday,0,ST002,Market_2,Moscow,PR011,Product_11,Household,25,2277.75,1449.5,828.25,25,0,0.0,2277.75,1.0,72,0,0,1
2026-08-07,2026,8,2026-08,2026-08-01,7,Friday,0,ST002,Market_2,Moscow,PR011,Product_11,Household,17,1548.87,985.66,563.2099999999999,17,0,0.0,1548.87,1.0,55,0,0,1
2026-08-08,2026,8,2026-08,2026-08-01,8,Saturday,1,ST002,Market_2,Moscow,PR011,Product_11,Household,30,2733.3,1739.3999999999999,993.9000000000003,30,0,0.0,2733.3,1.0,25,266,0,1
2026-08-09,2026,8,2026-08,2026-08-01,9,Sunday,1,ST002,Market_2,Moscow,PR011,Product_11,Household,25,2277.75,1449.5,828.25,29,4,364.44,2642.19,0.8620689655172413,0,0,1,0
2026-08-10,2026,8,2026-08,2026-08-01,10,Monday,0,ST002,Market_2,Moscow,PR011,Product_11,Household,19,1731.09,1101.62,629.47,19,0,0.0,1731.09,1.0,247,0,0,1
2026-08-11,2026,8,2026-08,2026-08-01,11,Tuesday,0,ST002,Market_2,Moscow,PR011,Product_11,Household,13,1184.43,753.74,430.69000000000005,13,0,0.0,1184.43,1.0,234,0,0,1
2026-08-12,2026,8,2026-08,2026-08-01,12,Wednesday,0,ST002,Market_2,Moscow,PR011,Product_11,Household,21,1913.31,1217.58,695.73,21,0,0.0,1913.31,1.0,213,0,0,1
2026-08-13,2026,8,2026-08,2026-08-01,13,Thursday,0,ST002,Market_2,Moscow,PR011,Product_11,Household,19,1731.09,1101.62,629.47,19,0,0.0,1731.09,1.0,194,0,0,1
2026-08-14,2026,8,2026-08,2026-08-01,14,Friday,0,ST002,Market_2,Moscow,PR011,Product_11,Household,15,1366.65,869.6999999999999,496.95000000000016,15,0,0.0,1366.65,1.0,179,0,0,1
2026-08-15,2026,8,2026-08,2026-08-01,15,Saturday,1,ST002,Market_2,Moscow,PR011,Product_11,Household,21,1913.31,1217.58,695.73,21,0,0.0,1913.31,1.0,158,0,0,1
2026-08-16,2026,8,2026-08,2026-08-01,16,Sunday,1,ST002,Market_2,Moscow,PR011,Product_11,Household,22,2004.42,1275.56,728.8600000000001,22,0,0.0,2004.42,1.0,136,0,0,1
2026-08-17,2026,8,2026-08,2026-08-01,17,Monday,0,ST002,Market_2,Moscow,PR011,Product_11,Household,15,1366.65,869.6999999999999,496.95000000000016,15,0,0.0,1366.65,1.0,121,0,0,1
2026-08-18,2026,8,2026-08,2026-08-01,18,Tuesday,0,ST002,Market_2,Moscow,PR011,Product_11,Household,24,2186.64,1391.52,795.1199999999999,24,0,0.0,2186.64,1.0,97,0,0,1
2026-08-19,2026,8,2026-08,2026-08-01,19,Wednesday,0,ST002,Market_2,Moscow,PR011,Product_11,Household,16,1457.76,927.68,530.08,16,0,0.0,1457.76,1.0,81,0,0,1
2026-08-20,2026,8,2026-08,2026-08-01,20,Thursday,0,ST002,Market_2,Moscow,PR011,Product_11,Household,8,728.88,463.84,265.04,8,0,0.0,728.88,1.0,73,0,0,1
2026-08-21,2026,8,2026-08,2026-08-01,21,Friday,0,ST002,Market_2,Moscow,PR011,Product_11,Household,22,2004.42,1275.56,728.8600000000001,22,0,0.0,2004.42,1.0,51,266,0,1
2026-08-22,2026,8,2026-08,2026-08-01,22,Saturday,1,ST002,Market_2,Moscow,PR011,Product_11,Household,22,2004.42,1275.56,728.8600000000001,22,0,0.0,2004.42,1.0,29,0,0,1
2026-08-23,2026,8,2026-08,2026-08-01,23,Sunday,1,ST002,Market_2,Moscow,PR011,Product_11,Household,31,2824.41,1797.3799999999999,1027.03,31,0,0.0,2824.41,1.0,264,0,0,1
2026-08-24,2026,8,2026-08,2026-08-01,24,Monday,0,ST002,Market_2,Moscow,PR011,Product_11,Household,22,2004.42,1275.56,728.8600000000001,22,0,0.0,2004.42,1.0,242,0,0,1
2026-08-25,2026,8,2026-08,2026-08-01,25,Tuesday,0,ST002,Market_2,Moscow,PR011,Product_11,Household,14,1275.54,811.7199999999999,463.82000000000005,14,0,0.0,1275.54,1.0,228,0,0,1
2026-08-26,2026,8,2026-08,2026-08-01,26,Wednesday,0,ST002,Market_2,Moscow,PR011,Product_11,Household,11,1002.21,637.78,364.43000000000006,11,0,0.0,1002.21,1.0,217,0,0,1
2026-08-27,2026,8,2026-08,2026-08-01,27,Thursday,0,ST002,Market_2,Moscow,PR011,Product_11,Household,17,1548.87,985.66,563.2099999999999,17,0,0.0,1548.87,1.0,200,0,0,1
2026-08-28,2026,8,2026-08,2026-08-01,28,Friday,0,ST002,Market_2,Moscow,PR011,Product_11,Household,24,2186.64,1391.52,795.1199999999999,24,0,0.0,2186.64,1.0,176,0,0,1
2026-08-29,2026,8,2026-08,2026-08-01,29,Saturday,1,ST002,Market_2,Moscow,PR011,Product_11,Household,26,2368.86,1507.48,861.3800000000001,26,0,0.0,2368.86,1.0,150,0,0,1
2026-08-30,2026,8,2026-08,2026-08-01,30,Sunday,1,ST002,Market_2,Moscow,PR011,Product_11,Household,23,2095.53,1333.54,761.9900000000002,23,0,0.0,2095.53,1.0,127,0,0,1
2026-08-31,2026,8,2026-08,2026-08-01,31,Monday,0,ST002,Market_2,Moscow,PR011,Product_11,Household,18,1639.98,1043.6399999999999,596.3400000000001,18,0,0.0,1639.98,1.0,109,0,0,1
2026-09-01,2026,9,2026-09,2026-09-01,1,Tuesday,0,ST002,Market_2,Moscow,PR011,Product_11,Household,24,2186.64,1391.52,795.1199999999999,24,0,0.0,2186.64,1.0,85,0,0,1
2026-09-02,2026,9,2026-09,2026-09-01,2,Wednesday,0,ST002,Market_2,Moscow,PR011,Product_11,Household,20,1822.2,1159.6,662.6000000000001,20,0,0.0,1822.2,1.0,65,0,0,1
2026-09-03,2026,9,2026-09,2026-09-01,3,Thursday,0,ST002,Market_2,Moscow,PR011,Product_11,Household,22,2004.42,1275.56,728.8600000000001,22,0,0.0,2004.42,1.0,43,0,0,1
2026-09-04,2026,9,2026-09,2026-09-01,4,Friday,0,ST002,Market_2,Moscow,PR011,Product_11,Household,23,2095.53,1333.54,761.9900000000002,23,0,0.0,2095.53,1.0,20,266,0,1
2026-09-05,2026,9,2026-09,2026-09-01,5,Saturday,1,ST002,Market_2,Moscow,PR011,Product_11,Household,20,1822.2,1159.6,662.6000000000001,22,2,182.22,2004.42,0.9090909090909091,0,0,1,0
2026-09-06,2026,9,2026-09,2026-09-01,6,Sunday,1,ST002,Market_2,Moscow,PR011,Product_11,Household,32,2915.52,1855.36,1060.16,32,0,0.0,2915.52,1.0,234,0,0,1
2026-09-07,2026,9,2026-09,2026-09-01,7,Monday,0,ST002,Market_2,Moscow,PR011,Product_11,Household,14,1275.54,811.7199999999999,463.82000000000005,14,0,0.0,1275.54,1.0,220,0,0,1
2026-06-10,2026,6,2026-06,2026-06-01,10,Wednesday,0,ST002,Market_2,Moscow,PR012,Product_12,Beverages,10,926.8,676.3,250.5,10,0,0.0,926.8000000000001,1.0,144,0,0,1
2026-06-11,2026,6,2026-06,2026-06-01,11,Thursday,0,ST002,Market_2,Moscow,PR012,Product_12,Beverages,11,1019.48,743.93,275.55000000000007,11,0,0.0,1019.48,1.0,133,0,0,1
2026-06-12,2026,6,2026-06,2026-06-01,12,Friday,0,ST002,Market_2,Moscow,PR012,Product_12,Beverages,15,1390.2,1014.4499999999999,375.7500000000001,15,0,0.0,1390.2,1.0,118,0,0,1
2026-06-13,2026,6,2026-06,2026-06-01,13,Saturday,1,ST002,Market_2,Moscow,PR012,Product_12,Beverages,12,1112.16,811.56,300.60000000000014,12,0,0.0,1112.16,1.0,106,0,0,1
2026-06-14,2026,6,2026-06,2026-06-01,14,Sunday,1,ST002,Market_2,Moscow,PR012,Product_12,Beverages,15,1390.2,1014.4499999999999,375.7500000000001,15,0,0.0,1390.2,1.0,91,0,0,1
2026-06-15,2026,6,2026-06,2026-06-01,15,Monday,0,ST002,Market_2,Moscow,PR012,Product_12,Beverages,9,834.12,608.67,225.45000000000005,9,0,0.0,834.1200000000001,1.0,82,0,0,1
2026-06-16,2026,6,2026-06,2026-06-01,16,Tuesday,0,ST002,Market_2,Moscow,PR012,Product_12,Beverages,13,1204.84,879.1899999999999,325.65,13,0,0.0,1204.8400000000001,1.0,69,0,0,1
2026-06-17,2026,6,2026-06,2026-06-01,17,Wednesday,0,ST002,Market_2,Moscow,PR012,Product_12,Beverages,11,1019.48,743.93,275.55000000000007,11,0,0.0,1019.48,1.0,58,0,0,1
2026-06-18,2026,6,2026-06,2026-06-01,18,Thursday,0,ST002,Market_2,Moscow,PR012,Product_12,Beverages,13,1204.84,879.1899999999999,325.65,13,0,0.0,1204.8400000000001,1.0,45,0,0,1
2026-06-19,2026,6,2026-06,2026-06-01,19,Friday,0,ST002,Market_2,Moscow,PR012,Product_12,Beverages,8,741.44,541.04,200.4000000000001,8,0,0.0,741.44,1.0,37,0,0,1
2026-06-20,2026,6,2026-06,2026-06-01,20,Saturday,1,ST002,Market_2,Moscow,PR012,Product_12,Beverages,10,926.8,676.3,250.5,10,0,0.0,926.8000000000001,1.0,27,0,0,1
2026-06-21,2026,6,2026-06,2026-06-01,21,Sunday,1,ST002,Market_2,Moscow,PR012,Product_12,Beverages,18,1668.24,1217.34,450.9000000000001,18,0,0.0,1668.2400000000002,1.0,9,154,0,1
2026-06-22,2026,6,2026-06,2026-06-01,22,Monday,0,ST002,Market_2,Moscow,PR012,Product_12,Beverages,9,834.12,608.67,225.45000000000005,12,3,278.04,1112.16,0.75,0,0,1,0
2026-06-23,2026,6,2026-06,2026-06-01,23,Tuesday,0,ST002,Market_2,Moscow,PR012,Product_12,Beverages,12,1112.16,811.56,300.60000000000014,12,0,0.0,1112.16,1.0,142,0,0,1
2026-06-24,2026,6,2026-06,2026-06-01,24,Wednesday,0,ST002,Market_2,Moscow,PR012,Product_12,Beverages,13,1204.84,879.1899999999999,325.65,13,0,0.0,1204.8400000000001,1.0,129,0,0,1
2026-06-25,2026,6,2026-06,2026-06-01,25,Thursday,0,ST002,Market_2,Moscow,PR012,Product_12,Beverages,9,834.12,608.67,225.45000000000005,9,0,0.0,834.1200000000001,1.0,120,0,0,1
2026-06-26,2026,6,2026-06,2026-06-01,26,Friday,0,ST002,Market_2,Moscow,PR012,Product_12,Beverages,17,1575.56,1149.71,425.8499999999999,17,0,0.0,1575.5600000000002,1.0,103,0,0,1
2026-06-27,2026,6,2026-06,2026-06-01,27,Saturday,1,ST002,Market_2,Moscow,PR012,Product_12,Beverages,9,834.12,608.67,225.45000000000005,9,0,0.0,834.1200000000001,1.0,94,0,0,1
2026-06-28,2026,6,2026-06,2026-06-01,28,Sunday,1,ST002,Market_2,Moscow,PR012,Product_12,Beverages,19,1760.92,1284.9699999999998,475.9500000000003,19,0,0.0,1760.92,1.0,75,0,0,1
2026-06-29,2026,6,2026-06,2026-06-01,29,Monday,0,ST002,Market_2,Moscow,PR012,Product_12,Beverages,8,741.44,541.04,200.4000000000001,8,0,0.0,741.44,1.0,67,0,0,1
2026-06-30,2026,6,2026-06,2026-06-01,30,Tuesday,0,ST002,Market_2,Moscow,PR012,Product_12,Beverages,8,741.44,541.04,200.4000000000001,8,0,0.0,741.44,1.0,59,0,0,1
2026-07-01,2026,7,2026-07,2026-07-01,1,Wednesday,0,ST002,Market_2,Moscow,PR012,Product_12,Beverages,9,834.12,608.67,225.45000000000005,9,0,0.0,834.1200000000001,1.0,50,0,0,1
2026-07-02,2026,7,2026-07,2026-07-01,2,Thursday,0,ST002,Market_2,Moscow,PR012,Product_12,Beverages,10,926.8,676.3,250.5,10,0,0.0,926.8000000000001,1.0,40,0,0,1
2026-07-03,2026,7,2026-07,2026-07-01,3,Friday,0,ST002,Market_2,Moscow,PR012,Product_12,Beverages,11,1019.48,743.93,275.55000000000007,11,0,0.0,1019.48,1.0,29,0,0,1
2026-07-04,2026,7,2026-07,2026-07-01,4,Saturday,1,ST002,Market_2,Moscow,PR012,Product_12,Beverages,17,1575.56,1149.71,425.8499999999999,17,0,0.0,1575.5600000000002,1.0,12,154,0,1
2026-07-05,2026,7,2026-07,2026-07-01,5,Sunday,1,ST002,Market_2,Moscow,PR012,Product_12,Beverages,12,1112.16,811.56,300.60000000000014,14,2,185.36,1297.52,0.8571428571428571,0,0,1,0
2026-07-06,2026,7,2026-07,2026-07-01,6,Monday,0,ST002,Market_2,Moscow,PR012,Product_12,Beverages,17,1575.56,1149.71,425.8499999999999,17,0,0.0,1575.5600000000002,1.0,137,0,0,1
2026-07-07,2026,7,2026-07,2026-07-01,7,Tuesday,0,ST002,Market_2,Moscow,PR012,Product_12,Beverages,14,1297.52,946.8199999999999,350.70000000000005,14,0,0.0,1297.52,1.0,123,0,0,1
2026-07-08,2026,7,2026-07,2026-07-01,8,Wednesday,0,ST002,Market_2,Moscow,PR012,Product_12,Beverages,8,741.44,541.04,200.4000000000001,8,0,0.0,741.44,1.0,115,0,0,1
2026-07-09,2026,7,2026-07,2026-07-01,9,Thursday,0,ST002,Market_2,Moscow,PR012,Product_12,Beverages,11,1019.48,743.93,275.55000000000007,11,0,0.0,1019.48,1.0,104,0,0,1
2026-07-10,2026,7,2026-07,2026-07-01,10,Friday,0,ST002,Market_2,Moscow,PR012,Product_12,Beverages,8,741.44,541.04,200.4000000000001,8,0,0.0,741.44,1.0,96,0,0,1
2026-07-11,2026,7,2026-07,2026-07-01,11,Saturday,1,ST002,Market_2,Moscow,PR012,Product_12,Beverages,17,1575.56,1149.71,425.8499999999999,17,0,0.0,1575.5600000000002,1.0,79,0,0,1
2026-07-12,2026,7,2026-07,2026-07-01,12,Sunday,1,ST002,Market_2,Moscow,PR012,Product_12,Beverages,11,1019.48,743.93,275.55000000000007,11,0,0.0,1019.48,1.0,68,0,0,1
2026-07-13,2026,7,2026-07,2026-07-01,13,Monday,0,ST002,Market_2,Moscow,PR012,Product_12,Beverages,13,1204.84,879.1899999999999,325.65,13,0,0.0,1204.8400000000001,1.0,55,0,0,1
2026-07-14,2026,7,2026-07,2026-07-01,14,Tuesday,0,ST002,Market_2,Moscow,PR012,Product_12,Beverages,11,1019.48,743.93,275.55000000000007,11,0,0.0,1019.48,1.0,44,0,0,1
2026-07-15,2026,7,2026-07,2026-07-01,15,Wednesday,0,ST002,Market_2,Moscow,PR012,Product_12,Beverages,15,1390.2,1014.4499999999999,375.7500000000001,15,0,0.0,1390.2,1.0,29,0,0,1
2026-07-16,2026,7,2026-07,2026-07-01,16,Thursday,0,ST002,Market_2,Moscow,PR012,Product_12,Beverages,13,1204.84,879.1899999999999,325.65,13,0,0.0,1204.8400000000001,1.0,16,0,0,1
2026-07-17,2026,7,2026-07,2026-07-01,17,Friday,0,ST002,Market_2,Moscow,PR012,Product_12,Beverages,11,1019.48,743.93,275.55000000000007,11,0,0.0,1019.48,1.0,5,154,0,1
2026-07-18,2026,7,2026-07,2026-07-01,18,Saturday,1,ST002,Market_2,Moscow,PR012,Product_12,Beverages,5,463.4,338.15,125.25,14,9,834.1200000000001,1297.52,0.35714285714285715,0,0,1,0
2026-07-19,2026,7,2026-07,2026-07-01,19,Sunday,1,ST002,Market_2,Moscow,PR012,Product_12,Beverages,18,1668.24,1217.34,450.9000000000001,18,0,0.0,1668.2400000000002,1.0,136,0,0,1
2026-07-20,2026,7,2026-07,2026-07-01,20,Monday,0,ST002,Market_2,Moscow,PR012,Product_12,Beverages,8,741.44,541.04,200.4000000000001,8,0,0.0,741.44,1.0,128,0,0,1
2026-07-21,2026,7,2026-07,2026-07-01,21,Tuesday,0,ST002,Market_2,Moscow,PR012,Product_12,Beverages,14,1297.52,946.8199999999999,350.70000000000005,14,0,0.0,1297.52,1.0,114,0,0,1
2026-07-22,2026,7,2026-07,2026-07-01,22,Wednesday,0,ST002,Market_2,Moscow,PR012,Product_12,Beverages,11,1019.48,743.93,275.55000000000007,11,0,0.0,1019.48,1.0,103,0,0,1
2026-07-23,2026,7,2026-07,2026-07-01,23,Thursday,0,ST002,Market_2,Moscow,PR012,Product_12,Beverages,13,1204.84,879.1899999999999,325.65,13,0,0.0,1204.8400000000001,1.0,90,0,0,1
2026-07-24,2026,7,2026-07,2026-07-01,24,Friday,0,ST002,Market_2,Moscow,PR012,Product_12,Beverages,16,1482.88,1082.08,400.8000000000002,16,0,0.0,1482.88,1.0,74,0,0,1
2026-07-25,2026,7,2026-07,2026-07-01,25,Saturday,1,ST002,Market_2,Moscow,PR012,Product_12,Beverages,12,1112.16,811.56,300.60000000000014,12,0,0.0,1112.16,1.0,62,0,0,1
2026-07-26,2026,7,2026-07,2026-07-01,26,Sunday,1,ST002,Market_2,Moscow,PR012,Product_12,Beverages,18,1668.24,1217.34,450.9000000000001,18,0,0.0,1668.2400000000002,1.0,44,0,0,1
2026-07-27,2026,7,2026-07,2026-07-01,27,Monday,0,ST002,Market_2,Moscow,PR012,Product_12,Beverages,10,926.8,676.3,250.5,10,0,0.0,926.8000000000001,1.0,34,0,0,1
2026-07-28,2026,7,2026-07,2026-07-01,28,Tuesday,0,ST002,Market_2,Moscow,PR012,Product_12,Beverages,10,926.8,676.3,250.5,10,0,0.0,926.8000000000001,1.0,24,0,0,1
2026-07-29,2026,7,2026-07,2026-07-01,29,Wednesday,0,ST002,Market_2,Moscow,PR012,Product_12,Beverages,11,1019.48,743.93,275.55000000000007,11,0,0.0,1019.48,1.0,13,154,0,1
2026-07-30,2026,7,2026-07,2026-07-01,30,Thursday,0,ST002,Market_2,Moscow,PR012,Product_12,Beverages,13,1204.84,879.1899999999999,325.65,21,8,741.44,1946.2800000000002,0.6190476190476191,0,0,1,0
2026-07-31,2026,7,2026-07,2026-07-01,31,Friday,0,ST002,Market_2,Moscow,PR012,Product_12,Beverages,11,1019.48,743.93,275.55000000000007,11,0,0.0,1019.48,1.0,143,0,0,1
2026-08-01,2026,8,2026-08,2026-08-01,1,Saturday,1,ST002,Market_2,Moscow,PR012,Product_12,Beverages,16,1482.88,1082.08,400.8000000000002,16,0,0.0,1482.88,1.0,127,0,0,1
2026-08-02,2026,8,2026-08,2026-08-01,2,Sunday,1,ST002,Market_2,Moscow,PR012,Product_12,Beverages,11,1019.48,743.93,275.55000000000007,11,0,0.0,1019.48,1.0,116,0,0,1
2026-08-03,2026,8,2026-08,2026-08-01,3,Monday,0,ST002,Market_2,Moscow,PR012,Product_12,Beverages,14,1297.52,946.8199999999999,350.70000000000005,14,0,0.0,1297.52,1.0,102,0,0,1
2026-08-04,2026,8,2026-08,2026-08-01,4,Tuesday,0,ST002,Market_2,Moscow,PR012,Product_12,Beverages,8,741.44,541.04,200.4000000000001,8,0,0.0,741.44,1.0,94,0,0,1
2026-08-05,2026,8,2026-08,2026-08-01,5,Wednesday,0,ST002,Market_2,Moscow,PR012,Product_12,Beverages,7,648.76,473.40999999999997,175.35000000000002,7,0,0.0,648.76,1.0,87,0,0,1
2026-08-06,2026,8,2026-08,2026-08-01,6,Thursday,0,ST002,Market_2,Moscow,PR012,Product_12,Beverages,11,1019.48,743.93,275.55000000000007,11,0,0.0,1019.48,1.0,76,0,0,1
2026-08-07,2026,8,2026-08,2026-08-01,7,Friday,0,ST002,Market_2,Moscow,PR012,Product_12,Beverages,8,741.44,541.04,200.4000000000001,8,0,0.0,741.44,1.0,68,0,0,1
2026-08-08,2026,8,2026-08,2026-08-01,8,Saturday,1,ST002,Market_2,Moscow,PR012,Product_12,Beverages,9,834.12,608.67,225.45000000000005,9,0,0.0,834.1200000000001,1.0,59,0,0,1
2026-08-09,2026,8,2026-08,2026-08-01,9,Sunday,1,ST002,Market_2,Moscow,PR012,Product_12,Beverages,14,1297.52,946.8199999999999,350.70000000000005,14,0,0.0,1297.52,1.0,45,0,0,1
2026-08-10,2026,8,2026-08,2026-08-01,10,Monday,0,ST002,Market_2,Moscow,PR012,Product_12,Beverages,11,1019.48,743.93,275.55000000000007,11,0,0.0,1019.48,1.0,34,0,0,1
2026-08-11,2026,8,2026-08,2026-08-01,11,Tuesday,0,ST002,Market_2,Moscow,PR012,Product_12,Beverages,12,1112.16,811.56,300.60000000000014,12,0,0.0,1112.16,1.0,22,0,0,1
2026-08-12,2026,8,2026-08,2026-08-01,12,Wednesday,0,ST002,Market_2,Moscow,PR012,Product_12,Beverages,17,1575.56,1149.71,425.8499999999999,17,0,0.0,1575.5600000000002,1.0,5,154,0,1
2026-08-13,2026,8,2026-08,2026-08-01,13,Thursday,0,ST002,Market_2,Moscow,PR012,Product_12,Beverages,5,463.4,338.15,125.25,14,9,834.1200000000001,1297.52,0.35714285714285715,0,0,1,0
2026-08-14,2026,8,2026-08,2026-08-01,14,Friday,0,ST002,Market_2,Moscow,PR012,Product_12,Beverages,9,834.12,608.67,225.45000000000005,9,0,0.0,834.1200000000001,1.0,145,0,0,1
2026-08-15,2026,8,2026-08,2026-08-01,15,Saturday,1,ST002,Market_2,Moscow,PR012,Product_12,Beverages,9,834.12,608.67,225.45000000000005,9,0,0.0,834.1200000000001,1.0,136,0,0,1
2026-08-16,2026,8,2026-08,2026-08-01,16,Sunday,1,ST002,Market_2,Moscow,PR012,Product_12,Beverages,18,1668.24,1217.34,450.9000000000001,18,0,0.0,1668.2400000000002,1.0,118,0,0,1
2026-08-17,2026,8,2026-08,2026-08-01,17,Monday,0,ST002,Market_2,Moscow,PR012,Product_12,Beverages,6,556.08,405.78,150.30000000000007,6,0,0.0,556.08,1.0,112,0,0,1
2026-08-18,2026,8,2026-08,2026-08-01,18,Tuesday,0,ST002,Market_2,Moscow,PR012,Product_12,Beverages,3,278.04,202.89,75.15000000000003,3,0,0.0,278.04,1.0,109,0,0,1
2026-08-19,2026,8,2026-08,2026-08-01,19,Wednesday,0,ST002,Market_2,Moscow,PR012,Product_12,Beverages,10,926.8,676.3,250.5,10,0,0.0,926.8000000000001,1.0,99,0,0,1
2026-08-20,2026,8,2026-08,2026-08-01,20,Thursday,0,ST002,Market_2,Moscow,PR012,Product_12,Beverages,10,926.8,676.3,250.5,10,0,0.0,926.8000000000001,1.0,89,0,0,1
2026-08-21,2026,8,2026-08,2026-08-01,21,Friday,0,ST002,Market_2,Moscow,PR012,Product_12,Beverages,16,1482.88,1082.08,400.8000000000002,16,0,0.0,1482.88,1.0,73,0,0,1
2026-08-22,2026,8,2026-08,2026-08-01,22,Saturday,1,ST002,Market_2,Moscow,PR012,Product_12,Beverages,17,1575.56,1149.71,425.8499999999999,17,0,0.0,1575.5600000000002,1.0,56,0,0,1
2026-08-23,2026,8,2026-08,2026-08-01,23,Sunday,1,ST002,Market_2,Moscow,PR012,Product_12,Beverages,23,2131.64,1555.4899999999998,576.1500000000001,23,0,0.0,2131.6400000000003,1.0,33,0,0,1
2026-08-24,2026,8,2026-08,2026-08-01,24,Monday,0,ST002,Market_2,Moscow,PR012,Product_12,Beverages,8,741.44,541.04,200.4000000000001,8,0,0.0,741.44,1.0,25,0,0,1
2026-08-25,2026,8,2026-08,2026-08-01,25,Tuesday,0,ST002,Market_2,Moscow,PR012,Product_12,Beverages,10,926.8,676.3,250.5,10,0,0.0,926.8000000000001,1.0,15,0,0,1
2026-08-26,2026,8,2026-08,2026-08-01,26,Wednesday,0,ST002,Market_2,Moscow,PR012,Product_12,Beverages,15,1390.2,1014.4499999999999,375.7500000000001,15,0,0.0,1390.2,1.0,0,154,1,0
2026-08-27,2026,8,2026-08,2026-08-01,27,Thursday,0,ST002,Market_2,Moscow,PR012,Product_12,Beverages,0,0.0,0.0,0.0,12,12,1112.16,1112.16,0.0,0,0,1,0
2026-08-28,2026,8,2026-08,2026-08-01,28,Friday,0,ST002,Market_2,Moscow,PR012,Product_12,Beverages,6,556.08,405.78,150.30000000000007,6,0,0.0,556.08,1.0,148,0,0,1
2026-08-29,2026,8,2026-08,2026-08-01,29,Saturday,1,ST002,Market_2,Moscow,PR012,Product_12,Beverages,9,834.12,608.67,225.45000000000005,9,0,0.0,834.1200000000001,1.0,139,0,0,1
2026-08-30,2026,8,2026-08,2026-08-01,30,Sunday,1,ST002,Market_2,Moscow,PR012,Product_12,Beverages,10,926.8,676.3,250.5,10,0,0.0,926.8000000000001,1.0,129,0,0,1
2026-08-31,2026,8,2026-08,2026-08-01,31,Monday,0,ST002,Market_2,Moscow,PR012,Product_12,Beverages,4,370.72,270.52,100.20000000000005,4,0,0.0,370.72,1.0,125,0,0,1
2026-09-01,2026,9,2026-09,2026-09-01,1,Tuesday,0,ST002,Market_2,Moscow,PR012,Product_12,Beverages,13,1204.84,879.1899999999999,325.65,13,0,0.0,1204.8400000000001,1.0,112,0,0,1
2026-09-02,2026,9,2026-09,2026-09-01,2,Wednesday,0,ST002,Market_2,Moscow,PR012,Product_12,Beverages,8,741.44,541.04,200.4000000000001,8,0,0.0,741.44,1.0,104,0,0,1
2026-09-03,2026,9,2026-09,2026-09-01,3,Thursday,0,ST002,Market_2,Moscow,PR012,Product_12,Beverages,8,741.44,541.04,200.4000000000001,8,0,0.0,741.44,1.0,96,0,0,1
2026-09-04,2026,9,2026-09,2026-09-01,4,Friday,0,ST002,Market_2,Moscow,PR012,Product_12,Beverages,10,926.8,676.3,250.5,10,0,0.0,926.8000000000001,1.0,86,0,0,1
2026-09-05,2026,9,2026-09,2026-09-01,5,Saturday,1,ST002,Market_2,Moscow,PR012,Product_12,Beverages,17,1575.56,1149.71,425.8499999999999,17,0,0.0,1575.5600000000002,1.0,69,0,0,1
2026-09-06,2026,9,2026-09,2026-09-01,6,Sunday,1,ST002,Market_2,Moscow,PR012,Product_12,Beverages,12,1112.16,811.56,300.60000000000014,12,0,0.0,1112.16,1.0,57,0,0,1
2026-09-07,2026,9,2026-09,2026-09-01,7,Monday,0,ST002,Market_2,Moscow,PR012,Product_12,Beverages,9,834.12,608.67,225.45000000000005,9,0,0.0,834.1200000000001,1.0,48,0,0,1
2026-06-10,2026,6,2026-06,2026-06-01,10,Wednesday,0,ST002,Market_2,Moscow,PR013,Product_13,Household,19,2562.72,1506.5100000000002,1056.2099999999996,19,0,0.0,2562.72,1.0,205,0,0,1
2026-06-11,2026,6,2026-06,2026-06-01,11,Thursday,0,ST002,Market_2,Moscow,PR013,Product_13,Household,13,1753.44,1030.77,722.6700000000001,13,0,0.0,1753.44,1.0,192,0,0,1
2026-06-12,2026,6,2026-06,2026-06-01,12,Friday,0,ST002,Market_2,Moscow,PR013,Product_13,Household,17,2292.96,1347.93,945.03,17,0,0.0,2292.96,1.0,175,0,0,1
2026-06-13,2026,6,2026-06,2026-06-01,13,Saturday,1,ST002,Market_2,Moscow,PR013,Product_13,Household,23,3102.24,1823.67,1278.5699999999997,23,0,0.0,3102.24,1.0,152,0,0,1
2026-06-14,2026,6,2026-06,2026-06-01,14,Sunday,1,ST002,Market_2,Moscow,PR013,Product_13,Household,23,3102.24,1823.67,1278.5699999999997,23,0,0.0,3102.24,1.0,129,0,0,1
2026-06-15,2026,6,2026-06,2026-06-01,15,Monday,0,ST002,Market_2,Moscow,PR013,Product_13,Household,10,1348.8,792.9000000000001,555.8999999999999,10,0,0.0,1348.8,1.0,119,0,0,1
2026-06-16,2026,6,2026-06,2026-06-01,16,Tuesday,0,ST002,Market_2,Moscow,PR013,Product_13,Household,11,1483.68,872.19,611.49,11,0,0.0,1483.6799999999998,1.0,108,0,0,1
2026-06-17,2026,6,2026-06,2026-06-01,17,Wednesday,0,ST002,Market_2,Moscow,PR013,Product_13,Household,8,1079.04,634.32,444.7199999999999,8,0,0.0,1079.04,1.0,100,0,0,1
2026-06-18,2026,6,2026-06,2026-06-01,18,Thursday,0,ST002,Market_2,Moscow,PR013,Product_13,Household,12,1618.56,951.48,667.0799999999999,12,0,0.0,1618.56,1.0,88,0,0,1
2026-06-19,2026,6,2026-06,2026-06-01,19,Friday,0,ST002,Market_2,Moscow,PR013,Product_13,Household,18,2427.84,1427.22,1000.6200000000001,18,0,0.0,2427.84,1.0,70,0,0,1
2026-06-20,2026,6,2026-06,2026-06-01,20,Saturday,1,ST002,Market_2,Moscow,PR013,Product_13,Household,24,3237.12,1902.96,1334.1599999999999,24,0,0.0,3237.12,1.0,46,0,0,1
2026-06-21,2026,6,2026-06,2026-06-01,21,Sunday,1,ST002,Market_2,Moscow,PR013,Product_13,Household,23,3102.24,1823.67,1278.5699999999997,23,0,0.0,3102.24,1.0,23,0,0,1
2026-06-22,2026,6,2026-06,2026-06-01,22,Monday,0,ST002,Market_2,Moscow,PR013,Product_13,Household,13,1753.44,1030.77,722.6700000000001,13,0,0.0,1753.44,1.0,10,224,0,1
2026-06-23,2026,6,2026-06,2026-06-01,23,Tuesday,0,ST002,Market_2,Moscow,PR013,Product_13,Household,10,1348.8,792.9000000000001,555.8999999999999,20,10,1348.8,2697.6,0.5,0,0,1,0
2026-06-24,2026,6,2026-06,2026-06-01,24,Wednesday,0,ST002,Market_2,Moscow,PR013,Product_13,Household,14,1888.32,1110.0600000000002,778.2599999999998,14,0,0.0,1888.32,1.0,210,0,0,1
2026-06-25,2026,6,2026-06,2026-06-01,25,Thursday,0,ST002,Market_2,Moscow,PR013,Product_13,Household,20,2697.6,1585.8000000000002,1111.7999999999997,20,0,0.0,2697.6,1.0,190,0,0,1
2026-06-26,2026,6,2026-06,2026-06-01,26,Friday,0,ST002,Market_2,Moscow,PR013,Product_13,Household,24,3237.12,1902.96,1334.1599999999999,24,0,0.0,3237.12,1.0,166,0,0,1
2026-06-27,2026,6,2026-06,2026-06-01,27,Saturday,1,ST002,Market_2,Moscow,PR013,Product_13,Household,18,2427.84,1427.22,1000.6200000000001,18,0,0.0,2427.84,1.0,148,0,0,1
2026-06-28,2026,6,2026-06,2026-06-01,28,Sunday,1,ST002,Market_2,Moscow,PR013,Product_13,Household,20,2697.6,1585.8000000000002,1111.7999999999997,20,0,0.0,2697.6,1.0,128,0,0,1
2026-06-29,2026,6,2026-06,2026-06-01,29,Monday,0,ST002,Market_2,Moscow,PR013,Product_13,Household,17,2292.96,1347.93,945.03,17,0,0.0,2292.96,1.0,111,0,0,1
2026-06-30,2026,6,2026-06,2026-06-01,30,Tuesday,0,ST002,Market_2,Moscow,PR013,Product_13,Household,21,2832.48,1665.0900000000001,1167.3899999999999,21,0,0.0,2832.48,1.0,90,0,0,1
2026-07-01,2026,7,2026-07,2026-07-01,1,Wednesday,0,ST002,Market_2,Moscow,PR013,Product_13,Household,18,2427.84,1427.22,1000.6200000000001,18,0,0.0,2427.84,1.0,72,0,0,1
2026-07-02,2026,7,2026-07,2026-07-01,2,Thursday,0,ST002,Market_2,Moscow,PR013,Product_13,Household,14,1888.32,1110.0600000000002,778.2599999999998,14,0,0.0,1888.32,1.0,58,0,0,1
2026-07-03,2026,7,2026-07,2026-07-01,3,Friday,0,ST002,Market_2,Moscow,PR013,Product_13,Household,13,1753.44,1030.77,722.6700000000001,13,0,0.0,1753.44,1.0,45,0,0,1
2026-07-04,2026,7,2026-07,2026-07-01,4,Saturday,1,ST002,Market_2,Moscow,PR013,Product_13,Household,19,2562.72,1506.5100000000002,1056.2099999999996,19,0,0.0,2562.72,1.0,26,224,0,1
2026-07-05,2026,7,2026-07,2026-07-01,5,Sunday,1,ST002,Market_2,Moscow,PR013,Product_13,Household,17,2292.96,1347.93,945.03,17,0,0.0,2292.96,1.0,9,0,0,1
2026-07-06,2026,7,2026-07,2026-07-01,6,Monday,0,ST002,Market_2,Moscow,PR013,Product_13,Household,22,2967.36,1744.38,1222.98,22,0,0.0,2967.3599999999997,1.0,211,0,0,1
2026-07-07,2026,7,2026-07,2026-07-01,7,Tuesday,0,ST002,Market_2,Moscow,PR013,Product_13,Household,18,2427.84,1427.22,1000.6200000000001,18,0,0.0,2427.84,1.0,193,0,0,1
2026-07-08,2026,7,2026-07,2026-07-01,8,Wednesday,0,ST002,Market_2,Moscow,PR013,Product_13,Household,22,2967.36,1744.38,1222.98,22,0,0.0,2967.3599999999997,1.0,171,0,0,1
2026-07-09,2026,7,2026-07,2026-07-01,9,Thursday,0,ST002,Market_2,Moscow,PR013,Product_13,Household,14,1888.32,1110.0600000000002,778.2599999999998,14,0,0.0,1888.32,1.0,157,0,0,1
2026-07-10,2026,7,2026-07,2026-07-01,10,Friday,0,ST002,Market_2,Moscow,PR013,Product_13,Household,13,1753.44,1030.77,722.6700000000001,13,0,0.0,1753.44,1.0,144,0,0,1
2026-07-11,2026,7,2026-07,2026-07-01,11,Saturday,1,ST002,Market_2,Moscow,PR013,Product_13,Household,16,2158.08,1268.64,889.4399999999998,16,0,0.0,2158.08,1.0,128,0,0,1
2026-07-12,2026,7,2026-07,2026-07-01,12,Sunday,1,ST002,Market_2,Moscow,PR013,Product_13,Household,23,3102.24,1823.67,1278.5699999999997,23,0,0.0,3102.24,1.0,105,0,0,1
2026-07-13,2026,7,2026-07,2026-07-01,13,Monday,0,ST002,Market_2,Moscow,PR013,Product_13,Household,17,2292.96,1347.93,945.03,17,0,0.0,2292.96,1.0,88,0,0,1
2026-07-14,2026,7,2026-07,2026-07-01,14,Tuesday,0,ST002,Market_2,Moscow,PR013,Product_13,Household,15,2023.2,1189.3500000000001,833.8499999999999,15,0,0.0,2023.1999999999998,1.0,73,0,0,1
2026-07-15,2026,7,2026-07,2026-07-01,15,Wednesday,0,ST002,Market_2,Moscow,PR013,Product_13,Household,15,2023.2,1189.3500000000001,833.8499999999999,15,0,0.0,2023.1999999999998,1.0,58,0,0,1
2026-07-16,2026,7,2026-07,2026-07-01,16,Thursday,0,ST002,Market_2,Moscow,PR013,Product_13,Household,16,2158.08,1268.64,889.4399999999998,16,0,0.0,2158.08,1.0,42,0,0,1
2026-07-17,2026,7,2026-07,2026-07-01,17,Friday,0,ST002,Market_2,Moscow,PR013,Product_13,Household,19,2562.72,1506.5100000000002,1056.2099999999996,19,0,0.0,2562.72,1.0,23,224,0,1
2026-07-18,2026,7,2026-07,2026-07-01,18,Saturday,1,ST002,Market_2,Moscow,PR013,Product_13,Household,20,2697.6,1585.8000000000002,1111.7999999999997,20,0,0.0,2697.6,1.0,3,0,0,1
2026-07-19,2026,7,2026-07,2026-07-01,19,Sunday,1,ST002,Market_2,Moscow,PR013,Product_13,Household,18,2427.84,1427.22,1000.6200000000001,18,0,0.0,2427.84,1.0,209,0,0,1
2026-07-20,2026,7,2026-07,2026-07-01,20,Monday,0,ST002,Market_2,Moscow,PR013,Product_13,Household,18,2427.84,1427.22,1000.6200000000001,18,0,0.0,2427.84,1.0,191,0,0,1
2026-07-21,2026,7,2026-07,2026-07-01,21,Tuesday,0,ST002,Market_2,Moscow,PR013,Product_13,Household,19,2562.72,1506.5100000000002,1056.2099999999996,19,0,0.0,2562.72,1.0,172,0,0,1
2026-07-22,2026,7,2026-07,2026-07-01,22,Wednesday,0,ST002,Market_2,Moscow,PR013,Product_13,Household,20,2697.6,1585.8000000000002,1111.7999999999997,20,0,0.0,2697.6,1.0,152,0,0,1
2026-07-23,2026,7,2026-07,2026-07-01,23,Thursday,0,ST002,Market_2,Moscow,PR013,Product_13,Household,13,1753.44,1030.77,722.6700000000001,13,0,0.0,1753.44,1.0,139,0,0,1
2026-07-24,2026,7,2026-07,2026-07-01,24,Friday,0,ST002,Market_2,Moscow,PR013,Product_13,Household,15,2023.2,1189.3500000000001,833.8499999999999,15,0,0.0,2023.1999999999998,1.0,124,0,0,1
2026-07-25,2026,7,2026-07,2026-07-01,25,Saturday,1,ST002,Market_2,Moscow,PR013,Product_13,Household,23,3102.24,1823.67,1278.5699999999997,23,0,0.0,3102.24,1.0,101,0,0,1
2026-07-26,2026,7,2026-07,2026-07-01,26,Sunday,1,ST002,Market_2,Moscow,PR013,Product_13,Household,22,2967.36,1744.38,1222.98,22,0,0.0,2967.3599999999997,1.0,79,0,0,1
2026-07-27,2026,7,2026-07,2026-07-01,27,Monday,0,ST002,Market_2,Moscow,PR013,Product_13,Household,17,2292.96,1347.93,945.03,17,0,0.0,2292.96,1.0,62,0,0,1
2026-07-28,2026,7,2026-07,2026-07-01,28,Tuesday,0,ST002,Market_2,Moscow,PR013,Product_13,Household,15,2023.2,1189.3500000000001,833.8499999999999,15,0,0.0,2023.1999999999998,1.0,47,0,0,1
2026-07-29,2026,7,2026-07,2026-07-01,29,Wednesday,0,ST002,Market_2,Moscow,PR013,Product_13,Household,12,1618.56,951.48,667.0799999999999,12,0,0.0,1618.56,1.0,35,0,0,1
2026-07-30,2026,7,2026-07,2026-07-01,30,Thursday,0,ST002,Market_2,Moscow,PR013,Product_13,Household,11,1483.68,872.19,611.49,11,0,0.0,1483.6799999999998,1.0,24,224,0,1
2026-07-31,2026,7,2026-07,2026-07-01,31,Friday,0,ST002,Market_2,Moscow,PR013,Product_13,Household,15,2023.2,1189.3500000000001,833.8499999999999,15,0,0.0,2023.1999999999998,1.0,9,0,0,1
2026-08-01,2026,8,2026-08,2026-08-01,1,Saturday,1,ST002,Market_2,Moscow,PR013,Product_13,Household,26,3506.88,2061.54,1445.3400000000001,26,0,0.0,3506.88,1.0,207,0,0,1
2026-08-02,2026,8,2026-08,2026-08-01,2,Sunday,1,ST002,Market_2,Moscow,PR013,Product_13,Household,20,2697.6,1585.8000000000002,1111.7999999999997,20,0,0.0,2697.6,1.0,187,0,0,1
2026-08-03,2026,8,2026-08,2026-08-01,3,Monday,0,ST002,Market_2,Moscow,PR013,Product_13,Household,12,1618.56,951.48,667.0799999999999,12,0,0.0,1618.56,1.0,175,0,0,1
2026-08-04,2026,8,2026-08,2026-08-01,4,Tuesday,0,ST002,Market_2,Moscow,PR013,Product_13,Household,16,2158.08,1268.64,889.4399999999998,16,0,0.0,2158.08,1.0,159,0,0,1
2026-08-05,2026,8,2026-08,2026-08-01,5,Wednesday,0,ST002,Market_2,Moscow,PR013,Product_13,Household,11,1483.68,872.19,611.49,11,0,0.0,1483.6799999999998,1.0,148,0,0,1
2026-08-06,2026,8,2026-08,2026-08-01,6,Thursday,0,ST002,Market_2,Moscow,PR013,Product_13,Household,16,2158.08,1268.64,889.4399999999998,16,0,0.0,2158.08,1.0,132,0,0,1
2026-08-07,2026,8,2026-08,2026-08-01,7,Friday,0,ST002,Market_2,Moscow,PR013,Product_13,Household,11,1483.68,872.19,611.49,11,0,0.0,1483.6799999999998,1.0,121,0,0,1
2026-08-08,2026,8,2026-08,2026-08-01,8,Saturday,1,ST002,Market_2,Moscow,PR013,Product_13,Household,24,3237.12,1902.96,1334.1599999999999,24,0,0.0,3237.12,1.0,97,0,0,1
2026-08-09,2026,8,2026-08,2026-08-01,9,Sunday,1,ST002,Market_2,Moscow,PR013,Product_13,Household,26,3506.88,2061.54,1445.3400000000001,26,0,0.0,3506.88,1.0,71,0,0,1
2026-08-10,2026,8,2026-08,2026-08-01,10,Monday,0,ST002,Market_2,Moscow,PR013,Product_13,Household,13,1753.44,1030.77,722.6700000000001,13,0,0.0,1753.44,1.0,58,0,0,1
2026-08-11,2026,8,2026-08,2026-08-01,11,Tuesday,0,ST002,Market_2,Moscow,PR013,Product_13,Household,19,2562.72,1506.5100000000002,1056.2099999999996,19,0,0.0,2562.72,1.0,39,0,0,1
2026-08-12,2026,8,2026-08,2026-08-01,12,Wednesday,0,ST002,Market_2,Moscow,PR013,Product_13,Household,20,2697.6,1585.8000000000002,1111.7999999999997,20,0,0.0,2697.6,1.0,19,0,0,1
2026-08-13,2026,8,2026-08,2026-08-01,13,Thursday,0,ST002,Market_2,Moscow,PR013,Product_13,Household,19,2562.72,1506.5100000000002,1056.2099999999996,21,2,269.76,2832.48,0.9047619047619048,0,224,1,0
2026-08-14,2026,8,2026-08,2026-08-01,14,Friday,0,ST002,Market_2,Moscow,PR013,Product_13,Household,0,0.0,0.0,0.0,12,12,1618.56,1618.56,0.0,0,0,1,0
2026-08-15,2026,8,2026-08,2026-08-01,15,Saturday,1,ST002,Market_2,Moscow,PR013,Product_13,Household,22,2967.36,1744.38,1222.98,22,0,0.0,2967.3599999999997,1.0,202,0,0,1
2026-08-16,2026,8,2026-08,2026-08-01,16,Sunday,1,ST002,Market_2,Moscow,PR013,Product_13,Household,24,3237.12,1902.96,1334.1599999999999,24,0,0.0,3237.12,1.0,178,0,0,1
2026-08-17,2026,8,2026-08,2026-08-01,17,Monday,0,ST002,Market_2,Moscow,PR013,Product_13,Household,17,2292.96,1347.93,945.03,17,0,0.0,2292.96,1.0,161,0,0,1
2026-08-18,2026,8,2026-08,2026-08-01,18,Tuesday,0,ST002,Market_2,Moscow,PR013,Product_13,Household,16,2158.08,1268.64,889.4399999999998,16,0,0.0,2158.08,1.0,145,0,0,1
2026-08-19,2026,8,2026-08,2026-08-01,19,Wednesday,0,ST002,Market_2,Moscow,PR013,Product_13,Household,15,2023.2,1189.3500000000001,833.8499999999999,15,0,0.0,2023.1999999999998,1.0,130,0,0,1
2026-08-20,2026,8,2026-08,2026-08-01,20,Thursday,0,ST002,Market_2,Moscow,PR013,Product_13,Household,16,2158.08,1268.64,889.4399999999998,16,0,0.0,2158.08,1.0,114,0,0,1
2026-08-21,2026,8,2026-08,2026-08-01,21,Friday,0,ST002,Market_2,Moscow,PR013,Product_13,Household,15,2023.2,1189.3500000000001,833.8499999999999,15,0,0.0,2023.1999999999998,1.0,99,0,0,1
2026-08-22,2026,8,2026-08,2026-08-01,22,Saturday,1,ST002,Market_2,Moscow,PR013,Product_13,Household,18,2427.84,1427.22,1000.6200000000001,18,0,0.0,2427.84,1.0,81,0,0,1
2026-08-23,2026,8,2026-08,2026-08-01,23,Sunday,1,ST002,Market_2,Moscow,PR013,Product_13,Household,21,2832.48,1665.0900000000001,1167.3899999999999,21,0,0.0,2832.48,1.0,60,0,0,1
2026-08-24,2026,8,2026-08,2026-08-01,24,Monday,0,ST002,Market_2,Moscow,PR013,Product_13,Household,20,2697.6,1585.8000000000002,1111.7999999999997,20,0,0.0,2697.6,1.0,40,0,0,1
2026-08-25,2026,8,2026-08,2026-08-01,25,Tuesday,0,ST002,Market_2,Moscow,PR013,Product_13,Household,17,2292.96,1347.93,945.03,17,0,0.0,2292.96,1.0,23,0,0,1
2026-08-26,2026,8,2026-08,2026-08-01,26,Wednesday,0,ST002,Market_2,Moscow,PR013,Product_13,Household,15,2023.2,1189.3500000000001,833.8499999999999,15,0,0.0,2023.1999999999998,1.0,8,224,0,1
2026-08-27,2026,8,2026-08,2026-08-01,27,Thursday,0,ST002,Market_2,Moscow,PR013,Product_13,Household,8,1079.04,634.32,444.7199999999999,11,3,404.64,1483.6799999999998,0.7272727272727273,0,0,1,0
2026-08-28,2026,8,2026-08,2026-08-01,28,Friday,0,ST002,Market_2,Moscow,PR013,Product_13,Household,14,1888.32,1110.0600000000002,778.2599999999998,14,0,0.0,1888.32,1.0,210,0,0,1
2026-08-29,2026,8,2026-08,2026-08-01,29,Saturday,1,ST002,Market_2,Moscow,PR013,Product_13,Household,22,2967.36,1744.38,1222.98,22,0,0.0,2967.3599999999997,1.0,188,0,0,1
2026-08-30,2026,8,2026-08,2026-08-01,30,Sunday,1,ST002,Market_2,Moscow,PR013,Product_13,Household,16,2158.08,1268.64,889.4399999999998,16,0,0.0,2158.08,1.0,172,0,0,1
2026-08-31,2026,8,2026-08,2026-08-01,31,Monday,0,ST002,Market_2,Moscow,PR013,Product_13,Household,13,1753.44,1030.77,722.6700000000001,13,0,0.0,1753.44,1.0,159,0,0,1
2026-09-01,2026,9,2026-09,2026-09-01,1,Tuesday,0,ST002,Market_2,Moscow,PR013,Product_13,Household,15,2023.2,1189.3500000000001,833.8499999999999,15,0,0.0,2023.1999999999998,1.0,144,0,0,1
2026-09-02,2026,9,2026-09,2026-09-01,2,Wednesday,0,ST002,Market_2,Moscow,PR013,Product_13,Household,19,2562.72,1506.5100000000002,1056.2099999999996,19,0,0.0,2562.72,1.0,125,0,0,1
2026-09-03,2026,9,2026-09,2026-09-01,3,Thursday,0,ST002,Market_2,Moscow,PR013,Product_13,Household,16,2158.08,1268.64,889.4399999999998,16,0,0.0,2158.08,1.0,109,0,0,1
2026-09-04,2026,9,2026-09,2026-09-01,4,Friday,0,ST002,Market_2,Moscow,PR013,Product_13,Household,14,1888.32,1110.0600000000002,778.2599999999998,14,0,0.0,1888.32,1.0,95,0,0,1
2026-09-05,2026,9,2026-09,2026-09-01,5,Saturday,1,ST002,Market_2,Moscow,PR013,Product_13,Household,22,2967.36,1744.38,1222.98,22,0,0.0,2967.3599999999997,1.0,73,0,0,1
2026-09-06,2026,9,2026-09,2026-09-01,6,Sunday,1,ST002,Market_2,Moscow,PR013,Product_13,Household,29,3911.52,2299.4100000000003,1612.1099999999997,29,0,0.0,3911.52,1.0,44,0,0,1
2026-09-07,2026,9,2026-09,2026-09-01,7,Monday,0,ST002,Market_2,Moscow,PR013,Product_13,Household,11,1483.68,872.19,611.49,11,0,0.0,1483.6799999999998,1.0,33,0,0,1
2026-06-10,2026,6,2026-06,2026-06-01,10,Wednesday,0,ST002,Market_2,Moscow,PR014,Product_14,Household,10,1632.4,1220.6999999999998,411.7000000000003,10,0,0.0,1632.4,1.0,158,0,0,1
2026-06-11,2026,6,2026-06,2026-06-01,11,Thursday,0,ST002,Market_2,Moscow,PR014,Product_14,Household,17,2775.08,2075.19,699.8899999999999,17,0,0.0,2775.08,1.0,141,0,0,1
2026-06-12,2026,6,2026-06,2026-06-01,12,Friday,0,ST002,Market_2,Moscow,PR014,Product_14,Household,18,2938.32,2197.2599999999998,741.0600000000004,18,0,0.0,2938.32,1.0,123,0,0,1
2026-06-13,2026,6,2026-06,2026-06-01,13,Saturday,1,ST002,Market_2,Moscow,PR014,Product_14,Household,20,3264.8,2441.3999999999996,823.4000000000005,20,0,0.0,3264.8,1.0,103,0,0,1
2026-06-14,2026,6,2026-06,2026-06-01,14,Sunday,1,ST002,Market_2,Moscow,PR014,Product_14,Household,13,2122.12,1586.9099999999999,535.21,13,0,0.0,2122.12,1.0,90,0,0,1
2026-06-15,2026,6,2026-06,2026-06-01,15,Monday,0,ST002,Market_2,Moscow,PR014,Product_14,Household,8,1305.92,976.56,329.3600000000001,8,0,0.0,1305.92,1.0,82,0,0,1
2026-06-16,2026,6,2026-06,2026-06-01,16,Tuesday,0,ST002,Market_2,Moscow,PR014,Product_14,Household,10,1632.4,1220.6999999999998,411.7000000000003,10,0,0.0,1632.4,1.0,72,0,0,1
2026-06-17,2026,6,2026-06,2026-06-01,17,Wednesday,0,ST002,Market_2,Moscow,PR014,Product_14,Household,9,1469.16,1098.6299999999999,370.5300000000002,9,0,0.0,1469.16,1.0,63,0,0,1
2026-06-18,2026,6,2026-06,2026-06-01,18,Thursday,0,ST002,Market_2,Moscow,PR014,Product_14,Household,8,1305.92,976.56,329.3600000000001,8,0,0.0,1305.92,1.0,55,0,0,1
2026-06-19,2026,6,2026-06,2026-06-01,19,Friday,0,ST002,Market_2,Moscow,PR014,Product_14,Household,10,1632.4,1220.6999999999998,411.7000000000003,10,0,0.0,1632.4,1.0,45,0,0,1
2026-06-20,2026,6,2026-06,2026-06-01,20,Saturday,1,ST002,Market_2,Moscow,PR014,Product_14,Household,21,3428.04,2563.47,864.5700000000002,21,0,0.0,3428.04,1.0,24,168,0,1
2026-06-21,2026,6,2026-06,2026-06-01,21,Sunday,1,ST002,Market_2,Moscow,PR014,Product_14,Household,14,2285.36,1708.98,576.3800000000001,14,0,0.0,2285.36,1.0,10,0,0,1
2026-06-22,2026,6,2026-06,2026-06-01,22,Monday,0,ST002,Market_2,Moscow,PR014,Product_14,Household,9,1469.16,1098.6299999999999,370.5300000000002,9,0,0.0,1469.16,1.0,169,0,0,1
2026-06-23,2026,6,2026-06,2026-06-01,23,Tuesday,0,ST002,Market_2,Moscow,PR014,Product_14,Household,12,1958.88,1464.84,494.0400000000002,12,0,0.0,1958.88,1.0,157,0,0,1
2026-06-24,2026,6,2026-06,2026-06-01,24,Wednesday,0,ST002,Market_2,Moscow,PR014,Product_14,Household,15,2448.6,1831.05,617.55,15,0,0.0,2448.6000000000004,1.0,142,0,0,1
2026-06-25,2026,6,2026-06,2026-06-01,25,Thursday,0,ST002,Market_2,Moscow,PR014,Product_14,Household,9,1469.16,1098.6299999999999,370.5300000000002,9,0,0.0,1469.16,1.0,133,0,0,1
2026-06-26,2026,6,2026-06,2026-06-01,26,Friday,0,ST002,Market_2,Moscow,PR014,Product_14,Household,10,1632.4,1220.6999999999998,411.7000000000003,10,0,0.0,1632.4,1.0,123,0,0,1
2026-06-27,2026,6,2026-06,2026-06-01,27,Saturday,1,ST002,Market_2,Moscow,PR014,Product_14,Household,16,2611.84,1953.12,658.7200000000003,16,0,0.0,2611.84,1.0,107,0,0,1
2026-06-28,2026,6,2026-06,2026-06-01,28,Sunday,1,ST002,Market_2,Moscow,PR014,Product_14,Household,18,2938.32,2197.2599999999998,741.0600000000004,18,0,0.0,2938.32,1.0,89,0,0,1
2026-06-29,2026,6,2026-06,2026-06-01,29,Monday,0,ST002,Market_2,Moscow,PR014,Product_14,Household,10,1632.4,1220.6999999999998,411.7000000000003,10,0,0.0,1632.4,1.0,79,0,0,1
2026-06-30,2026,6,2026-06,2026-06-01,30,Tuesday,0,ST002,Market_2,Moscow,PR014,Product_14,Household,9,1469.16,1098.6299999999999,370.5300000000002,9,0,0.0,1469.16,1.0,70,0,0,1
2026-07-01,2026,7,2026-07,2026-07-01,1,Wednesday,0,ST002,Market_2,Moscow,PR014,Product_14,Household,9,1469.16,1098.6299999999999,370.5300000000002,9,0,0.0,1469.16,1.0,61,0,0,1
2026-07-02,2026,7,2026-07,2026-07-01,2,Thursday,0,ST002,Market_2,Moscow,PR014,Product_14,Household,10,1632.4,1220.6999999999998,411.7000000000003,10,0,0.0,1632.4,1.0,51,0,0,1
2026-07-03,2026,7,2026-07,2026-07-01,3,Friday,0,ST002,Market_2,Moscow,PR014,Product_14,Household,22,3591.28,2685.54,905.7400000000002,22,0,0.0,3591.28,1.0,29,168,0,1
2026-07-04,2026,7,2026-07,2026-07-01,4,Saturday,1,ST002,Market_2,Moscow,PR014,Product_14,Household,14,2285.36,1708.98,576.3800000000001,14,0,0.0,2285.36,1.0,15,0,0,1
2026-07-05,2026,7,2026-07,2026-07-01,5,Sunday,1,ST002,Market_2,Moscow,PR014,Product_14,Household,16,2611.84,1953.12,658.7200000000003,16,0,0.0,2611.84,1.0,167,0,0,1
2026-07-06,2026,7,2026-07,2026-07-01,6,Monday,0,ST002,Market_2,Moscow,PR014,Product_14,Household,12,1958.88,1464.84,494.0400000000002,12,0,0.0,1958.88,1.0,155,0,0,1
2026-07-07,2026,7,2026-07,2026-07-01,7,Tuesday,0,ST002,Market_2,Moscow,PR014,Product_14,Household,6,979.44,732.42,247.0200000000001,6,0,0.0,979.44,1.0,149,0,0,1
2026-07-08,2026,7,2026-07,2026-07-01,8,Wednesday,0,ST002,Market_2,Moscow,PR014,Product_14,Household,14,2285.36,1708.98,576.3800000000001,14,0,0.0,2285.36,1.0,135,0,0,1
2026-07-09,2026,7,2026-07,2026-07-01,9,Thursday,0,ST002,Market_2,Moscow,PR014,Product_14,Household,11,1795.64,1342.77,452.8700000000001,11,0,0.0,1795.64,1.0,124,0,0,1
2026-07-10,2026,7,2026-07,2026-07-01,10,Friday,0,ST002,Market_2,Moscow,PR014,Product_14,Household,11,1795.64,1342.77,452.8700000000001,11,0,0.0,1795.64,1.0,113,0,0,1
2026-07-11,2026,7,2026-07,2026-07-01,11,Saturday,1,ST002,Market_2,Moscow,PR014,Product_14,Household,16,2611.84,1953.12,658.7200000000003,16,0,0.0,2611.84,1.0,97,0,0,1
2026-07-12,2026,7,2026-07,2026-07-01,12,Sunday,1,ST002,Market_2,Moscow,PR014,Product_14,Household,21,3428.04,2563.47,864.5700000000002,21,0,0.0,3428.04,1.0,76,0,0,1
2026-07-13,2026,7,2026-07,2026-07-01,13,Monday,0,ST002,Market_2,Moscow,PR014,Product_14,Household,11,1795.64,1342.77,452.8700000000001,11,0,0.0,1795.64,1.0,65,0,0,1
2026-07-14,2026,7,2026-07,2026-07-01,14,Tuesday,0,ST002,Market_2,Moscow,PR014,Product_14,Household,11,1795.64,1342.77,452.8700000000001,11,0,0.0,1795.64,1.0,54,0,0,1
2026-07-15,2026,7,2026-07,2026-07-01,15,Wednesday,0,ST002,Market_2,Moscow,PR014,Product_14,Household,16,2611.84,1953.12,658.7200000000003,16,0,0.0,2611.84,1.0,38,0,0,1
2026-07-16,2026,7,2026-07,2026-07-01,16,Thursday,0,ST002,Market_2,Moscow,PR014,Product_14,Household,7,1142.68,854.49,288.19000000000005,7,0,0.0,1142.68,1.0,31,0,0,1
2026-07-17,2026,7,2026-07,2026-07-01,17,Friday,0,ST002,Market_2,Moscow,PR014,Product_14,Household,7,1142.68,854.49,288.19000000000005,7,0,0.0,1142.68,1.0,24,168,0,1
2026-07-18,2026,7,2026-07,2026-07-01,18,Saturday,1,ST002,Market_2,Moscow,PR014,Product_14,Household,12,1958.88,1464.84,494.0400000000002,12,0,0.0,1958.88,1.0,12,0,0,1
2026-07-19,2026,7,2026-07,2026-07-01,19,Sunday,1,ST002,Market_2,Moscow,PR014,Product_14,Household,19,3101.56,2319.33,782.23,19,0,0.0,3101.5600000000004,1.0,161,0,0,1
2026-07-20,2026,7,2026-07,2026-07-01,20,Monday,0,ST002,Market_2,Moscow,PR014,Product_14,Household,10,1632.4,1220.6999999999998,411.7000000000003,10,0,0.0,1632.4,1.0,151,0,0,1
2026-07-21,2026,7,2026-07,2026-07-01,21,Tuesday,0,ST002,Market_2,Moscow,PR014,Product_14,Household,16,2611.84,1953.12,658.7200000000003,16,0,0.0,2611.84,1.0,135,0,0,1
2026-07-22,2026,7,2026-07,2026-07-01,22,Wednesday,0,ST002,Market_2,Moscow,PR014,Product_14,Household,10,1632.4,1220.6999999999998,411.7000000000003,10,0,0.0,1632.4,1.0,125,0,0,1
2026-07-23,2026,7,2026-07,2026-07-01,23,Thursday,0,ST002,Market_2,Moscow,PR014,Product_14,Household,5,816.2,610.3499999999999,205.85000000000014,5,0,0.0,816.2,1.0,120,0,0,1
2026-07-24,2026,7,2026-07,2026-07-01,24,Friday,0,ST002,Market_2,Moscow,PR014,Product_14,Household,12,1958.88,1464.84,494.0400000000002,12,0,0.0,1958.88,1.0,108,0,0,1
2026-07-25,2026,7,2026-07,2026-07-01,25,Saturday,1,ST002,Market_2,Moscow,PR014,Product_14,Household,13,2122.12,1586.9099999999999,535.21,13,0,0.0,2122.12,1.0,95,0,0,1
2026-07-26,2026,7,2026-07,2026-07-01,26,Sunday,1,ST002,Market_2,Moscow,PR014,Product_14,Household,13,2122.12,1586.9099999999999,535.21,13,0,0.0,2122.12,1.0,82,0,0,1
2026-07-27,2026,7,2026-07,2026-07-01,27,Monday,0,ST002,Market_2,Moscow,PR014,Product_14,Household,9,1469.16,1098.6299999999999,370.5300000000002,9,0,0.0,1469.16,1.0,73,0,0,1
2026-07-28,2026,7,2026-07,2026-07-01,28,Tuesday,0,ST002,Market_2,Moscow,PR014,Product_14,Household,9,1469.16,1098.6299999999999,370.5300000000002,9,0,0.0,1469.16,1.0,64,0,0,1
2026-07-29,2026,7,2026-07,2026-07-01,29,Wednesday,0,ST002,Market_2,Moscow,PR014,Product_14,Household,13,2122.12,1586.9099999999999,535.21,13,0,0.0,2122.12,1.0,51,0,0,1
2026-07-30,2026,7,2026-07,2026-07-01,30,Thursday,0,ST002,Market_2,Moscow,PR014,Product_14,Household,14,2285.36,1708.98,576.3800000000001,14,0,0.0,2285.36,1.0,37,168,0,1
2026-07-31,2026,7,2026-07,2026-07-01,31,Friday,0,ST002,Market_2,Moscow,PR014,Product_14,Household,15,2448.6,1831.05,617.55,15,0,0.0,2448.6000000000004,1.0,22,0,0,1
2026-08-01,2026,8,2026-08,2026-08-01,1,Saturday,1,ST002,Market_2,Moscow,PR014,Product_14,Household,16,2611.84,1953.12,658.7200000000003,16,0,0.0,2611.84,1.0,174,0,0,1
2026-08-02,2026,8,2026-08,2026-08-01,2,Sunday,1,ST002,Market_2,Moscow,PR014,Product_14,Household,22,3591.28,2685.54,905.7400000000002,22,0,0.0,3591.28,1.0,152,0,0,1
2026-08-03,2026,8,2026-08,2026-08-01,3,Monday,0,ST002,Market_2,Moscow,PR014,Product_14,Household,13,2122.12,1586.9099999999999,535.21,13,0,0.0,2122.12,1.0,139,0,0,1
2026-08-04,2026,8,2026-08,2026-08-01,4,Tuesday,0,ST002,Market_2,Moscow,PR014,Product_14,Household,11,1795.64,1342.77,452.8700000000001,11,0,0.0,1795.64,1.0,128,0,0,1
2026-08-05,2026,8,2026-08,2026-08-01,5,Wednesday,0,ST002,Market_2,Moscow,PR014,Product_14,Household,18,2938.32,2197.2599999999998,741.0600000000004,18,0,0.0,2938.32,1.0,110,0,0,1
2026-08-06,2026,8,2026-08,2026-08-01,6,Thursday,0,ST002,Market_2,Moscow,PR014,Product_14,Household,12,1958.88,1464.84,494.0400000000002,12,0,0.0,1958.88,1.0,98,0,0,1
2026-08-07,2026,8,2026-08,2026-08-01,7,Friday,0,ST002,Market_2,Moscow,PR014,Product_14,Household,14,2285.36,1708.98,576.3800000000001,14,0,0.0,2285.36,1.0,84,0,0,1
2026-08-08,2026,8,2026-08,2026-08-01,8,Saturday,1,ST002,Market_2,Moscow,PR014,Product_14,Household,21,3428.04,2563.47,864.5700000000002,21,0,0.0,3428.04,1.0,63,0,0,1
2026-08-09,2026,8,2026-08,2026-08-01,9,Sunday,1,ST002,Market_2,Moscow,PR014,Product_14,Household,15,2448.6,1831.05,617.55,15,0,0.0,2448.6000000000004,1.0,48,0,0,1
2026-08-10,2026,8,2026-08,2026-08-01,10,Monday,0,ST002,Market_2,Moscow,PR014,Product_14,Household,13,2122.12,1586.9099999999999,535.21,13,0,0.0,2122.12,1.0,35,0,0,1
2026-08-11,2026,8,2026-08,2026-08-01,11,Tuesday,0,ST002,Market_2,Moscow,PR014,Product_14,Household,17,2775.08,2075.19,699.8899999999999,17,0,0.0,2775.08,1.0,18,0,0,1
2026-08-12,2026,8,2026-08,2026-08-01,12,Wednesday,0,ST002,Market_2,Moscow,PR014,Product_14,Household,11,1795.64,1342.77,452.8700000000001,11,0,0.0,1795.64,1.0,7,168,0,1
2026-08-13,2026,8,2026-08,2026-08-01,13,Thursday,0,ST002,Market_2,Moscow,PR014,Product_14,Household,7,1142.68,854.49,288.19000000000005,11,4,652.96,1795.64,0.6363636363636364,0,0,1,0
2026-08-14,2026,8,2026-08,2026-08-01,14,Friday,0,ST002,Market_2,Moscow,PR014,Product_14,Household,13,2122.12,1586.9099999999999,535.21,13,0,0.0,2122.12,1.0,155,0,0,1
2026-08-15,2026,8,2026-08,2026-08-01,15,Saturday,1,ST002,Market_2,Moscow,PR014,Product_14,Household,23,3754.52,2807.6099999999997,946.9100000000003,23,0,0.0,3754.5200000000004,1.0,132,0,0,1
2026-08-16,2026,8,2026-08,2026-08-01,16,Sunday,1,ST002,Market_2,Moscow,PR014,Product_14,Household,17,2775.08,2075.19,699.8899999999999,17,0,0.0,2775.08,1.0,115,0,0,1
2026-08-17,2026,8,2026-08,2026-08-01,17,Monday,0,ST002,Market_2,Moscow,PR014,Product_14,Household,12,1958.88,1464.84,494.0400000000002,12,0,0.0,1958.88,1.0,103,0,0,1
2026-08-18,2026,8,2026-08,2026-08-01,18,Tuesday,0,ST002,Market_2,Moscow,PR014,Product_14,Household,14,2285.36,1708.98,576.3800000000001,14,0,0.0,2285.36,1.0,89,0,0,1
2026-08-19,2026,8,2026-08,2026-08-01,19,Wednesday,0,ST002,Market_2,Moscow,PR014,Product_14,Household,8,1305.92,976.56,329.3600000000001,8,0,0.0,1305.92,1.0,81,0,0,1
2026-08-20,2026,8,2026-08,2026-08-01,20,Thursday,0,ST002,Market_2,Moscow,PR014,Product_14,Household,12,1958.88,1464.84,494.0400000000002,12,0,0.0,1958.88,1.0,69,0,0,1
2026-08-21,2026,8,2026-08,2026-08-01,21,Friday,0,ST002,Market_2,Moscow,PR014,Product_14,Household,12,1958.88,1464.84,494.0400000000002,12,0,0.0,1958.88,1.0,57,0,0,1
2026-08-22,2026,8,2026-08,2026-08-01,22,Saturday,1,ST002,Market_2,Moscow,PR014,Product_14,Household,20,3264.8,2441.3999999999996,823.4000000000005,20,0,0.0,3264.8,1.0,37,0,0,1
2026-08-23,2026,8,2026-08,2026-08-01,23,Sunday,1,ST002,Market_2,Moscow,PR014,Product_14,Household,19,3101.56,2319.33,782.23,19,0,0.0,3101.5600000000004,1.0,18,0,0,1
2026-08-24,2026,8,2026-08,2026-08-01,24,Monday,0,ST002,Market_2,Moscow,PR014,Product_14,Household,12,1958.88,1464.84,494.0400000000002,12,0,0.0,1958.88,1.0,6,168,0,1
2026-08-25,2026,8,2026-08,2026-08-01,25,Tuesday,0,ST002,Market_2,Moscow,PR014,Product_14,Household,6,979.44,732.42,247.0200000000001,9,3,489.72,1469.16,0.6666666666666666,0,0,1,0
2026-08-26,2026,8,2026-08,2026-08-01,26,Wednesday,0,ST002,Market_2,Moscow,PR014,Product_14,Household,8,1305.92,976.56,329.3600000000001,8,0,0.0,1305.92,1.0,160,0,0,1
2026-08-27,2026,8,2026-08,2026-08-01,27,Thursday,0,ST002,Market_2,Moscow,PR014,Product_14,Household,13,2122.12,1586.9099999999999,535.21,13,0,0.0,2122.12,1.0,147,0,0,1
2026-08-28,2026,8,2026-08,2026-08-01,28,Friday,0,ST002,Market_2,Moscow,PR014,Product_14,Household,8,1305.92,976.56,329.3600000000001,8,0,0.0,1305.92,1.0,139,0,0,1
2026-08-29,2026,8,2026-08,2026-08-01,29,Saturday,1,ST002,Market_2,Moscow,PR014,Product_14,Household,21,3428.04,2563.47,864.5700000000002,21,0,0.0,3428.04,1.0,118,0,0,1
2026-08-30,2026,8,2026-08,2026-08-01,30,Sunday,1,ST002,Market_2,Moscow,PR014,Product_14,Household,21,3428.04,2563.47,864.5700000000002,21,0,0.0,3428.04,1.0,97,0,0,1
2026-08-31,2026,8,2026-08,2026-08-01,31,Monday,0,ST002,Market_2,Moscow,PR014,Product_14,Household,6,979.44,732.42,247.0200000000001,6,0,0.0,979.44,1.0,91,0,0,1
2026-09-01,2026,9,2026-09,2026-09-01,1,Tuesday,0,ST002,Market_2,Moscow,PR014,Product_14,Household,13,2122.12,1586.9099999999999,535.21,13,0,0.0,2122.12,1.0,78,0,0,1
2026-09-02,2026,9,2026-09,2026-09-01,2,Wednesday,0,ST002,Market_2,Moscow,PR014,Product_14,Household,11,1795.64,1342.77,452.8700000000001,11,0,0.0,1795.64,1.0,67,0,0,1
2026-09-03,2026,9,2026-09,2026-09-01,3,Thursday,0,ST002,Market_2,Moscow,PR014,Product_14,Household,10,1632.4,1220.6999999999998,411.7000000000003,10,0,0.0,1632.4,1.0,57,0,0,1
2026-09-04,2026,9,2026-09,2026-09-01,4,Friday,0,ST002,Market_2,Moscow,PR014,Product_14,Household,16,2611.84,1953.12,658.7200000000003,16,0,0.0,2611.84,1.0,41,0,0,1
2026-09-05,2026,9,2026-09,2026-09-01,5,Saturday,1,ST002,Market_2,Moscow,PR014,Product_14,Household,21,3428.04,2563.47,864.5700000000002,21,0,0.0,3428.04,1.0,20,0,0,1
2026-09-06,2026,9,2026-09,2026-09-01,6,Sunday,1,ST002,Market_2,Moscow,PR014,Product_14,Household,20,3264.8,2441.3999999999996,823.4000000000005,21,1,163.24,3428.04,0.9523809523809523,0,168,1,0
2026-09-07,2026,9,2026-09,2026-09-01,7,Monday,0,ST002,Market_2,Moscow,PR014,Product_14,Household,0,0.0,0.0,0.0,6,6,979.44,979.44,0.0,0,0,1,0
2026-06-10,2026,6,2026-06,2026-06-01,10,Wednesday,0,ST002,Market_2,Moscow,PR015,Product_15,Household,19,1566.17,873.24,692.9300000000001,19,0,0.0,1566.17,1.0,247,0,0,1
2026-06-11,2026,6,2026-06,2026-06-01,11,Thursday,0,ST002,Market_2,Moscow,PR015,Product_15,Household,17,1401.31,781.32,619.9899999999999,17,0,0.0,1401.3100000000002,1.0,230,0,0,1
2026-06-12,2026,6,2026-06,2026-06-01,12,Friday,0,ST002,Market_2,Moscow,PR015,Product_15,Household,19,1566.17,873.24,692.9300000000001,19,0,0.0,1566.17,1.0,211,0,0,1
2026-06-13,2026,6,2026-06,2026-06-01,13,Saturday,1,ST002,Market_2,Moscow,PR015,Product_15,Household,24,1978.32,1103.04,875.28,24,0,0.0,1978.3200000000002,1.0,187,0,0,1
2026-06-14,2026,6,2026-06,2026-06-01,14,Sunday,1,ST002,Market_2,Moscow,PR015,Product_15,Household,43,3544.49,1976.28,1568.2099999999998,43,0,0.0,3544.4900000000002,1.0,144,0,0,1
2026-06-15,2026,6,2026-06,2026-06-01,15,Monday,0,ST002,Market_2,Moscow,PR015,Product_15,Household,22,1813.46,1011.12,802.34,22,0,0.0,1813.46,1.0,122,0,0,1
2026-06-16,2026,6,2026-06,2026-06-01,16,Tuesday,0,ST002,Market_2,Moscow,PR015,Product_15,Household,21,1731.03,965.16,765.87,21,0,0.0,1731.0300000000002,1.0,101,0,0,1
2026-06-17,2026,6,2026-06,2026-06-01,17,Wednesday,0,ST002,Market_2,Moscow,PR015,Product_15,Household,18,1483.74,827.28,656.46,18,0,0.0,1483.7400000000002,1.0,83,0,0,1
2026-06-18,2026,6,2026-06,2026-06-01,18,Thursday,0,ST002,Market_2,Moscow,PR015,Product_15,Household,17,1401.31,781.32,619.9899999999999,17,0,0.0,1401.3100000000002,1.0,66,0,0,1
2026-06-19,2026,6,2026-06,2026-06-01,19,Friday,0,ST002,Market_2,Moscow,PR015,Product_15,Household,19,1566.17,873.24,692.9300000000001,19,0,0.0,1566.17,1.0,47,0,0,1
2026-06-20,2026,6,2026-06,2026-06-01,20,Saturday,1,ST002,Market_2,Moscow,PR015,Product_15,Household,35,2885.05,1608.6000000000001,1276.45,35,0,0.0,2885.05,1.0,12,266,0,1
2026-06-21,2026,6,2026-06,2026-06-01,21,Sunday,1,ST002,Market_2,Moscow,PR015,Product_15,Household,12,989.16,551.52,437.64,24,12,989.1600000000001,1978.3200000000002,0.5,0,0,1,0
2026-06-22,2026,6,2026-06,2026-06-01,22,Monday,0,ST002,Market_2,Moscow,PR015,Product_15,Household,17,1401.31,781.32,619.9899999999999,17,0,0.0,1401.3100000000002,1.0,249,0,0,1
2026-06-23,2026,6,2026-06,2026-06-01,23,Tuesday,0,ST002,Market_2,Moscow,PR015,Product_15,Household,19,1566.17,873.24,692.9300000000001,19,0,0.0,1566.17,1.0,230,0,0,1
2026-06-24,2026,6,2026-06,2026-06-01,24,Wednesday,0,ST002,Market_2,Moscow,PR015,Product_15,Household,24,1978.32,1103.04,875.28,24,0,0.0,1978.3200000000002,1.0,206,0,0,1
2026-06-25,2026,6,2026-06,2026-06-01,25,Thursday,0,ST002,Market_2,Moscow,PR015,Product_15,Household,13,1071.59,597.48,474.1099999999999,13,0,0.0,1071.5900000000001,1.0,193,0,0,1
2026-06-26,2026,6,2026-06,2026-06-01,26,Friday,0,ST002,Market_2,Moscow,PR015,Product_15,Household,18,1483.74,827.28,656.46,18,0,0.0,1483.7400000000002,1.0,175,0,0,1
2026-06-27,2026,6,2026-06,2026-06-01,27,Saturday,1,ST002,Market_2,Moscow,PR015,Product_15,Household,15,1236.45,689.4,547.0500000000001,15,0,0.0,1236.45,1.0,160,0,0,1
2026-06-28,2026,6,2026-06,2026-06-01,28,Sunday,1,ST002,Market_2,Moscow,PR015,Product_15,Household,24,1978.32,1103.04,875.28,24,0,0.0,1978.3200000000002,1.0,136,0,0,1
2026-06-29,2026,6,2026-06,2026-06-01,29,Monday,0,ST002,Market_2,Moscow,PR015,Product_15,Household,22,1813.46,1011.12,802.34,22,0,0.0,1813.46,1.0,114,0,0,1
2026-06-30,2026,6,2026-06,2026-06-01,30,Tuesday,0,ST002,Market_2,Moscow,PR015,Product_15,Household,15,1236.45,689.4,547.0500000000001,15,0,0.0,1236.45,1.0,99,0,0,1
2026-07-01,2026,7,2026-07,2026-07-01,1,Wednesday,0,ST002,Market_2,Moscow,PR015,Product_15,Household,24,1978.32,1103.04,875.28,24,0,0.0,1978.3200000000002,1.0,75,0,0,1
2026-07-02,2026,7,2026-07,2026-07-01,2,Thursday,0,ST002,Market_2,Moscow,PR015,Product_15,Household,27,2225.61,1240.92,984.69,27,0,0.0,2225.61,1.0,48,0,0,1
2026-07-03,2026,7,2026-07,2026-07-01,3,Friday,0,ST002,Market_2,Moscow,PR015,Product_15,Household,17,1401.31,781.32,619.9899999999999,17,0,0.0,1401.3100000000002,1.0,31,266,0,1
2026-07-04,2026,7,2026-07,2026-07-01,4,Saturday,1,ST002,Market_2,Moscow,PR015,Product_15,Household,20,1648.6,919.2,729.3999999999999,20,0,0.0,1648.6000000000001,1.0,11,0,0,1
2026-07-05,2026,7,2026-07,2026-07-01,5,Sunday,1,ST002,Market_2,Moscow,PR015,Product_15,Household,21,1731.03,965.16,765.87,21,0,0.0,1731.0300000000002,1.0,256,0,0,1
2026-07-06,2026,7,2026-07,2026-07-01,6,Monday,0,ST002,Market_2,Moscow,PR015,Product_15,Household,20,1648.6,919.2,729.3999999999999,20,0,0.0,1648.6000000000001,1.0,236,0,0,1
2026-07-07,2026,7,2026-07,2026-07-01,7,Tuesday,0,ST002,Market_2,Moscow,PR015,Product_15,Household,7,577.01,321.72,255.28999999999996,7,0,0.0,577.01,1.0,229,0,0,1
2026-07-08,2026,7,2026-07,2026-07-01,8,Wednesday,0,ST002,Market_2,Moscow,PR015,Product_15,Household,16,1318.88,735.36,583.5200000000001,16,0,0.0,1318.88,1.0,213,0,0,1
2026-07-09,2026,7,2026-07,2026-07-01,9,Thursday,0,ST002,Market_2,Moscow,PR015,Product_15,Household,18,1483.74,827.28,656.46,18,0,0.0,1483.7400000000002,1.0,195,0,0,1
2026-07-10,2026,7,2026-07,2026-07-01,10,Friday,0,ST002,Market_2,Moscow,PR015,Product_15,Household,19,1566.17,873.24,692.9300000000001,19,0,0.0,1566.17,1.0,176,0,0,1
2026-07-11,2026,7,2026-07,2026-07-01,11,Saturday,1,ST002,Market_2,Moscow,PR015,Product_15,Household,23,1895.89,1057.08,838.8100000000002,23,0,0.0,1895.89,1.0,153,0,0,1
2026-07-12,2026,7,2026-07,2026-07-01,12,Sunday,1,ST002,Market_2,Moscow,PR015,Product_15,Household,27,2225.61,1240.92,984.69,27,0,0.0,2225.61,1.0,126,0,0,1
2026-07-13,2026,7,2026-07,2026-07-01,13,Monday,0,ST002,Market_2,Moscow,PR015,Product_15,Household,18,1483.74,827.28,656.46,18,0,0.0,1483.7400000000002,1.0,108,0,0,1
2026-07-14,2026,7,2026-07,2026-07-01,14,Tuesday,0,ST002,Market_2,Moscow,PR015,Product_15,Household,19,1566.17,873.24,692.9300000000001,19,0,0.0,1566.17,1.0,89,0,0,1
2026-07-15,2026,7,2026-07,2026-07-01,15,Wednesday,0,ST002,Market_2,Moscow,PR015,Product_15,Household,20,1648.6,919.2,729.3999999999999,20,0,0.0,1648.6000000000001,1.0,69,0,0,1
2026-07-16,2026,7,2026-07,2026-07-01,16,Thursday,0,ST002,Market_2,Moscow,PR015,Product_15,Household,22,1813.46,1011.12,802.34,22,0,0.0,1813.46,1.0,47,0,0,1
2026-07-17,2026,7,2026-07,2026-07-01,17,Friday,0,ST002,Market_2,Moscow,PR015,Product_15,Household,21,1731.03,965.16,765.87,21,0,0.0,1731.0300000000002,1.0,26,266,0,1
2026-07-18,2026,7,2026-07,2026-07-01,18,Saturday,1,ST002,Market_2,Moscow,PR015,Product_15,Household,25,2060.75,1149.0,911.75,25,0,0.0,2060.75,1.0,1,0,0,1
2026-07-19,2026,7,2026-07,2026-07-01,19,Sunday,1,ST002,Market_2,Moscow,PR015,Product_15,Household,31,2555.33,1424.76,1130.57,31,0,0.0,2555.3300000000004,1.0,236,0,0,1
2026-07-20,2026,7,2026-07,2026-07-01,20,Monday,0,ST002,Market_2,Moscow,PR015,Product_15,Household,10,824.3,459.6,364.69999999999993,10,0,0.0,824.3000000000001,1.0,226,0,0,1
2026-07-21,2026,7,2026-07,2026-07-01,21,Tuesday,0,ST002,Market_2,Moscow,PR015,Product_15,Household,18,1483.74,827.28,656.46,18,0,0.0,1483.7400000000002,1.0,208,0,0,1
2026-07-22,2026,7,2026-07,2026-07-01,22,Wednesday,0,ST002,Market_2,Moscow,PR015,Product_15,Household,12,989.16,551.52,437.64,12,0,0.0,989.1600000000001,1.0,196,0,0,1
2026-07-23,2026,7,2026-07,2026-07-01,23,Thursday,0,ST002,Market_2,Moscow,PR015,Product_15,Household,19,1566.17,873.24,692.9300000000001,19,0,0.0,1566.17,1.0,177,0,0,1
2026-07-24,2026,7,2026-07,2026-07-01,24,Friday,0,ST002,Market_2,Moscow,PR015,Product_15,Household,20,1648.6,919.2,729.3999999999999,20,0,0.0,1648.6000000000001,1.0,157,0,0,1
2026-07-25,2026,7,2026-07,2026-07-01,25,Saturday,1,ST002,Market_2,Moscow,PR015,Product_15,Household,25,2060.75,1149.0,911.75,25,0,0.0,2060.75,1.0,132,0,0,1
2026-07-26,2026,7,2026-07,2026-07-01,26,Sunday,1,ST002,Market_2,Moscow,PR015,Product_15,Household,33,2720.19,1516.68,1203.51,33,0,0.0,2720.19,1.0,99,0,0,1
2026-07-27,2026,7,2026-07,2026-07-01,27,Monday,0,ST002,Market_2,Moscow,PR015,Product_15,Household,14,1154.02,643.44,510.5799999999999,14,0,0.0,1154.02,1.0,85,0,0,1
2026-07-28,2026,7,2026-07,2026-07-01,28,Tuesday,0,ST002,Market_2,Moscow,PR015,Product_15,Household,18,1483.74,827.28,656.46,18,0,0.0,1483.7400000000002,1.0,67,0,0,1
2026-07-29,2026,7,2026-07,2026-07-01,29,Wednesday,0,ST002,Market_2,Moscow,PR015,Product_15,Household,20,1648.6,919.2,729.3999999999999,20,0,0.0,1648.6000000000001,1.0,47,0,0,1
2026-07-30,2026,7,2026-07,2026-07-01,30,Thursday,0,ST002,Market_2,Moscow,PR015,Product_15,Household,19,1566.17,873.24,692.9300000000001,19,0,0.0,1566.17,1.0,28,266,0,1
2026-07-31,2026,7,2026-07,2026-07-01,31,Friday,0,ST002,Market_2,Moscow,PR015,Product_15,Household,24,1978.32,1103.04,875.28,24,0,0.0,1978.3200000000002,1.0,4,0,0,1
2026-08-01,2026,8,2026-08,2026-08-01,1,Saturday,1,ST002,Market_2,Moscow,PR015,Product_15,Household,43,3544.49,1976.28,1568.2099999999998,43,0,0.0,3544.4900000000002,1.0,227,0,0,1
2026-08-02,2026,8,2026-08,2026-08-01,2,Sunday,1,ST002,Market_2,Moscow,PR015,Product_15,Household,39,3214.77,1792.44,1422.33,39,0,0.0,3214.7700000000004,1.0,188,0,0,1
2026-08-03,2026,8,2026-08,2026-08-01,3,Monday,0,ST002,Market_2,Moscow,PR015,Product_15,Household,15,1236.45,689.4,547.0500000000001,15,0,0.0,1236.45,1.0,173,0,0,1
2026-08-04,2026,8,2026-08,2026-08-01,4,Tuesday,0,ST002,Market_2,Moscow,PR015,Product_15,Household,18,1483.74,827.28,656.46,18,0,0.0,1483.7400000000002,1.0,155,0,0,1
2026-08-05,2026,8,2026-08,2026-08-01,5,Wednesday,0,ST002,Market_2,Moscow,PR015,Product_15,Household,20,1648.6,919.2,729.3999999999999,20,0,0.0,1648.6000000000001,1.0,135,0,0,1
2026-08-06,2026,8,2026-08,2026-08-01,6,Thursday,0,ST002,Market_2,Moscow,PR015,Product_15,Household,24,1978.32,1103.04,875.28,24,0,0.0,1978.3200000000002,1.0,111,0,0,1
2026-08-07,2026,8,2026-08,2026-08-01,7,Friday,0,ST002,Market_2,Moscow,PR015,Product_15,Household,17,1401.31,781.32,619.9899999999999,17,0,0.0,1401.3100000000002,1.0,94,0,0,1
2026-08-08,2026,8,2026-08,2026-08-01,8,Saturday,1,ST002,Market_2,Moscow,PR015,Product_15,Household,35,2885.05,1608.6000000000001,1276.45,35,0,0.0,2885.05,1.0,59,0,0,1
2026-08-09,2026,8,2026-08,2026-08-01,9,Sunday,1,ST002,Market_2,Moscow,PR015,Product_15,Household,32,2637.76,1470.72,1167.0400000000002,32,0,0.0,2637.76,1.0,27,0,0,1
2026-08-10,2026,8,2026-08,2026-08-01,10,Monday,0,ST002,Market_2,Moscow,PR015,Product_15,Household,20,1648.6,919.2,729.3999999999999,20,0,0.0,1648.6000000000001,1.0,7,266,0,1
2026-08-11,2026,8,2026-08,2026-08-01,11,Tuesday,0,ST002,Market_2,Moscow,PR015,Product_15,Household,7,577.01,321.72,255.28999999999996,17,10,824.3000000000001,1401.3100000000002,0.4117647058823529,0,0,1,0
2026-08-12,2026,8,2026-08,2026-08-01,12,Wednesday,0,ST002,Market_2,Moscow,PR015,Product_15,Household,25,2060.75,1149.0,911.75,25,0,0.0,2060.75,1.0,241,0,0,1
2026-08-13,2026,8,2026-08,2026-08-01,13,Thursday,0,ST002,Market_2,Moscow,PR015,Product_15,Household,21,1731.03,965.16,765.87,21,0,0.0,1731.0300000000002,1.0,220,0,0,1
2026-08-14,2026,8,2026-08,2026-08-01,14,Friday,0,ST002,Market_2,Moscow,PR015,Product_15,Household,16,1318.88,735.36,583.5200000000001,16,0,0.0,1318.88,1.0,204,0,0,1
2026-08-15,2026,8,2026-08,2026-08-01,15,Saturday,1,ST002,Market_2,Moscow,PR015,Product_15,Household,30,2472.9,1378.8,1094.1000000000001,30,0,0.0,2472.9,1.0,174,0,0,1
2026-08-16,2026,8,2026-08,2026-08-01,16,Sunday,1,ST002,Market_2,Moscow,PR015,Product_15,Household,28,2308.04,1286.88,1021.1599999999999,28,0,0.0,2308.04,1.0,146,0,0,1
2026-08-17,2026,8,2026-08,2026-08-01,17,Monday,0,ST002,Market_2,Moscow,PR015,Product_15,Household,19,1566.17,873.24,692.9300000000001,19,0,0.0,1566.17,1.0,127,0,0,1
2026-08-18,2026,8,2026-08,2026-08-01,18,Tuesday,0,ST002,Market_2,Moscow,PR015,Product_15,Household,15,1236.45,689.4,547.0500000000001,15,0,0.0,1236.45,1.0,112,0,0,1
2026-08-19,2026,8,2026-08,2026-08-01,19,Wednesday,0,ST002,Market_2,Moscow,PR015,Product_15,Household,26,2143.18,1194.96,948.2199999999998,26,0,0.0,2143.1800000000003,1.0,86,0,0,1
2026-08-20,2026,8,2026-08,2026-08-01,20,Thursday,0,ST002,Market_2,Moscow,PR015,Product_15,Household,15,1236.45,689.4,547.0500000000001,15,0,0.0,1236.45,1.0,71,0,0,1
2026-08-21,2026,8,2026-08,2026-08-01,21,Friday,0,ST002,Market_2,Moscow,PR015,Product_15,Household,25,2060.75,1149.0,911.75,25,0,0.0,2060.75,1.0,46,0,0,1
2026-08-22,2026,8,2026-08,2026-08-01,22,Saturday,1,ST002,Market_2,Moscow,PR015,Product_15,Household,31,2555.33,1424.76,1130.57,31,0,0.0,2555.3300000000004,1.0,15,266,0,1
2026-08-23,2026,8,2026-08,2026-08-01,23,Sunday,1,ST002,Market_2,Moscow,PR015,Product_15,Household,15,1236.45,689.4,547.0500000000001,24,9,741.8700000000001,1978.3200000000002,0.625,0,0,1,0
2026-08-24,2026,8,2026-08,2026-08-01,24,Monday,0,ST002,Market_2,Moscow,PR015,Product_15,Household,19,1566.17,873.24,692.9300000000001,19,0,0.0,1566.17,1.0,247,0,0,1
2026-08-25,2026,8,2026-08,2026-08-01,25,Tuesday,0,ST002,Market_2,Moscow,PR015,Product_15,Household,25,2060.75,1149.0,911.75,25,0,0.0,2060.75,1.0,222,0,0,1
2026-08-26,2026,8,2026-08,2026-08-01,26,Wednesday,0,ST002,Market_2,Moscow,PR015,Product_15,Household,14,1154.02,643.44,510.5799999999999,14,0,0.0,1154.02,1.0,208,0,0,1
2026-08-27,2026,8,2026-08,2026-08-01,27,Thursday,0,ST002,Market_2,Moscow,PR015,Product_15,Household,16,1318.88,735.36,583.5200000000001,16,0,0.0,1318.88,1.0,192,0,0,1
2026-08-28,2026,8,2026-08,2026-08-01,28,Friday,0,ST002,Market_2,Moscow,PR015,Product_15,Household,21,1731.03,965.16,765.87,21,0,0.0,1731.0300000000002,1.0,171,0,0,1
2026-08-29,2026,8,2026-08,2026-08-01,29,Saturday,1,ST002,Market_2,Moscow,PR015,Product_15,Household,27,2225.61,1240.92,984.69,27,0,0.0,2225.61,1.0,144,0,0,1
2026-08-30,2026,8,2026-08,2026-08-01,30,Sunday,1,ST002,Market_2,Moscow,PR015,Product_15,Household,27,2225.61,1240.92,984.69,27,0,0.0,2225.61,1.0,117,0,0,1
2026-08-31,2026,8,2026-08,2026-08-01,31,Monday,0,ST002,Market_2,Moscow,PR015,Product_15,Household,22,1813.46,1011.12,802.34,22,0,0.0,1813.46,1.0,95,0,0,1
2026-09-01,2026,9,2026-09,2026-09-01,1,Tuesday,0,ST002,Market_2,Moscow,PR015,Product_15,Household,17,1401.31,781.32,619.9899999999999,17,0,0.0,1401.3100000000002,1.0,78,0,0,1
2026-09-02,2026,9,2026-09,2026-09-01,2,Wednesday,0,ST002,Market_2,Moscow,PR015,Product_15,Household,30,2472.9,1378.8,1094.1000000000001,30,0,0.0,2472.9,1.0,48,0,0,1
2026-09-03,2026,9,2026-09,2026-09-01,3,Thursday,0,ST002,Market_2,Moscow,PR015,Product_15,Household,22,1813.46,1011.12,802.34,22,0,0.0,1813.46,1.0,26,0,0,1
2026-09-04,2026,9,2026-09,2026-09-01,4,Friday,0,ST002,Market_2,Moscow,PR015,Product_15,Household,16,1318.88,735.36,583.5200000000001,16,0,0.0,1318.88,1.0,10,266,0,1
2026-09-05,2026,9,2026-09,2026-09-01,5,Saturday,1,ST002,Market_2,Moscow,PR015,Product_15,Household,10,824.3,459.6,364.69999999999993,34,24,1978.3200000000002,2802.6200000000003,0.29411764705882354,0,0,1,0
2026-09-06,2026,9,2026-09,2026-09-01,6,Sunday,1,ST002,Market_2,Moscow,PR015,Product_15,Household,37,3049.91,1700.52,1349.3899999999999,37,0,0.0,3049.9100000000003,1.0,229,0,0,1
2026-09-07,2026,9,2026-09,2026-09-01,7,Monday,0,ST002,Market_2,Moscow,PR015,Product_15,Household,20,1648.6,919.2,729.3999999999999,20,0,0.0,1648.6000000000001,1.0,209,0,0,1
2026-06-10,2026,6,2026-06,2026-06-01,10,Wednesday,0,ST002,Market_2,Moscow,PR016,Product_16,Dairy,8,1171.52,694.8,476.72,8,0,0.0,1171.52,1.0,90,0,0,1
2026-06-11,2026,6,2026-06,2026-06-01,11,Thursday,0,ST002,Market_2,Moscow,PR016,Product_16,Dairy,2,292.88,173.7,119.18,2,0,0.0,292.88,1.0,88,0,0,1
2026-06-12,2026,6,2026-06,2026-06-01,12,Friday,0,ST002,Market_2,Moscow,PR016,Product_16,Dairy,5,732.2,434.25,297.95000000000005,5,0,0.0,732.2,1.0,83,0,0,1
2026-06-13,2026,6,2026-06,2026-06-01,13,Saturday,1,ST002,Market_2,Moscow,PR016,Product_16,Dairy,7,1025.08,607.9499999999999,417.13,7,0,0.0,1025.08,1.0,76,0,0,1
2026-06-14,2026,6,2026-06,2026-06-01,14,Sunday,1,ST002,Market_2,Moscow,PR016,Product_16,Dairy,10,1464.4,868.5,595.9000000000001,10,0,0.0,1464.4,1.0,66,0,0,1
2026-06-15,2026,6,2026-06,2026-06-01,15,Monday,0,ST002,Market_2,Moscow,PR016,Product_16,Dairy,10,1464.4,868.5,595.9000000000001,10,0,0.0,1464.4,1.0,56,0,0,1
2026-06-16,2026,6,2026-06,2026-06-01,16,Tuesday,0,ST002,Market_2,Moscow,PR016,Product_16,Dairy,7,1025.08,607.9499999999999,417.13,7,0,0.0,1025.08,1.0,49,0,0,1
2026-06-17,2026,6,2026-06,2026-06-01,17,Wednesday,0,ST002,Market_2,Moscow,PR016,Product_16,Dairy,6,878.64,521.0999999999999,357.5400000000001,6,0,0.0,878.64,1.0,43,0,0,1
2026-06-18,2026,6,2026-06,2026-06-01,18,Thursday,0,ST002,Market_2,Moscow,PR016,Product_16,Dairy,3,439.32,260.54999999999995,178.77000000000004,3,0,0.0,439.32,1.0,40,0,0,1
2026-06-19,2026,6,2026-06,2026-06-01,19,Friday,0,ST002,Market_2,Moscow,PR016,Product_16,Dairy,8,1171.52,694.8,476.72,8,0,0.0,1171.52,1.0,32,0,0,1
2026-06-20,2026,6,2026-06,2026-06-01,20,Saturday,1,ST002,Market_2,Moscow,PR016,Product_16,Dairy,11,1610.84,955.3499999999999,655.49,11,0,0.0,1610.84,1.0,21,0,0,1
2026-06-21,2026,6,2026-06,2026-06-01,21,Sunday,1,ST002,Market_2,Moscow,PR016,Product_16,Dairy,11,1610.84,955.3499999999999,655.49,11,0,0.0,1610.84,1.0,10,0,0,1
2026-06-22,2026,6,2026-06,2026-06-01,22,Monday,0,ST002,Market_2,Moscow,PR016,Product_16,Dairy,6,878.64,521.0999999999999,357.5400000000001,6,0,0.0,878.64,1.0,4,98,0,1
2026-06-23,2026,6,2026-06,2026-06-01,23,Tuesday,0,ST002,Market_2,Moscow,PR016,Product_16,Dairy,4,585.76,347.4,238.36,10,6,878.64,1464.4,0.4,0,0,1,0
2026-06-24,2026,6,2026-06,2026-06-01,24,Wednesday,0,ST002,Market_2,Moscow,PR016,Product_16,Dairy,2,292.88,173.7,119.18,2,0,0.0,292.88,1.0,96,0,0,1
2026-06-25,2026,6,2026-06,2026-06-01,25,Thursday,0,ST002,Market_2,Moscow,PR016,Product_16,Dairy,9,1317.96,781.65,536.3100000000001,9,0,0.0,1317.96,1.0,87,0,0,1
2026-06-26,2026,6,2026-06,2026-06-01,26,Friday,0,ST002,Market_2,Moscow,PR016,Product_16,Dairy,3,439.32,260.54999999999995,178.77000000000004,3,0,0.0,439.32,1.0,84,0,0,1
2026-06-27,2026,6,2026-06,2026-06-01,27,Saturday,1,ST002,Market_2,Moscow,PR016,Product_16,Dairy,9,1317.96,781.65,536.3100000000001,9,0,0.0,1317.96,1.0,75,0,0,1
2026-06-28,2026,6,2026-06,2026-06-01,28,Sunday,1,ST002,Market_2,Moscow,PR016,Product_16,Dairy,10,1464.4,868.5,595.9000000000001,10,0,0.0,1464.4,1.0,65,0,0,1
2026-06-29,2026,6,2026-06,2026-06-01,29,Monday,0,ST002,Market_2,Moscow,PR016,Product_16,Dairy,9,1317.96,781.65,536.3100000000001,9,0,0.0,1317.96,1.0,56,0,0,1
2026-06-30,2026,6,2026-06,2026-06-01,30,Tuesday,0,ST002,Market_2,Moscow,PR016,Product_16,Dairy,5,732.2,434.25,297.95000000000005,5,0,0.0,732.2,1.0,51,0,0,1
2026-07-01,2026,7,2026-07,2026-07-01,1,Wednesday,0,ST002,Market_2,Moscow,PR016,Product_16,Dairy,7,1025.08,607.9499999999999,417.13,7,0,0.0,1025.08,1.0,44,0,0,1
2026-07-02,2026,7,2026-07,2026-07-01,2,Thursday,0,ST002,Market_2,Moscow,PR016,Product_16,Dairy,12,1757.28,1042.1999999999998,715.0800000000002,12,0,0.0,1757.28,1.0,32,0,0,1
2026-07-03,2026,7,2026-07,2026-07-01,3,Friday,0,ST002,Market_2,Moscow,PR016,Product_16,Dairy,7,1025.08,607.9499999999999,417.13,7,0,0.0,1025.08,1.0,25,0,0,1
2026-07-04,2026,7,2026-07,2026-07-01,4,Saturday,1,ST002,Market_2,Moscow,PR016,Product_16,Dairy,10,1464.4,868.5,595.9000000000001,10,0,0.0,1464.4,1.0,15,0,0,1
2026-07-05,2026,7,2026-07,2026-07-01,5,Sunday,1,ST002,Market_2,Moscow,PR016,Product_16,Dairy,11,1610.84,955.3499999999999,655.49,11,0,0.0,1610.84,1.0,4,0,0,1
2026-07-06,2026,7,2026-07,2026-07-01,6,Monday,0,ST002,Market_2,Moscow,PR016,Product_16,Dairy,4,585.76,347.4,238.36,7,3,439.32,1025.08,0.5714285714285714,0,98,1,0
2026-07-07,2026,7,2026-07,2026-07-01,7,Tuesday,0,ST002,Market_2,Moscow,PR016,Product_16,Dairy,0,0.0,0.0,0.0,6,6,878.64,878.64,0.0,0,0,1,0
2026-07-08,2026,7,2026-07,2026-07-01,8,Wednesday,0,ST002,Market_2,Moscow,PR016,Product_16,Dairy,4,585.76,347.4,238.36,4,0,0.0,585.76,1.0,94,0,0,1
2026-07-09,2026,7,2026-07,2026-07-01,9,Thursday,0,ST002,Market_2,Moscow,PR016,Product_16,Dairy,10,1464.4,868.5,595.9000000000001,10,0,0.0,1464.4,1.0,84,0,0,1
2026-07-10,2026,7,2026-07,2026-07-01,10,Friday,0,ST002,Market_2,Moscow,PR016,Product_16,Dairy,2,292.88,173.7,119.18,2,0,0.0,292.88,1.0,82,0,0,1
2026-07-11,2026,7,2026-07,2026-07-01,11,Saturday,1,ST002,Market_2,Moscow,PR016,Product_16,Dairy,10,1464.4,868.5,595.9000000000001,10,0,0.0,1464.4,1.0,72,0,0,1
2026-07-12,2026,7,2026-07,2026-07-01,12,Sunday,1,ST002,Market_2,Moscow,PR016,Product_16,Dairy,13,1903.72,1129.05,774.6700000000001,13,0,0.0,1903.72,1.0,59,0,0,1
2026-07-13,2026,7,2026-07,2026-07-01,13,Monday,0,ST002,Market_2,Moscow,PR016,Product_16,Dairy,1,146.44,86.85,59.59,1,0,0.0,146.44,1.0,58,0,0,1
2026-07-14,2026,7,2026-07,2026-07-01,14,Tuesday,0,ST002,Market_2,Moscow,PR016,Product_16,Dairy,6,878.64,521.0999999999999,357.5400000000001,6,0,0.0,878.64,1.0,52,0,0,1
2026-07-15,2026,7,2026-07,2026-07-01,15,Wednesday,0,ST002,Market_2,Moscow,PR016,Product_16,Dairy,6,878.64,521.0999999999999,357.5400000000001,6,0,0.0,878.64,1.0,46,0,0,1
2026-07-16,2026,7,2026-07,2026-07-01,16,Thursday,0,ST002,Market_2,Moscow,PR016,Product_16,Dairy,11,1610.84,955.3499999999999,655.49,11,0,0.0,1610.84,1.0,35,0,0,1
2026-07-17,2026,7,2026-07,2026-07-01,17,Friday,0,ST002,Market_2,Moscow,PR016,Product_16,Dairy,7,1025.08,607.9499999999999,417.13,7,0,0.0,1025.08,1.0,28,0,0,1
2026-07-18,2026,7,2026-07,2026-07-01,18,Saturday,1,ST002,Market_2,Moscow,PR016,Product_16,Dairy,12,1757.28,1042.1999999999998,715.0800000000002,12,0,0.0,1757.28,1.0,16,0,0,1
2026-07-19,2026,7,2026-07,2026-07-01,19,Sunday,1,ST002,Market_2,Moscow,PR016,Product_16,Dairy,14,2050.16,1215.8999999999999,834.26,14,0,0.0,2050.16,1.0,2,0,0,1
2026-07-20,2026,7,2026-07,2026-07-01,20,Monday,0,ST002,Market_2,Moscow,PR016,Product_16,Dairy,2,292.88,173.7,119.18,8,6,878.64,1171.52,0.25,0,98,1,0
2026-07-21,2026,7,2026-07,2026-07-01,21,Tuesday,0,ST002,Market_2,Moscow,PR016,Product_16,Dairy,0,0.0,0.0,0.0,11,11,1610.84,1610.84,0.0,0,0,1,0
2026-07-22,2026,7,2026-07,2026-07-01,22,Wednesday,0,ST002,Market_2,Moscow,PR016,Product_16,Dairy,6,878.64,521.0999999999999,357.5400000000001,6,0,0.0,878.64,1.0,92,0,0,1
2026-07-23,2026,7,2026-07,2026-07-01,23,Thursday,0,ST002,Market_2,Moscow,PR016,Product_16,Dairy,1,146.44,86.85,59.59,1,0,0.0,146.44,1.0,91,0,0,1
2026-07-24,2026,7,2026-07,2026-07-01,24,Friday,0,ST002,Market_2,Moscow,PR016,Product_16,Dairy,14,2050.16,1215.8999999999999,834.26,14,0,0.0,2050.16,1.0,77,0,0,1
2026-07-25,2026,7,2026-07,2026-07-01,25,Saturday,1,ST002,Market_2,Moscow,PR016,Product_16,Dairy,5,732.2,434.25,297.95000000000005,5,0,0.0,732.2,1.0,72,0,0,1
2026-07-26,2026,7,2026-07,2026-07-01,26,Sunday,1,ST002,Market_2,Moscow,PR016,Product_16,Dairy,11,1610.84,955.3499999999999,655.49,11,0,0.0,1610.84,1.0,61,0,0,1
2026-07-27,2026,7,2026-07,2026-07-01,27,Monday,0,ST002,Market_2,Moscow,PR016,Product_16,Dairy,3,439.32,260.54999999999995,178.77000000000004,3,0,0.0,439.32,1.0,58,0,0,1
2026-07-28,2026,7,2026-07,2026-07-01,28,Tuesday,0,ST002,Market_2,Moscow,PR016,Product_16,Dairy,5,732.2,434.25,297.95000000000005,5,0,0.0,732.2,1.0,53,0,0,1
2026-07-29,2026,7,2026-07,2026-07-01,29,Wednesday,0,ST002,Market_2,Moscow,PR016,Product_16,Dairy,7,1025.08,607.9499999999999,417.13,7,0,0.0,1025.08,1.0,46,0,0,1
2026-07-30,2026,7,2026-07,2026-07-01,30,Thursday,0,ST002,Market_2,Moscow,PR016,Product_16,Dairy,9,1317.96,781.65,536.3100000000001,9,0,0.0,1317.96,1.0,37,0,0,1
2026-07-31,2026,7,2026-07,2026-07-01,31,Friday,0,ST002,Market_2,Moscow,PR016,Product_16,Dairy,12,1757.28,1042.1999999999998,715.0800000000002,12,0,0.0,1757.28,1.0,25,0,0,1
2026-08-01,2026,8,2026-08,2026-08-01,1,Saturday,1,ST002,Market_2,Moscow,PR016,Product_16,Dairy,11,1610.84,955.3499999999999,655.49,11,0,0.0,1610.84,1.0,14,0,0,1
2026-08-02,2026,8,2026-08,2026-08-01,2,Sunday,1,ST002,Market_2,Moscow,PR016,Product_16,Dairy,9,1317.96,781.65,536.3100000000001,9,0,0.0,1317.96,1.0,5,0,0,1
2026-08-03,2026,8,2026-08,2026-08-01,3,Monday,0,ST002,Market_2,Moscow,PR016,Product_16,Dairy,5,732.2,434.25,297.95000000000005,8,3,439.32,1171.52,0.625,0,98,1,0
2026-08-04,2026,8,2026-08,2026-08-01,4,Tuesday,0,ST002,Market_2,Moscow,PR016,Product_16,Dairy,0,0.0,0.0,0.0,9,9,1317.96,1317.96,0.0,0,0,1,0
2026-08-05,2026,8,2026-08,2026-08-01,5,Wednesday,0,ST002,Market_2,Moscow,PR016,Product_16,Dairy,6,878.64,521.0999999999999,357.5400000000001,6,0,0.0,878.64,1.0,92,0,0,1
2026-08-06,2026,8,2026-08,2026-08-01,6,Thursday,0,ST002,Market_2,Moscow,PR016,Product_16,Dairy,10,1464.4,868.5,595.9000000000001,10,0,0.0,1464.4,1.0,82,0,0,1
2026-08-07,2026,8,2026-08,2026-08-01,7,Friday,0,ST002,Market_2,Moscow,PR016,Product_16,Dairy,4,585.76,347.4,238.36,4,0,0.0,585.76,1.0,78,0,0,1
2026-08-08,2026,8,2026-08,2026-08-01,8,Saturday,1,ST002,Market_2,Moscow,PR016,Product_16,Dairy,16,2343.04,1389.6,953.44,16,0,0.0,2343.04,1.0,62,0,0,1
2026-08-09,2026,8,2026-08,2026-08-01,9,Sunday,1,ST002,Market_2,Moscow,PR016,Product_16,Dairy,8,1171.52,694.8,476.72,8,0,0.0,1171.52,1.0,54,0,0,1
2026-08-10,2026,8,2026-08,2026-08-01,10,Monday,0,ST002,Market_2,Moscow,PR016,Product_16,Dairy,11,1610.84,955.3499999999999,655.49,11,0,0.0,1610.84,1.0,43,0,0,1
2026-08-11,2026,8,2026-08,2026-08-01,11,Tuesday,0,ST002,Market_2,Moscow,PR016,Product_16,Dairy,4,585.76,347.4,238.36,4,0,0.0,585.76,1.0,39,0,0,1
2026-08-12,2026,8,2026-08,2026-08-01,12,Wednesday,0,ST002,Market_2,Moscow,PR016,Product_16,Dairy,6,878.64,521.0999999999999,357.5400000000001,6,0,0.0,878.64,1.0,33,0,0,1
2026-08-13,2026,8,2026-08,2026-08-01,13,Thursday,0,ST002,Market_2,Moscow,PR016,Product_16,Dairy,8,1171.52,694.8,476.72,8,0,0.0,1171.52,1.0,25,0,0,1
2026-08-14,2026,8,2026-08,2026-08-01,14,Friday,0,ST002,Market_2,Moscow,PR016,Product_16,Dairy,7,1025.08,607.9499999999999,417.13,7,0,0.0,1025.08,1.0,18,0,0,1
2026-08-15,2026,8,2026-08,2026-08-01,15,Saturday,1,ST002,Market_2,Moscow,PR016,Product_16,Dairy,10,1464.4,868.5,595.9000000000001,10,0,0.0,1464.4,1.0,8,98,0,1
2026-08-16,2026,8,2026-08,2026-08-01,16,Sunday,1,ST002,Market_2,Moscow,PR016,Product_16,Dairy,8,1171.52,694.8,476.72,12,4,585.76,1757.28,0.6666666666666666,0,0,1,0
2026-08-17,2026,8,2026-08,2026-08-01,17,Monday,0,ST002,Market_2,Moscow,PR016,Product_16,Dairy,9,1317.96,781.65,536.3100000000001,9,0,0.0,1317.96,1.0,89,0,0,1
2026-08-18,2026,8,2026-08,2026-08-01,18,Tuesday,0,ST002,Market_2,Moscow,PR016,Product_16,Dairy,3,439.32,260.54999999999995,178.77000000000004,3,0,0.0,439.32,1.0,86,0,0,1
2026-08-19,2026,8,2026-08,2026-08-01,19,Wednesday,0,ST002,Market_2,Moscow,PR016,Product_16,Dairy,8,1171.52,694.8,476.72,8,0,0.0,1171.52,1.0,78,0,0,1
2026-08-20,2026,8,2026-08,2026-08-01,20,Thursday,0,ST002,Market_2,Moscow,PR016,Product_16,Dairy,10,1464.4,868.5,595.9000000000001,10,0,0.0,1464.4,1.0,68,0,0,1
2026-08-21,2026,8,2026-08,2026-08-01,21,Friday,0,ST002,Market_2,Moscow,PR016,Product_16,Dairy,2,292.88,173.7,119.18,2,0,0.0,292.88,1.0,66,0,0,1
2026-08-22,2026,8,2026-08,2026-08-01,22,Saturday,1,ST002,Market_2,Moscow,PR016,Product_16,Dairy,6,878.64,521.0999999999999,357.5400000000001,6,0,0.0,878.64,1.0,60,0,0,1
2026-08-23,2026,8,2026-08,2026-08-01,23,Sunday,1,ST002,Market_2,Moscow,PR016,Product_16,Dairy,5,732.2,434.25,297.95000000000005,5,0,0.0,732.2,1.0,55,0,0,1
2026-08-24,2026,8,2026-08,2026-08-01,24,Monday,0,ST002,Market_2,Moscow,PR016,Product_16,Dairy,12,1757.28,1042.1999999999998,715.0800000000002,12,0,0.0,1757.28,1.0,43,0,0,1
2026-08-25,2026,8,2026-08,2026-08-01,25,Tuesday,0,ST002,Market_2,Moscow,PR016,Product_16,Dairy,5,732.2,434.25,297.95000000000005,5,0,0.0,732.2,1.0,38,0,0,1
2026-08-26,2026,8,2026-08,2026-08-01,26,Wednesday,0,ST002,Market_2,Moscow,PR016,Product_16,Dairy,7,1025.08,607.9499999999999,417.13,7,0,0.0,1025.08,1.0,31,0,0,1
2026-08-27,2026,8,2026-08,2026-08-01,27,Thursday,0,ST002,Market_2,Moscow,PR016,Product_16,Dairy,9,1317.96,781.65,536.3100000000001,9,0,0.0,1317.96,1.0,22,0,0,1
2026-08-28,2026,8,2026-08,2026-08-01,28,Friday,0,ST002,Market_2,Moscow,PR016,Product_16,Dairy,3,439.32,260.54999999999995,178.77000000000004,3,0,0.0,439.32,1.0,19,0,0,1
2026-08-29,2026,8,2026-08,2026-08-01,29,Saturday,1,ST002,Market_2,Moscow,PR016,Product_16,Dairy,12,1757.28,1042.1999999999998,715.0800000000002,12,0,0.0,1757.28,1.0,7,98,0,1
2026-08-30,2026,8,2026-08,2026-08-01,30,Sunday,1,ST002,Market_2,Moscow,PR016,Product_16,Dairy,7,1025.08,607.9499999999999,417.13,14,7,1025.08,2050.16,0.5,0,0,1,0
2026-08-31,2026,8,2026-08,2026-08-01,31,Monday,0,ST002,Market_2,Moscow,PR016,Product_16,Dairy,6,878.64,521.0999999999999,357.5400000000001,6,0,0.0,878.64,1.0,92,0,0,1
2026-09-01,2026,9,2026-09,2026-09-01,1,Tuesday,0,ST002,Market_2,Moscow,PR016,Product_16,Dairy,4,585.76,347.4,238.36,4,0,0.0,585.76,1.0,88,0,0,1
2026-09-02,2026,9,2026-09,2026-09-01,2,Wednesday,0,ST002,Market_2,Moscow,PR016,Product_16,Dairy,9,1317.96,781.65,536.3100000000001,9,0,0.0,1317.96,1.0,79,0,0,1
2026-09-03,2026,9,2026-09,2026-09-01,3,Thursday,0,ST002,Market_2,Moscow,PR016,Product_16,Dairy,8,1171.52,694.8,476.72,8,0,0.0,1171.52,1.0,71,0,0,1
2026-09-04,2026,9,2026-09,2026-09-01,4,Friday,0,ST002,Market_2,Moscow,PR016,Product_16,Dairy,4,585.76,347.4,238.36,4,0,0.0,585.76,1.0,67,0,0,1
2026-09-05,2026,9,2026-09,2026-09-01,5,Saturday,1,ST002,Market_2,Moscow,PR016,Product_16,Dairy,12,1757.28,1042.1999999999998,715.0800000000002,12,0,0.0,1757.28,1.0,55,0,0,1
2026-09-06,2026,9,2026-09,2026-09-01,6,Sunday,1,ST002,Market_2,Moscow,PR016,Product_16,Dairy,15,2196.6,1302.75,893.8499999999999,15,0,0.0,2196.6,1.0,40,0,0,1
2026-09-07,2026,9,2026-09,2026-09-01,7,Monday,0,ST002,Market_2,Moscow,PR016,Product_16,Dairy,5,732.2,434.25,297.95000000000005,5,0,0.0,732.2,1.0,35,0,0,1
2026-06-10,2026,6,2026-06,2026-06-01,10,Wednesday,0,ST002,Market_2,Moscow,PR017,Product_17,Snacks,20,2715.0,1940.2,774.8,20,0,0.0,2715.0,1.0,232,0,0,1
2026-06-11,2026,6,2026-06,2026-06-01,11,Thursday,0,ST002,Market_2,Moscow,PR017,Product_17,Snacks,11,1493.25,1067.1100000000001,426.1399999999999,11,0,0.0,1493.25,1.0,221,0,0,1
2026-06-12,2026,6,2026-06,2026-06-01,12,Friday,0,ST002,Market_2,Moscow,PR017,Product_17,Snacks,24,3258.0,2328.2400000000002,929.7599999999998,24,0,0.0,3258.0,1.0,197,0,0,1
2026-06-13,2026,6,2026-06,2026-06-01,13,Saturday,1,ST002,Market_2,Moscow,PR017,Product_17,Snacks,17,2307.75,1649.17,658.5799999999999,17,0,0.0,2307.75,1.0,180,0,0,1
2026-06-14,2026,6,2026-06,2026-06-01,14,Sunday,1,ST002,Market_2,Moscow,PR017,Product_17,Snacks,23,3122.25,2231.23,891.02,23,0,0.0,3122.25,1.0,157,0,0,1
2026-06-15,2026,6,2026-06,2026-06-01,15,Monday,0,ST002,Market_2,Moscow,PR017,Product_17,Snacks,6,814.5,582.0600000000001,232.43999999999994,6,0,0.0,814.5,1.0,151,0,0,1
2026-06-16,2026,6,2026-06,2026-06-01,16,Tuesday,0,ST002,Market_2,Moscow,PR017,Product_17,Snacks,20,2715.0,1940.2,774.8,20,0,0.0,2715.0,1.0,131,0,0,1
2026-06-17,2026,6,2026-06,2026-06-01,17,Wednesday,0,ST002,Market_2,Moscow,PR017,Product_17,Snacks,23,3122.25,2231.23,891.02,23,0,0.0,3122.25,1.0,108,0,0,1
2026-06-18,2026,6,2026-06,2026-06-01,18,Thursday,0,ST002,Market_2,Moscow,PR017,Product_17,Snacks,17,2307.75,1649.17,658.5799999999999,17,0,0.0,2307.75,1.0,91,0,0,1
2026-06-19,2026,6,2026-06,2026-06-01,19,Friday,0,ST002,Market_2,Moscow,PR017,Product_17,Snacks,13,1764.75,1261.13,503.6199999999999,13,0,0.0,1764.75,1.0,78,0,0,1
2026-06-20,2026,6,2026-06,2026-06-01,20,Saturday,1,ST002,Market_2,Moscow,PR017,Product_17,Snacks,29,3936.75,2813.29,1123.46,29,0,0.0,3936.75,1.0,49,0,0,1
2026-06-21,2026,6,2026-06,2026-06-01,21,Sunday,1,ST002,Market_2,Moscow,PR017,Product_17,Snacks,31,4208.25,3007.31,1200.94,31,0,0.0,4208.25,1.0,18,252,0,1
2026-06-22,2026,6,2026-06,2026-06-01,22,Monday,0,ST002,Market_2,Moscow,PR017,Product_17,Snacks,17,2307.75,1649.17,658.5799999999999,17,0,0.0,2307.75,1.0,1,0,0,1
2026-06-23,2026,6,2026-06,2026-06-01,23,Tuesday,0,ST002,Market_2,Moscow,PR017,Product_17,Snacks,19,2579.25,1843.19,736.06,19,0,0.0,2579.25,1.0,234,0,0,1
2026-06-24,2026,6,2026-06,2026-06-01,24,Wednesday,0,ST002,Market_2,Moscow,PR017,Product_17,Snacks,17,2307.75,1649.17,658.5799999999999,17,0,0.0,2307.75,1.0,217,0,0,1
2026-06-25,2026,6,2026-06,2026-06-01,25,Thursday,0,ST002,Market_2,Moscow,PR017,Product_17,Snacks,17,2307.75,1649.17,658.5799999999999,17,0,0.0,2307.75,1.0,200,0,0,1
2026-06-26,2026,6,2026-06,2026-06-01,26,Friday,0,ST002,Market_2,Moscow,PR017,Product_17,Snacks,15,2036.25,1455.15,581.0999999999999,15,0,0.0,2036.25,1.0,185,0,0,1
2026-06-27,2026,6,2026-06,2026-06-01,27,Saturday,1,ST002,Market_2,Moscow,PR017,Product_17,Snacks,30,4072.5,2910.3,1162.1999999999998,30,0,0.0,4072.5,1.0,155,0,0,1
2026-06-28,2026,6,2026-06,2026-06-01,28,Sunday,1,ST002,Market_2,Moscow,PR017,Product_17,Snacks,26,3529.5,2522.26,1007.2399999999998,26,0,0.0,3529.5,1.0,129,0,0,1
2026-06-29,2026,6,2026-06,2026-06-01,29,Monday,0,ST002,Market_2,Moscow,PR017,Product_17,Snacks,17,2307.75,1649.17,658.5799999999999,17,0,0.0,2307.75,1.0,112,0,0,1
2026-06-30,2026,6,2026-06,2026-06-01,30,Tuesday,0,ST002,Market_2,Moscow,PR017,Product_17,Snacks,24,3258.0,2328.2400000000002,929.7599999999998,24,0,0.0,3258.0,1.0,88,0,0,1
2026-07-01,2026,7,2026-07,2026-07-01,1,Wednesday,0,ST002,Market_2,Moscow,PR017,Product_17,Snacks,16,2172.0,1552.16,619.8399999999999,16,0,0.0,2172.0,1.0,72,0,0,1
2026-07-02,2026,7,2026-07,2026-07-01,2,Thursday,0,ST002,Market_2,Moscow,PR017,Product_17,Snacks,13,1764.75,1261.13,503.6199999999999,13,0,0.0,1764.75,1.0,59,0,0,1
2026-07-03,2026,7,2026-07,2026-07-01,3,Friday,0,ST002,Market_2,Moscow,PR017,Product_17,Snacks,16,2172.0,1552.16,619.8399999999999,16,0,0.0,2172.0,1.0,43,0,0,1
2026-07-04,2026,7,2026-07,2026-07-01,4,Saturday,1,ST002,Market_2,Moscow,PR017,Product_17,Snacks,27,3665.25,2619.27,1045.98,27,0,0.0,3665.25,1.0,16,252,0,1
2026-07-05,2026,7,2026-07,2026-07-01,5,Sunday,1,ST002,Market_2,Moscow,PR017,Product_17,Snacks,16,2172.0,1552.16,619.8399999999999,23,7,950.25,3122.25,0.6956521739130435,0,0,1,0
2026-07-06,2026,7,2026-07,2026-07-01,6,Monday,0,ST002,Market_2,Moscow,PR017,Product_17,Snacks,20,2715.0,1940.2,774.8,20,0,0.0,2715.0,1.0,232,0,0,1
2026-07-07,2026,7,2026-07,2026-07-01,7,Tuesday,0,ST002,Market_2,Moscow,PR017,Product_17,Snacks,13,1764.75,1261.13,503.6199999999999,13,0,0.0,1764.75,1.0,219,0,0,1
2026-07-08,2026,7,2026-07,2026-07-01,8,Wednesday,0,ST002,Market_2,Moscow,PR017,Product_17,Snacks,23,3122.25,2231.23,891.02,23,0,0.0,3122.25,1.0,196,0,0,1
2026-07-09,2026,7,2026-07,2026-07-01,9,Thursday,0,ST002,Market_2,Moscow,PR017,Product_17,Snacks,10,1357.5,970.1,387.4,10,0,0.0,1357.5,1.0,186,0,0,1
2026-07-10,2026,7,2026-07,2026-07-01,10,Friday,0,ST002,Market_2,Moscow,PR017,Product_17,Snacks,21,2850.75,2037.21,813.54,21,0,0.0,2850.75,1.0,165,0,0,1
2026-07-11,2026,7,2026-07,2026-07-01,11,Saturday,1,ST002,Market_2,Moscow,PR017,Product_17,Snacks,31,4208.25,3007.31,1200.94,31,0,0.0,4208.25,1.0,134,0,0,1
2026-07-12,2026,7,2026-07,2026-07-01,12,Sunday,1,ST002,Market_2,Moscow,PR017,Product_17,Snacks,17,2307.75,1649.17,658.5799999999999,17,0,0.0,2307.75,1.0,117,0,0,1
2026-07-13,2026,7,2026-07,2026-07-01,13,Monday,0,ST002,Market_2,Moscow,PR017,Product_17,Snacks,12,1629.0,1164.1200000000001,464.8799999999999,12,0,0.0,1629.0,1.0,105,0,0,1
2026-07-14,2026,7,2026-07,2026-07-01,14,Tuesday,0,ST002,Market_2,Moscow,PR017,Product_17,Snacks,18,2443.5,1746.18,697.3199999999999,18,0,0.0,2443.5,1.0,87,0,0,1
2026-07-15,2026,7,2026-07,2026-07-01,15,Wednesday,0,ST002,Market_2,Moscow,PR017,Product_17,Snacks,18,2443.5,1746.18,697.3199999999999,18,0,0.0,2443.5,1.0,69,0,0,1
2026-07-16,2026,7,2026-07,2026-07-01,16,Thursday,0,ST002,Market_2,Moscow,PR017,Product_17,Snacks,17,2307.75,1649.17,658.5799999999999,17,0,0.0,2307.75,1.0,52,0,0,1
2026-07-17,2026,7,2026-07,2026-07-01,17,Friday,0,ST002,Market_2,Moscow,PR017,Product_17,Snacks,27,3665.25,2619.27,1045.98,27,0,0.0,3665.25,1.0,25,252,0,1
2026-07-18,2026,7,2026-07,2026-07-01,18,Saturday,1,ST002,Market_2,Moscow,PR017,Product_17,Snacks,25,3393.75,2425.25,968.5,37,12,1629.0,5022.75,0.6756756756756757,0,0,1,0
2026-07-19,2026,7,2026-07,2026-07-01,19,Sunday,1,ST002,Market_2,Moscow,PR017,Product_17,Snacks,28,3801.0,2716.28,1084.7199999999998,28,0,0.0,3801.0,1.0,224,0,0,1
2026-07-20,2026,7,2026-07,2026-07-01,20,Monday,0,ST002,Market_2,Moscow,PR017,Product_17,Snacks,19,2579.25,1843.19,736.06,19,0,0.0,2579.25,1.0,205,0,0,1
2026-07-21,2026,7,2026-07,2026-07-01,21,Tuesday,0,ST002,Market_2,Moscow,PR017,Product_17,Snacks,23,3122.25,2231.23,891.02,23,0,0.0,3122.25,1.0,182,0,0,1
2026-07-22,2026,7,2026-07,2026-07-01,22,Wednesday,0,ST002,Market_2,Moscow,PR017,Product_17,Snacks,23,3122.25,2231.23,891.02,23,0,0.0,3122.25,1.0,159,0,0,1
2026-07-23,2026,7,2026-07,2026-07-01,23,Thursday,0,ST002,Market_2,Moscow,PR017,Product_17,Snacks,15,2036.25,1455.15,581.0999999999999,15,0,0.0,2036.25,1.0,144,0,0,1
2026-07-24,2026,7,2026-07,2026-07-01,24,Friday,0,ST002,Market_2,Moscow,PR017,Product_17,Snacks,17,2307.75,1649.17,658.5799999999999,17,0,0.0,2307.75,1.0,127,0,0,1
2026-07-25,2026,7,2026-07,2026-07-01,25,Saturday,1,ST002,Market_2,Moscow,PR017,Product_17,Snacks,21,2850.75,2037.21,813.54,21,0,0.0,2850.75,1.0,106,0,0,1
2026-07-26,2026,7,2026-07,2026-07-01,26,Sunday,1,ST002,Market_2,Moscow,PR017,Product_17,Snacks,25,3393.75,2425.25,968.5,25,0,0.0,3393.75,1.0,81,0,0,1
2026-07-27,2026,7,2026-07,2026-07-01,27,Monday,0,ST002,Market_2,Moscow,PR017,Product_17,Snacks,21,2850.75,2037.21,813.54,21,0,0.0,2850.75,1.0,60,0,0,1
2026-07-28,2026,7,2026-07,2026-07-01,28,Tuesday,0,ST002,Market_2,Moscow,PR017,Product_17,Snacks,17,2307.75,1649.17,658.5799999999999,17,0,0.0,2307.75,1.0,43,0,0,1
2026-07-29,2026,7,2026-07,2026-07-01,29,Wednesday,0,ST002,Market_2,Moscow,PR017,Product_17,Snacks,15,2036.25,1455.15,581.0999999999999,15,0,0.0,2036.25,1.0,28,252,0,1
2026-07-30,2026,7,2026-07,2026-07-01,30,Thursday,0,ST002,Market_2,Moscow,PR017,Product_17,Snacks,13,1764.75,1261.13,503.6199999999999,13,0,0.0,1764.75,1.0,15,0,0,1
2026-07-31,2026,7,2026-07,2026-07-01,31,Friday,0,ST002,Market_2,Moscow,PR017,Product_17,Snacks,25,3393.75,2425.25,968.5,25,0,0.0,3393.75,1.0,242,0,0,1
2026-08-01,2026,8,2026-08,2026-08-01,1,Saturday,1,ST002,Market_2,Moscow,PR017,Product_17,Snacks,30,4072.5,2910.3,1162.1999999999998,30,0,0.0,4072.5,1.0,212,0,0,1
2026-08-02,2026,8,2026-08,2026-08-01,2,Sunday,1,ST002,Market_2,Moscow,PR017,Product_17,Snacks,28,3801.0,2716.28,1084.7199999999998,28,0,0.0,3801.0,1.0,184,0,0,1
2026-08-03,2026,8,2026-08,2026-08-01,3,Monday,0,ST002,Market_2,Moscow,PR017,Product_17,Snacks,20,2715.0,1940.2,774.8,20,0,0.0,2715.0,1.0,164,0,0,1
2026-08-04,2026,8,2026-08,2026-08-01,4,Tuesday,0,ST002,Market_2,Moscow,PR017,Product_17,Snacks,20,2715.0,1940.2,774.8,20,0,0.0,2715.0,1.0,144,0,0,1
2026-08-05,2026,8,2026-08,2026-08-01,5,Wednesday,0,ST002,Market_2,Moscow,PR017,Product_17,Snacks,24,3258.0,2328.2400000000002,929.7599999999998,24,0,0.0,3258.0,1.0,120,0,0,1
2026-08-06,2026,8,2026-08,2026-08-01,6,Thursday,0,ST002,Market_2,Moscow,PR017,Product_17,Snacks,15,2036.25,1455.15,581.0999999999999,15,0,0.0,2036.25,1.0,105,0,0,1
2026-08-07,2026,8,2026-08,2026-08-01,7,Friday,0,ST002,Market_2,Moscow,PR017,Product_17,Snacks,22,2986.5,2134.2200000000003,852.2799999999997,22,0,0.0,2986.5,1.0,83,0,0,1
2026-08-08,2026,8,2026-08,2026-08-01,8,Saturday,1,ST002,Market_2,Moscow,PR017,Product_17,Snacks,19,2579.25,1843.19,736.06,19,0,0.0,2579.25,1.0,64,0,0,1
2026-08-09,2026,8,2026-08,2026-08-01,9,Sunday,1,ST002,Market_2,Moscow,PR017,Product_17,Snacks,28,3801.0,2716.28,1084.7199999999998,28,0,0.0,3801.0,1.0,36,0,0,1
2026-08-10,2026,8,2026-08,2026-08-01,10,Monday,0,ST002,Market_2,Moscow,PR017,Product_17,Snacks,22,2986.5,2134.2200000000003,852.2799999999997,22,0,0.0,2986.5,1.0,14,252,0,1
2026-08-11,2026,8,2026-08,2026-08-01,11,Tuesday,0,ST002,Market_2,Moscow,PR017,Product_17,Snacks,14,1900.5,1358.14,542.3599999999999,22,8,1086.0,2986.5,0.6363636363636364,0,0,1,0
2026-08-12,2026,8,2026-08,2026-08-01,12,Wednesday,0,ST002,Market_2,Moscow,PR017,Product_17,Snacks,13,1764.75,1261.13,503.6199999999999,13,0,0.0,1764.75,1.0,239,0,0,1
2026-08-13,2026,8,2026-08,2026-08-01,13,Thursday,0,ST002,Market_2,Moscow,PR017,Product_17,Snacks,16,2172.0,1552.16,619.8399999999999,16,0,0.0,2172.0,1.0,223,0,0,1
2026-08-14,2026,8,2026-08,2026-08-01,14,Friday,0,ST002,Market_2,Moscow,PR017,Product_17,Snacks,14,1900.5,1358.14,542.3599999999999,14,0,0.0,1900.5,1.0,209,0,0,1
2026-08-15,2026,8,2026-08,2026-08-01,15,Saturday,1,ST002,Market_2,Moscow,PR017,Product_17,Snacks,40,5430.0,3880.4,1549.6,40,0,0.0,5430.0,1.0,169,0,0,1
2026-08-16,2026,8,2026-08,2026-08-01,16,Sunday,1,ST002,Market_2,Moscow,PR017,Product_17,Snacks,30,4072.5,2910.3,1162.1999999999998,30,0,0.0,4072.5,1.0,139,0,0,1
2026-08-17,2026,8,2026-08,2026-08-01,17,Monday,0,ST002,Market_2,Moscow,PR017,Product_17,Snacks,13,1764.75,1261.13,503.6199999999999,13,0,0.0,1764.75,1.0,126,0,0,1
2026-08-18,2026,8,2026-08,2026-08-01,18,Tuesday,0,ST002,Market_2,Moscow,PR017,Product_17,Snacks,15,2036.25,1455.15,581.0999999999999,15,0,0.0,2036.25,1.0,111,0,0,1
2026-08-19,2026,8,2026-08,2026-08-01,19,Wednesday,0,ST002,Market_2,Moscow,PR017,Product_17,Snacks,9,1221.75,873.09,348.65999999999997,9,0,0.0,1221.75,1.0,102,0,0,1
2026-08-20,2026,8,2026-08,2026-08-01,20,Thursday,0,ST002,Market_2,Moscow,PR017,Product_17,Snacks,18,2443.5,1746.18,697.3199999999999,18,0,0.0,2443.5,1.0,84,0,0,1
2026-08-21,2026,8,2026-08,2026-08-01,21,Friday,0,ST002,Market_2,Moscow,PR017,Product_17,Snacks,17,2307.75,1649.17,658.5799999999999,17,0,0.0,2307.75,1.0,67,0,0,1
2026-08-22,2026,8,2026-08,2026-08-01,22,Saturday,1,ST002,Market_2,Moscow,PR017,Product_17,Snacks,33,4479.75,3201.3300000000004,1278.4199999999996,33,0,0.0,4479.75,1.0,34,0,0,1
2026-08-23,2026,8,2026-08,2026-08-01,23,Sunday,1,ST002,Market_2,Moscow,PR017,Product_17,Snacks,32,4344.0,3104.32,1239.6799999999998,32,0,0.0,4344.0,1.0,2,252,0,1
2026-08-24,2026,8,2026-08,2026-08-01,24,Monday,0,ST002,Market_2,Moscow,PR017,Product_17,Snacks,2,271.5,194.02,77.47999999999999,16,14,1900.5,2172.0,0.125,0,0,1,0
2026-08-25,2026,8,2026-08,2026-08-01,25,Tuesday,0,ST002,Market_2,Moscow,PR017,Product_17,Snacks,20,2715.0,1940.2,774.8,20,0,0.0,2715.0,1.0,232,0,0,1
2026-08-26,2026,8,2026-08,2026-08-01,26,Wednesday,0,ST002,Market_2,Moscow,PR017,Product_17,Snacks,23,3122.25,2231.23,891.02,23,0,0.0,3122.25,1.0,209,0,0,1
2026-08-27,2026,8,2026-08,2026-08-01,27,Thursday,0,ST002,Market_2,Moscow,PR017,Product_17,Snacks,21,2850.75,2037.21,813.54,21,0,0.0,2850.75,1.0,188,0,0,1
2026-08-28,2026,8,2026-08,2026-08-01,28,Friday,0,ST002,Market_2,Moscow,PR017,Product_17,Snacks,11,1493.25,1067.1100000000001,426.1399999999999,11,0,0.0,1493.25,1.0,177,0,0,1
2026-08-29,2026,8,2026-08,2026-08-01,29,Saturday,1,ST002,Market_2,Moscow,PR017,Product_17,Snacks,24,3258.0,2328.2400000000002,929.7599999999998,24,0,0.0,3258.0,1.0,153,0,0,1
2026-08-30,2026,8,2026-08,2026-08-01,30,Sunday,1,ST002,Market_2,Moscow,PR017,Product_17,Snacks,30,4072.5,2910.3,1162.1999999999998,30,0,0.0,4072.5,1.0,123,0,0,1
2026-08-31,2026,8,2026-08,2026-08-01,31,Monday,0,ST002,Market_2,Moscow,PR017,Product_17,Snacks,19,2579.25,1843.19,736.06,19,0,0.0,2579.25,1.0,104,0,0,1
2026-09-01,2026,9,2026-09,2026-09-01,1,Tuesday,0,ST002,Market_2,Moscow,PR017,Product_17,Snacks,15,2036.25,1455.15,581.0999999999999,15,0,0.0,2036.25,1.0,89,0,0,1
2026-09-02,2026,9,2026-09,2026-09-01,2,Wednesday,0,ST002,Market_2,Moscow,PR017,Product_17,Snacks,16,2172.0,1552.16,619.8399999999999,16,0,0.0,2172.0,1.0,73,0,0,1
2026-09-03,2026,9,2026-09,2026-09-01,3,Thursday,0,ST002,Market_2,Moscow,PR017,Product_17,Snacks,23,3122.25,2231.23,891.02,23,0,0.0,3122.25,1.0,50,0,0,1
2026-09-04,2026,9,2026-09,2026-09-01,4,Friday,0,ST002,Market_2,Moscow,PR017,Product_17,Snacks,13,1764.75,1261.13,503.6199999999999,13,0,0.0,1764.75,1.0,37,252,0,1
2026-09-05,2026,9,2026-09,2026-09-01,5,Saturday,1,ST002,Market_2,Moscow,PR017,Product_17,Snacks,33,4479.75,3201.3300000000004,1278.4199999999996,33,0,0.0,4479.75,1.0,4,0,0,1
2026-09-06,2026,9,2026-09,2026-09-01,6,Sunday,1,ST002,Market_2,Moscow,PR017,Product_17,Snacks,21,2850.75,2037.21,813.54,21,0,0.0,2850.75,1.0,235,0,0,1
2026-09-07,2026,9,2026-09,2026-09-01,7,Monday,0,ST002,Market_2,Moscow,PR017,Product_17,Snacks,19,2579.25,1843.19,736.06,19,0,0.0,2579.25,1.0,216,0,0,1
2026-06-10,2026,6,2026-06,2026-06-01,10,Wednesday,0,ST002,Market_2,Moscow,PR018,Product_18,Beverages,17,576.64,442.68,133.95999999999998,17,0,0.0,576.64,1.0,277,0,0,1
2026-06-11,2026,6,2026-06,2026-06-01,11,Thursday,0,ST002,Market_2,Moscow,PR018,Product_18,Beverages,17,576.64,442.68,133.95999999999998,17,0,0.0,576.64,1.0,260,0,0,1
2026-06-12,2026,6,2026-06,2026-06-01,12,Friday,0,ST002,Market_2,Moscow,PR018,Product_18,Beverages,18,610.56,468.71999999999997,141.83999999999997,18,0,0.0,610.5600000000001,1.0,242,0,0,1
2026-06-13,2026,6,2026-06,2026-06-01,13,Saturday,1,ST002,Market_2,Moscow,PR018,Product_18,Beverages,29,983.68,755.16,228.51999999999998,29,0,0.0,983.6800000000001,1.0,213,0,0,1
2026-06-14,2026,6,2026-06,2026-06-01,14,Sunday,1,ST002,Market_2,Moscow,PR018,Product_18,Beverages,33,1119.36,859.3199999999999,260.03999999999996,33,0,0.0,1119.3600000000001,1.0,180,0,0,1
2026-06-15,2026,6,2026-06,2026-06-01,15,Monday,0,ST002,Market_2,Moscow,PR018,Product_18,Beverages,23,780.16,598.92,181.24,23,0,0.0,780.1600000000001,1.0,157,0,0,1
2026-06-16,2026,6,2026-06,2026-06-01,16,Tuesday,0,ST002,Market_2,Moscow,PR018,Product_18,Beverages,22,746.24,572.88,173.36,22,0,0.0,746.24,1.0,135,0,0,1
2026-06-17,2026,6,2026-06,2026-06-01,17,Wednesday,0,ST002,Market_2,Moscow,PR018,Product_18,Beverages,29,983.68,755.16,228.51999999999998,29,0,0.0,983.6800000000001,1.0,106,0,0,1
2026-06-18,2026,6,2026-06,2026-06-01,18,Thursday,0,ST002,Market_2,Moscow,PR018,Product_18,Beverages,19,644.48,494.76,149.72000000000003,19,0,0.0,644.48,1.0,87,0,0,1
2026-06-19,2026,6,2026-06,2026-06-01,19,Friday,0,ST002,Market_2,Moscow,PR018,Product_18,Beverages,29,983.68,755.16,228.51999999999998,29,0,0.0,983.6800000000001,1.0,58,0,0,1
2026-06-20,2026,6,2026-06,2026-06-01,20,Saturday,1,ST002,Market_2,Moscow,PR018,Product_18,Beverages,21,712.32,546.84,165.48000000000002,21,0,0.0,712.32,1.0,37,0,0,1
2026-06-21,2026,6,2026-06,2026-06-01,21,Sunday,1,ST002,Market_2,Moscow,PR018,Product_18,Beverages,29,983.68,755.16,228.51999999999998,29,0,0.0,983.6800000000001,1.0,8,294,0,1
2026-06-22,2026,6,2026-06,2026-06-01,22,Monday,0,ST002,Market_2,Moscow,PR018,Product_18,Beverages,8,271.36,208.32,63.04000000000002,19,11,373.12,644.48,0.42105263157894735,0,0,1,0
2026-06-23,2026,6,2026-06,2026-06-01,23,Tuesday,0,ST002,Market_2,Moscow,PR018,Product_18,Beverages,22,746.24,572.88,173.36,22,0,0.0,746.24,1.0,272,0,0,1
2026-06-24,2026,6,2026-06,2026-06-01,24,Wednesday,0,ST002,Market_2,Moscow,PR018,Product_18,Beverages,14,474.88,364.56,110.32,14,0,0.0,474.88,1.0,258,0,0,1
2026-06-25,2026,6,2026-06,2026-06-01,25,Thursday,0,ST002,Market_2,Moscow,PR018,Product_18,Beverages,20,678.4,520.8,157.60000000000002,20,0,0.0,678.4000000000001,1.0,238,0,0,1
2026-06-26,2026,6,2026-06,2026-06-01,26,Friday,0,ST002,Market_2,Moscow,PR018,Product_18,Beverages,20,678.4,520.8,157.60000000000002,20,0,0.0,678.4000000000001,1.0,218,0,0,1
2026-06-27,2026,6,2026-06,2026-06-01,27,Saturday,1,ST002,Market_2,Moscow,PR018,Product_18,Beverages,33,1119.36,859.3199999999999,260.03999999999996,33,0,0.0,1119.3600000000001,1.0,185,0,0,1
2026-06-28,2026,6,2026-06,2026-06-01,28,Sunday,1,ST002,Market_2,Moscow,PR018,Product_18,Beverages,26,881.92,677.04,204.88,26,0,0.0,881.9200000000001,1.0,159,0,0,1
2026-06-29,2026,6,2026-06,2026-06-01,29,Monday,0,ST002,Market_2,Moscow,PR018,Product_18,Beverages,27,915.84,703.0799999999999,212.7600000000001,27,0,0.0,915.84,1.0,132,0,0,1
2026-06-30,2026,6,2026-06,2026-06-01,30,Tuesday,0,ST002,Market_2,Moscow,PR018,Product_18,Beverages,22,746.24,572.88,173.36,22,0,0.0,746.24,1.0,110,0,0,1
2026-07-01,2026,7,2026-07,2026-07-01,1,Wednesday,0,ST002,Market_2,Moscow,PR018,Product_18,Beverages,20,678.4,520.8,157.60000000000002,20,0,0.0,678.4000000000001,1.0,90,0,0,1
2026-07-02,2026,7,2026-07,2026-07-01,2,Thursday,0,ST002,Market_2,Moscow,PR018,Product_18,Beverages,24,814.08,624.96,189.12,24,0,0.0,814.08,1.0,66,0,0,1
2026-07-03,2026,7,2026-07,2026-07-01,3,Friday,0,ST002,Market_2,Moscow,PR018,Product_18,Beverages,14,474.88,364.56,110.32,14,0,0.0,474.88,1.0,52,0,0,1
2026-07-04,2026,7,2026-07,2026-07-01,4,Saturday,1,ST002,Market_2,Moscow,PR018,Product_18,Beverages,24,814.08,624.96,189.12,24,0,0.0,814.08,1.0,28,294,0,1
2026-07-05,2026,7,2026-07,2026-07-01,5,Sunday,1,ST002,Market_2,Moscow,PR018,Product_18,Beverages,28,949.76,729.12,220.64,29,1,33.92,983.6800000000001,0.9655172413793104,0,0,1,0
2026-07-06,2026,7,2026-07,2026-07-01,6,Monday,0,ST002,Market_2,Moscow,PR018,Product_18,Beverages,24,814.08,624.96,189.12,24,0,0.0,814.08,1.0,270,0,0,1
2026-07-07,2026,7,2026-07,2026-07-01,7,Tuesday,0,ST002,Market_2,Moscow,PR018,Product_18,Beverages,23,780.16,598.92,181.24,23,0,0.0,780.1600000000001,1.0,247,0,0,1
2026-07-08,2026,7,2026-07,2026-07-01,8,Wednesday,0,ST002,Market_2,Moscow,PR018,Product_18,Beverages,18,610.56,468.71999999999997,141.83999999999997,18,0,0.0,610.5600000000001,1.0,229,0,0,1
2026-07-09,2026,7,2026-07,2026-07-01,9,Thursday,0,ST002,Market_2,Moscow,PR018,Product_18,Beverages,20,678.4,520.8,157.60000000000002,20,0,0.0,678.4000000000001,1.0,209,0,0,1
2026-07-10,2026,7,2026-07,2026-07-01,10,Friday,0,ST002,Market_2,Moscow,PR018,Product_18,Beverages,16,542.72,416.64,126.08000000000004,16,0,0.0,542.72,1.0,193,0,0,1
2026-07-11,2026,7,2026-07,2026-07-01,11,Saturday,1,ST002,Market_2,Moscow,PR018,Product_18,Beverages,16,542.72,416.64,126.08000000000004,16,0,0.0,542.72,1.0,177,0,0,1
2026-07-12,2026,7,2026-07,2026-07-01,12,Sunday,1,ST002,Market_2,Moscow,PR018,Product_18,Beverages,22,746.24,572.88,173.36,22,0,0.0,746.24,1.0,155,0,0,1
2026-07-13,2026,7,2026-07,2026-07-01,13,Monday,0,ST002,Market_2,Moscow,PR018,Product_18,Beverages,17,576.64,442.68,133.95999999999998,17,0,0.0,576.64,1.0,138,0,0,1
2026-07-14,2026,7,2026-07,2026-07-01,14,Tuesday,0,ST002,Market_2,Moscow,PR018,Product_18,Beverages,21,712.32,546.84,165.48000000000002,21,0,0.0,712.32,1.0,117,0,0,1
2026-07-15,2026,7,2026-07,2026-07-01,15,Wednesday,0,ST002,Market_2,Moscow,PR018,Product_18,Beverages,21,712.32,546.84,165.48000000000002,21,0,0.0,712.32,1.0,96,0,0,1
2026-07-16,2026,7,2026-07,2026-07-01,16,Thursday,0,ST002,Market_2,Moscow,PR018,Product_18,Beverages,14,474.88,364.56,110.32,14,0,0.0,474.88,1.0,82,294,0,1
2026-07-17,2026,7,2026-07,2026-07-01,17,Friday,0,ST002,Market_2,Moscow,PR018,Product_18,Beverages,17,576.64,442.68,133.95999999999998,17,0,0.0,576.64,1.0,65,0,0,1
2026-07-18,2026,7,2026-07,2026-07-01,18,Saturday,1,ST002,Market_2,Moscow,PR018,Product_18,Beverages,32,1085.44,833.28,252.16000000000008,32,0,0.0,1085.44,1.0,327,0,0,1
2026-07-19,2026,7,2026-07,2026-07-01,19,Sunday,1,ST002,Market_2,Moscow,PR018,Product_18,Beverages,18,610.56,468.71999999999997,141.83999999999997,18,0,0.0,610.5600000000001,1.0,309,0,0,1
2026-07-20,2026,7,2026-07,2026-07-01,20,Monday,0,ST002,Market_2,Moscow,PR018,Product_18,Beverages,14,474.88,364.56,110.32,14,0,0.0,474.88,1.0,295,0,0,1
2026-07-21,2026,7,2026-07,2026-07-01,21,Tuesday,0,ST002,Market_2,Moscow,PR018,Product_18,Beverages,18,610.56,468.71999999999997,141.83999999999997,18,0,0.0,610.5600000000001,1.0,277,0,0,1
2026-07-22,2026,7,2026-07,2026-07-01,22,Wednesday,0,ST002,Market_2,Moscow,PR018,Product_18,Beverages,22,746.24,572.88,173.36,22,0,0.0,746.24,1.0,255,0,0,1
2026-07-23,2026,7,2026-07,2026-07-01,23,Thursday,0,ST002,Market_2,Moscow,PR018,Product_18,Beverages,23,780.16,598.92,181.24,23,0,0.0,780.1600000000001,1.0,232,0,0,1
2026-07-24,2026,7,2026-07,2026-07-01,24,Friday,0,ST002,Market_2,Moscow,PR018,Product_18,Beverages,22,746.24,572.88,173.36,22,0,0.0,746.24,1.0,210,0,0,1
2026-07-25,2026,7,2026-07,2026-07-01,25,Saturday,1,ST002,Market_2,Moscow,PR018,Product_18,Beverages,33,1119.36,859.3199999999999,260.03999999999996,33,0,0.0,1119.3600000000001,1.0,177,0,0,1
2026-07-26,2026,7,2026-07,2026-07-01,26,Sunday,1,ST002,Market_2,Moscow,PR018,Product_18,Beverages,31,1051.52,807.24,244.27999999999997,31,0,0.0,1051.52,1.0,146,0,0,1
2026-07-27,2026,7,2026-07,2026-07-01,27,Monday,0,ST002,Market_2,Moscow,PR018,Product_18,Beverages,23,780.16,598.92,181.24,23,0,0.0,780.1600000000001,1.0,123,0,0,1
2026-07-28,2026,7,2026-07,2026-07-01,28,Tuesday,0,ST002,Market_2,Moscow,PR018,Product_18,Beverages,16,542.72,416.64,126.08000000000004,16,0,0.0,542.72,1.0,107,0,0,1
2026-07-29,2026,7,2026-07,2026-07-01,29,Wednesday,0,ST002,Market_2,Moscow,PR018,Product_18,Beverages,27,915.84,703.0799999999999,212.7600000000001,27,0,0.0,915.84,1.0,80,0,0,1
2026-07-30,2026,7,2026-07,2026-07-01,30,Thursday,0,ST002,Market_2,Moscow,PR018,Product_18,Beverages,21,712.32,546.84,165.48000000000002,21,0,0.0,712.32,1.0,59,0,0,1
2026-07-31,2026,7,2026-07,2026-07-01,31,Friday,0,ST002,Market_2,Moscow,PR018,Product_18,Beverages,19,644.48,494.76,149.72000000000003,19,0,0.0,644.48,1.0,40,0,0,1
2026-08-01,2026,8,2026-08,2026-08-01,1,Saturday,1,ST002,Market_2,Moscow,PR018,Product_18,Beverages,27,915.84,703.0799999999999,212.7600000000001,27,0,0.0,915.84,1.0,13,294,0,1
2026-08-02,2026,8,2026-08,2026-08-01,2,Sunday,1,ST002,Market_2,Moscow,PR018,Product_18,Beverages,13,440.96,338.52,102.44,22,9,305.28000000000003,746.24,0.5909090909090909,0,0,1,0
2026-08-03,2026,8,2026-08,2026-08-01,3,Monday,0,ST002,Market_2,Moscow,PR018,Product_18,Beverages,11,373.12,286.44,86.68,11,0,0.0,373.12,1.0,283,0,0,1
2026-08-04,2026,8,2026-08,2026-08-01,4,Tuesday,0,ST002,Market_2,Moscow,PR018,Product_18,Beverages,30,1017.6,781.1999999999999,236.4000000000001,30,0,0.0,1017.6,1.0,253,0,0,1
2026-08-05,2026,8,2026-08,2026-08-01,5,Wednesday,0,ST002,Market_2,Moscow,PR018,Product_18,Beverages,16,542.72,416.64,126.08000000000004,16,0,0.0,542.72,1.0,237,0,0,1
2026-08-06,2026,8,2026-08,2026-08-01,6,Thursday,0,ST002,Market_2,Moscow,PR018,Product_18,Beverages,21,712.32,546.84,165.48000000000002,21,0,0.0,712.32,1.0,216,0,0,1
2026-08-07,2026,8,2026-08,2026-08-01,7,Friday,0,ST002,Market_2,Moscow,PR018,Product_18,Beverages,17,576.64,442.68,133.95999999999998,17,0,0.0,576.64,1.0,199,0,0,1
2026-08-08,2026,8,2026-08,2026-08-01,8,Saturday,1,ST002,Market_2,Moscow,PR018,Product_18,Beverages,26,881.92,677.04,204.88,26,0,0.0,881.9200000000001,1.0,173,0,0,1
2026-08-09,2026,8,2026-08,2026-08-01,9,Sunday,1,ST002,Market_2,Moscow,PR018,Product_18,Beverages,32,1085.44,833.28,252.16000000000008,32,0,0.0,1085.44,1.0,141,0,0,1
2026-08-10,2026,8,2026-08,2026-08-01,10,Monday,0,ST002,Market_2,Moscow,PR018,Product_18,Beverages,18,610.56,468.71999999999997,141.83999999999997,18,0,0.0,610.5600000000001,1.0,123,0,0,1
2026-08-11,2026,8,2026-08,2026-08-01,11,Tuesday,0,ST002,Market_2,Moscow,PR018,Product_18,Beverages,30,1017.6,781.1999999999999,236.4000000000001,30,0,0.0,1017.6,1.0,93,0,0,1
2026-08-12,2026,8,2026-08,2026-08-01,12,Wednesday,0,ST002,Market_2,Moscow,PR018,Product_18,Beverages,25,848.0,651.0,197.0,25,0,0.0,848.0,1.0,68,0,0,1
2026-08-13,2026,8,2026-08,2026-08-01,13,Thursday,0,ST002,Market_2,Moscow,PR018,Product_18,Beverages,29,983.68,755.16,228.51999999999998,29,0,0.0,983.6800000000001,1.0,39,0,0,1
2026-08-14,2026,8,2026-08,2026-08-01,14,Friday,0,ST002,Market_2,Moscow,PR018,Product_18,Beverages,14,474.88,364.56,110.32,14,0,0.0,474.88,1.0,25,294,0,1
2026-08-15,2026,8,2026-08,2026-08-01,15,Saturday,1,ST002,Market_2,Moscow,PR018,Product_18,Beverages,25,848.0,651.0,197.0,34,9,305.28000000000003,1153.28,0.7352941176470589,0,0,1,0
2026-08-16,2026,8,2026-08,2026-08-01,16,Sunday,1,ST002,Market_2,Moscow,PR018,Product_18,Beverages,23,780.16,598.92,181.24,23,0,0.0,780.1600000000001,1.0,271,0,0,1
2026-08-17,2026,8,2026-08,2026-08-01,17,Monday,0,ST002,Market_2,Moscow,PR018,Product_18,Beverages,22,746.24,572.88,173.36,22,0,0.0,746.24,1.0,249,0,0,1
2026-08-18,2026,8,2026-08,2026-08-01,18,Tuesday,0,ST002,Market_2,Moscow,PR018,Product_18,Beverages,26,881.92,677.04,204.88,26,0,0.0,881.9200000000001,1.0,223,0,0,1
2026-08-19,2026,8,2026-08,2026-08-01,19,Wednesday,0,ST002,Market_2,Moscow,PR018,Product_18,Beverages,25,848.0,651.0,197.0,25,0,0.0,848.0,1.0,198,0,0,1
2026-08-20,2026,8,2026-08,2026-08-01,20,Thursday,0,ST002,Market_2,Moscow,PR018,Product_18,Beverages,15,508.8,390.59999999999997,118.20000000000005,15,0,0.0,508.8,1.0,183,0,0,1
2026-08-21,2026,8,2026-08,2026-08-01,21,Friday,0,ST002,Market_2,Moscow,PR018,Product_18,Beverages,19,644.48,494.76,149.72000000000003,19,0,0.0,644.48,1.0,164,0,0,1
2026-08-22,2026,8,2026-08,2026-08-01,22,Saturday,1,ST002,Market_2,Moscow,PR018,Product_18,Beverages,40,1356.8,1041.6,315.20000000000005,40,0,0.0,1356.8000000000002,1.0,124,0,0,1
2026-08-23,2026,8,2026-08,2026-08-01,23,Sunday,1,ST002,Market_2,Moscow,PR018,Product_18,Beverages,22,746.24,572.88,173.36,22,0,0.0,746.24,1.0,102,0,0,1
2026-08-24,2026,8,2026-08,2026-08-01,24,Monday,0,ST002,Market_2,Moscow,PR018,Product_18,Beverages,20,678.4,520.8,157.60000000000002,20,0,0.0,678.4000000000001,1.0,82,0,0,1
2026-08-25,2026,8,2026-08,2026-08-01,25,Tuesday,0,ST002,Market_2,Moscow,PR018,Product_18,Beverages,23,780.16,598.92,181.24,23,0,0.0,780.1600000000001,1.0,59,0,0,1
2026-08-26,2026,8,2026-08,2026-08-01,26,Wednesday,0,ST002,Market_2,Moscow,PR018,Product_18,Beverages,30,1017.6,781.1999999999999,236.4000000000001,30,0,0.0,1017.6,1.0,29,294,0,1
2026-08-27,2026,8,2026-08,2026-08-01,27,Thursday,0,ST002,Market_2,Moscow,PR018,Product_18,Beverages,20,678.4,520.8,157.60000000000002,20,0,0.0,678.4000000000001,1.0,9,0,0,1
2026-08-28,2026,8,2026-08,2026-08-01,28,Friday,0,ST002,Market_2,Moscow,PR018,Product_18,Beverages,27,915.84,703.0799999999999,212.7600000000001,27,0,0.0,915.84,1.0,276,0,0,1
2026-08-29,2026,8,2026-08,2026-08-01,29,Saturday,1,ST002,Market_2,Moscow,PR018,Product_18,Beverages,24,814.08,624.96,189.12,24,0,0.0,814.08,1.0,252,0,0,1
2026-08-30,2026,8,2026-08,2026-08-01,30,Sunday,1,ST002,Market_2,Moscow,PR018,Product_18,Beverages,21,712.32,546.84,165.48000000000002,21,0,0.0,712.32,1.0,231,0,0,1
2026-08-31,2026,8,2026-08,2026-08-01,31,Monday,0,ST002,Market_2,Moscow,PR018,Product_18,Beverages,18,610.56,468.71999999999997,141.83999999999997,18,0,0.0,610.5600000000001,1.0,213,0,0,1
2026-09-01,2026,9,2026-09,2026-09-01,1,Tuesday,0,ST002,Market_2,Moscow,PR018,Product_18,Beverages,20,678.4,520.8,157.60000000000002,20,0,0.0,678.4000000000001,1.0,193,0,0,1
2026-09-02,2026,9,2026-09,2026-09-01,2,Wednesday,0,ST002,Market_2,Moscow,PR018,Product_18,Beverages,11,373.12,286.44,86.68,11,0,0.0,373.12,1.0,182,0,0,1
2026-09-03,2026,9,2026-09,2026-09-01,3,Thursday,0,ST002,Market_2,Moscow,PR018,Product_18,Beverages,21,712.32,546.84,165.48000000000002,21,0,0.0,712.32,1.0,161,0,0,1
2026-09-04,2026,9,2026-09,2026-09-01,4,Friday,0,ST002,Market_2,Moscow,PR018,Product_18,Beverages,18,610.56,468.71999999999997,141.83999999999997,18,0,0.0,610.5600000000001,1.0,143,0,0,1
2026-09-05,2026,9,2026-09,2026-09-01,5,Saturday,1,ST002,Market_2,Moscow,PR018,Product_18,Beverages,37,1255.04,963.48,291.55999999999995,37,0,0.0,1255.04,1.0,106,0,0,1
2026-09-06,2026,9,2026-09,2026-09-01,6,Sunday,1,ST002,Market_2,Moscow,PR018,Product_18,Beverages,22,746.24,572.88,173.36,22,0,0.0,746.24,1.0,84,0,0,1
2026-09-07,2026,9,2026-09,2026-09-01,7,Monday,0,ST002,Market_2,Moscow,PR018,Product_18,Beverages,20,678.4,520.8,157.60000000000002,20,0,0.0,678.4000000000001,1.0,64,294,0,1
2026-06-10,2026,6,2026-06,2026-06-01,10,Wednesday,0,ST002,Market_2,Moscow,PR019,Product_19,Snacks,7,1183.21,692.86,490.35,7,0,0.0,1183.21,1.0,105,0,0,1
2026-06-11,2026,6,2026-06,2026-06-01,11,Thursday,0,ST002,Market_2,Moscow,PR019,Product_19,Snacks,13,2197.39,1286.74,910.6499999999999,13,0,0.0,2197.39,1.0,92,0,0,1
2026-06-12,2026,6,2026-06,2026-06-01,12,Friday,0,ST002,Market_2,Moscow,PR019,Product_19,Snacks,5,845.15,494.90000000000003,350.24999999999994,5,0,0.0,845.15,1.0,87,0,0,1
2026-06-13,2026,6,2026-06,2026-06-01,13,Saturday,1,ST002,Market_2,Moscow,PR019,Product_19,Snacks,7,1183.21,692.86,490.35,7,0,0.0,1183.21,1.0,80,0,0,1
2026-06-14,2026,6,2026-06,2026-06-01,14,Sunday,1,ST002,Market_2,Moscow,PR019,Product_19,Snacks,8,1352.24,791.84,560.4,8,0,0.0,1352.24,1.0,72,0,0,1
2026-06-15,2026,6,2026-06,2026-06-01,15,Monday,0,ST002,Market_2,Moscow,PR019,Product_19,Snacks,4,676.12,395.92,280.2,4,0,0.0,676.12,1.0,68,0,0,1
2026-06-16,2026,6,2026-06,2026-06-01,16,Tuesday,0,ST002,Market_2,Moscow,PR019,Product_19,Snacks,10,1690.3,989.8000000000001,700.4999999999999,10,0,0.0,1690.3,1.0,58,0,0,1
2026-06-17,2026,6,2026-06,2026-06-01,17,Wednesday,0,ST002,Market_2,Moscow,PR019,Product_19,Snacks,14,2366.42,1385.72,980.7,14,0,0.0,2366.42,1.0,44,0,0,1
2026-06-18,2026,6,2026-06,2026-06-01,18,Thursday,0,ST002,Market_2,Moscow,PR019,Product_19,Snacks,6,1014.18,593.88,420.29999999999995,6,0,0.0,1014.1800000000001,1.0,38,0,0,1
2026-06-19,2026,6,2026-06,2026-06-01,19,Friday,0,ST002,Market_2,Moscow,PR019,Product_19,Snacks,6,1014.18,593.88,420.29999999999995,6,0,0.0,1014.1800000000001,1.0,32,0,0,1
2026-06-20,2026,6,2026-06,2026-06-01,20,Saturday,1,ST002,Market_2,Moscow,PR019,Product_19,Snacks,11,1859.33,1088.78,770.55,11,0,0.0,1859.33,1.0,21,0,0,1
2026-06-21,2026,6,2026-06,2026-06-01,21,Sunday,1,ST002,Market_2,Moscow,PR019,Product_19,Snacks,10,1690.3,989.8000000000001,700.4999999999999,10,0,0.0,1690.3,1.0,11,112,0,1
2026-06-22,2026,6,2026-06,2026-06-01,22,Monday,0,ST002,Market_2,Moscow,PR019,Product_19,Snacks,7,1183.21,692.86,490.35,7,0,0.0,1183.21,1.0,4,0,0,1
2026-06-23,2026,6,2026-06,2026-06-01,23,Tuesday,0,ST002,Market_2,Moscow,PR019,Product_19,Snacks,6,1014.18,593.88,420.29999999999995,6,0,0.0,1014.1800000000001,1.0,110,0,0,1
2026-06-24,2026,6,2026-06,2026-06-01,24,Wednesday,0,ST002,Market_2,Moscow,PR019,Product_19,Snacks,12,2028.36,1187.76,840.5999999999999,12,0,0.0,2028.3600000000001,1.0,98,0,0,1
2026-06-25,2026,6,2026-06,2026-06-01,25,Thursday,0,ST002,Market_2,Moscow,PR019,Product_19,Snacks,5,845.15,494.90000000000003,350.24999999999994,5,0,0.0,845.15,1.0,93,0,0,1
2026-06-26,2026,6,2026-06,2026-06-01,26,Friday,0,ST002,Market_2,Moscow,PR019,Product_19,Snacks,9,1521.27,890.82,630.4499999999999,9,0,0.0,1521.27,1.0,84,0,0,1
2026-06-27,2026,6,2026-06,2026-06-01,27,Saturday,1,ST002,Market_2,Moscow,PR019,Product_19,Snacks,11,1859.33,1088.78,770.55,11,0,0.0,1859.33,1.0,73,0,0,1
2026-06-28,2026,6,2026-06,2026-06-01,28,Sunday,1,ST002,Market_2,Moscow,PR019,Product_19,Snacks,14,2366.42,1385.72,980.7,14,0,0.0,2366.42,1.0,59,0,0,1
2026-06-29,2026,6,2026-06,2026-06-01,29,Monday,0,ST002,Market_2,Moscow,PR019,Product_19,Snacks,11,1859.33,1088.78,770.55,11,0,0.0,1859.33,1.0,48,0,0,1
2026-06-30,2026,6,2026-06,2026-06-01,30,Tuesday,0,ST002,Market_2,Moscow,PR019,Product_19,Snacks,11,1859.33,1088.78,770.55,11,0,0.0,1859.33,1.0,37,0,0,1
2026-07-01,2026,7,2026-07,2026-07-01,1,Wednesday,0,ST002,Market_2,Moscow,PR019,Product_19,Snacks,12,2028.36,1187.76,840.5999999999999,12,0,0.0,2028.3600000000001,1.0,25,0,0,1
2026-07-02,2026,7,2026-07,2026-07-01,2,Thursday,0,ST002,Market_2,Moscow,PR019,Product_19,Snacks,7,1183.21,692.86,490.35,7,0,0.0,1183.21,1.0,18,0,0,1
2026-07-03,2026,7,2026-07,2026-07-01,3,Friday,0,ST002,Market_2,Moscow,PR019,Product_19,Snacks,5,845.15,494.90000000000003,350.24999999999994,5,0,0.0,845.15,1.0,13,112,0,1
2026-07-04,2026,7,2026-07,2026-07-01,4,Saturday,1,ST002,Market_2,Moscow,PR019,Product_19,Snacks,9,1521.27,890.82,630.4499999999999,9,0,0.0,1521.27,1.0,4,0,0,1
2026-07-05,2026,7,2026-07,2026-07-01,5,Sunday,1,ST002,Market_2,Moscow,PR019,Product_19,Snacks,12,2028.36,1187.76,840.5999999999999,12,0,0.0,2028.3600000000001,1.0,104,0,0,1
2026-07-06,2026,7,2026-07,2026-07-01,6,Monday,0,ST002,Market_2,Moscow,PR019,Product_19,Snacks,7,1183.21,692.86,490.35,7,0,0.0,1183.21,1.0,97,0,0,1
2026-07-07,2026,7,2026-07,2026-07-01,7,Tuesday,0,ST002,Market_2,Moscow,PR019,Product_19,Snacks,12,2028.36,1187.76,840.5999999999999,12,0,0.0,2028.3600000000001,1.0,85,0,0,1
2026-07-08,2026,7,2026-07,2026-07-01,8,Wednesday,0,ST002,Market_2,Moscow,PR019,Product_19,Snacks,9,1521.27,890.82,630.4499999999999,9,0,0.0,1521.27,1.0,76,0,0,1
2026-07-09,2026,7,2026-07,2026-07-01,9,Thursday,0,ST002,Market_2,Moscow,PR019,Product_19,Snacks,12,2028.36,1187.76,840.5999999999999,12,0,0.0,2028.3600000000001,1.0,64,0,0,1
2026-07-10,2026,7,2026-07,2026-07-01,10,Friday,0,ST002,Market_2,Moscow,PR019,Product_19,Snacks,5,845.15,494.90000000000003,350.24999999999994,5,0,0.0,845.15,1.0,59,0,0,1
2026-07-11,2026,7,2026-07,2026-07-01,11,Saturday,1,ST002,Market_2,Moscow,PR019,Product_19,Snacks,15,2535.45,1484.7,1050.7499999999998,15,0,0.0,2535.45,1.0,44,0,0,1
2026-07-12,2026,7,2026-07,2026-07-01,12,Sunday,1,ST002,Market_2,Moscow,PR019,Product_19,Snacks,7,1183.21,692.86,490.35,7,0,0.0,1183.21,1.0,37,0,0,1
2026-07-13,2026,7,2026-07,2026-07-01,13,Monday,0,ST002,Market_2,Moscow,PR019,Product_19,Snacks,2,338.06,197.96,140.1,2,0,0.0,338.06,1.0,35,0,0,1
2026-07-14,2026,7,2026-07,2026-07-01,14,Tuesday,0,ST002,Market_2,Moscow,PR019,Product_19,Snacks,7,1183.21,692.86,490.35,7,0,0.0,1183.21,1.0,28,0,0,1
2026-07-15,2026,7,2026-07,2026-07-01,15,Wednesday,0,ST002,Market_2,Moscow,PR019,Product_19,Snacks,3,507.09,296.94,210.14999999999998,3,0,0.0,507.09000000000003,1.0,25,112,0,1
2026-07-16,2026,7,2026-07,2026-07-01,16,Thursday,0,ST002,Market_2,Moscow,PR019,Product_19,Snacks,10,1690.3,989.8000000000001,700.4999999999999,10,0,0.0,1690.3,1.0,15,0,0,1
2026-07-17,2026,7,2026-07,2026-07-01,17,Friday,0,ST002,Market_2,Moscow,PR019,Product_19,Snacks,7,1183.21,692.86,490.35,7,0,0.0,1183.21,1.0,120,0,0,1
2026-07-18,2026,7,2026-07,2026-07-01,18,Saturday,1,ST002,Market_2,Moscow,PR019,Product_19,Snacks,6,1014.18,593.88,420.29999999999995,6,0,0.0,1014.1800000000001,1.0,114,0,0,1
2026-07-19,2026,7,2026-07,2026-07-01,19,Sunday,1,ST002,Market_2,Moscow,PR019,Product_19,Snacks,16,2704.48,1583.68,1120.8,16,0,0.0,2704.48,1.0,98,0,0,1
2026-07-20,2026,7,2026-07,2026-07-01,20,Monday,0,ST002,Market_2,Moscow,PR019,Product_19,Snacks,8,1352.24,791.84,560.4,8,0,0.0,1352.24,1.0,90,0,0,1
2026-07-21,2026,7,2026-07,2026-07-01,21,Tuesday,0,ST002,Market_2,Moscow,PR019,Product_19,Snacks,10,1690.3,989.8000000000001,700.4999999999999,10,0,0.0,1690.3,1.0,80,0,0,1
2026-07-22,2026,7,2026-07,2026-07-01,22,Wednesday,0,ST002,Market_2,Moscow,PR019,Product_19,Snacks,5,845.15,494.90000000000003,350.24999999999994,5,0,0.0,845.15,1.0,75,0,0,1
2026-07-23,2026,7,2026-07,2026-07-01,23,Thursday,0,ST002,Market_2,Moscow,PR019,Product_19,Snacks,10,1690.3,989.8000000000001,700.4999999999999,10,0,0.0,1690.3,1.0,65,0,0,1
2026-07-24,2026,7,2026-07,2026-07-01,24,Friday,0,ST002,Market_2,Moscow,PR019,Product_19,Snacks,5,845.15,494.90000000000003,350.24999999999994,5,0,0.0,845.15,1.0,60,0,0,1
2026-07-25,2026,7,2026-07,2026-07-01,25,Saturday,1,ST002,Market_2,Moscow,PR019,Product_19,Snacks,9,1521.27,890.82,630.4499999999999,9,0,0.0,1521.27,1.0,51,0,0,1
2026-07-26,2026,7,2026-07,2026-07-01,26,Sunday,1,ST002,Market_2,Moscow,PR019,Product_19,Snacks,12,2028.36,1187.76,840.5999999999999,12,0,0.0,2028.3600000000001,1.0,39,0,0,1
2026-07-27,2026,7,2026-07,2026-07-01,27,Monday,0,ST002,Market_2,Moscow,PR019,Product_19,Snacks,10,1690.3,989.8000000000001,700.4999999999999,10,0,0.0,1690.3,1.0,29,0,0,1
2026-07-28,2026,7,2026-07,2026-07-01,28,Tuesday,0,ST002,Market_2,Moscow,PR019,Product_19,Snacks,5,845.15,494.90000000000003,350.24999999999994,5,0,0.0,845.15,1.0,24,0,0,1
2026-07-29,2026,7,2026-07,2026-07-01,29,Wednesday,0,ST002,Market_2,Moscow,PR019,Product_19,Snacks,11,1859.33,1088.78,770.55,11,0,0.0,1859.33,1.0,13,0,0,1
2026-07-30,2026,7,2026-07,2026-07-01,30,Thursday,0,ST002,Market_2,Moscow,PR019,Product_19,Snacks,7,1183.21,692.86,490.35,7,0,0.0,1183.21,1.0,6,112,0,1
2026-07-31,2026,7,2026-07,2026-07-01,31,Friday,0,ST002,Market_2,Moscow,PR019,Product_19,Snacks,6,1014.18,593.88,420.29999999999995,8,2,338.06,1352.24,0.75,0,0,1,0
2026-08-01,2026,8,2026-08,2026-08-01,1,Saturday,1,ST002,Market_2,Moscow,PR019,Product_19,Snacks,14,2366.42,1385.72,980.7,14,0,0.0,2366.42,1.0,98,0,0,1
2026-08-02,2026,8,2026-08,2026-08-01,2,Sunday,1,ST002,Market_2,Moscow,PR019,Product_19,Snacks,13,2197.39,1286.74,910.6499999999999,13,0,0.0,2197.39,1.0,85,0,0,1
2026-08-03,2026,8,2026-08,2026-08-01,3,Monday,0,ST002,Market_2,Moscow,PR019,Product_19,Snacks,8,1352.24,791.84,560.4,8,0,0.0,1352.24,1.0,77,0,0,1
2026-08-04,2026,8,2026-08,2026-08-01,4,Tuesday,0,ST002,Market_2,Moscow,PR019,Product_19,Snacks,5,845.15,494.90000000000003,350.24999999999994,5,0,0.0,845.15,1.0,72,0,0,1
2026-08-05,2026,8,2026-08,2026-08-01,5,Wednesday,0,ST002,Market_2,Moscow,PR019,Product_19,Snacks,10,1690.3,989.8000000000001,700.4999999999999,10,0,0.0,1690.3,1.0,62,0,0,1
2026-08-06,2026,8,2026-08,2026-08-01,6,Thursday,0,ST002,Market_2,Moscow,PR019,Product_19,Snacks,10,1690.3,989.8000000000001,700.4999999999999,10,0,0.0,1690.3,1.0,52,0,0,1
2026-08-07,2026,8,2026-08,2026-08-01,7,Friday,0,ST002,Market_2,Moscow,PR019,Product_19,Snacks,5,845.15,494.90000000000003,350.24999999999994,5,0,0.0,845.15,1.0,47,0,0,1
2026-08-08,2026,8,2026-08,2026-08-01,8,Saturday,1,ST002,Market_2,Moscow,PR019,Product_19,Snacks,12,2028.36,1187.76,840.5999999999999,12,0,0.0,2028.3600000000001,1.0,35,0,0,1
2026-08-09,2026,8,2026-08,2026-08-01,9,Sunday,1,ST002,Market_2,Moscow,PR019,Product_19,Snacks,8,1352.24,791.84,560.4,8,0,0.0,1352.24,1.0,27,0,0,1
2026-08-10,2026,8,2026-08,2026-08-01,10,Monday,0,ST002,Market_2,Moscow,PR019,Product_19,Snacks,9,1521.27,890.82,630.4499999999999,9,0,0.0,1521.27,1.0,18,0,0,1
2026-08-11,2026,8,2026-08,2026-08-01,11,Tuesday,0,ST002,Market_2,Moscow,PR019,Product_19,Snacks,7,1183.21,692.86,490.35,7,0,0.0,1183.21,1.0,11,112,0,1
2026-08-12,2026,8,2026-08,2026-08-01,12,Wednesday,0,ST002,Market_2,Moscow,PR019,Product_19,Snacks,9,1521.27,890.82,630.4499999999999,9,0,0.0,1521.27,1.0,2,0,0,1
2026-08-13,2026,8,2026-08,2026-08-01,13,Thursday,0,ST002,Market_2,Moscow,PR019,Product_19,Snacks,7,1183.21,692.86,490.35,7,0,0.0,1183.21,1.0,107,0,0,1
2026-08-14,2026,8,2026-08,2026-08-01,14,Friday,0,ST002,Market_2,Moscow,PR019,Product_19,Snacks,6,1014.18,593.88,420.29999999999995,6,0,0.0,1014.1800000000001,1.0,101,0,0,1
2026-08-15,2026,8,2026-08,2026-08-01,15,Saturday,1,ST002,Market_2,Moscow,PR019,Product_19,Snacks,5,845.15,494.90000000000003,350.24999999999994,5,0,0.0,845.15,1.0,96,0,0,1
2026-08-16,2026,8,2026-08,2026-08-01,16,Sunday,1,ST002,Market_2,Moscow,PR019,Product_19,Snacks,11,1859.33,1088.78,770.55,11,0,0.0,1859.33,1.0,85,0,0,1
2026-08-17,2026,8,2026-08,2026-08-01,17,Monday,0,ST002,Market_2,Moscow,PR019,Product_19,Snacks,10,1690.3,989.8000000000001,700.4999999999999,10,0,0.0,1690.3,1.0,75,0,0,1
2026-08-18,2026,8,2026-08,2026-08-01,18,Tuesday,0,ST002,Market_2,Moscow,PR019,Product_19,Snacks,11,1859.33,1088.78,770.55,11,0,0.0,1859.33,1.0,64,0,0,1
2026-08-19,2026,8,2026-08,2026-08-01,19,Wednesday,0,ST002,Market_2,Moscow,PR019,Product_19,Snacks,4,676.12,395.92,280.2,4,0,0.0,676.12,1.0,60,0,0,1
2026-08-20,2026,8,2026-08,2026-08-01,20,Thursday,0,ST002,Market_2,Moscow,PR019,Product_19,Snacks,8,1352.24,791.84,560.4,8,0,0.0,1352.24,1.0,52,0,0,1
2026-08-21,2026,8,2026-08,2026-08-01,21,Friday,0,ST002,Market_2,Moscow,PR019,Product_19,Snacks,11,1859.33,1088.78,770.55,11,0,0.0,1859.33,1.0,41,0,0,1
2026-08-22,2026,8,2026-08,2026-08-01,22,Saturday,1,ST002,Market_2,Moscow,PR019,Product_19,Snacks,12,2028.36,1187.76,840.5999999999999,12,0,0.0,2028.3600000000001,1.0,29,0,0,1
2026-08-23,2026,8,2026-08,2026-08-01,23,Sunday,1,ST002,Market_2,Moscow,PR019,Product_19,Snacks,19,3211.57,1880.6200000000001,1330.95,19,0,0.0,3211.57,1.0,10,0,0,1
2026-08-24,2026,8,2026-08,2026-08-01,24,Monday,0,ST002,Market_2,Moscow,PR019,Product_19,Snacks,7,1183.21,692.86,490.35,7,0,0.0,1183.21,1.0,3,0,0,1
2026-08-25,2026,8,2026-08,2026-08-01,25,Tuesday,0,ST002,Market_2,Moscow,PR019,Product_19,Snacks,3,507.09,296.94,210.14999999999998,7,4,676.12,1183.21,0.42857142857142855,0,112,1,0
2026-08-26,2026,8,2026-08,2026-08-01,26,Wednesday,0,ST002,Market_2,Moscow,PR019,Product_19,Snacks,0,0.0,0.0,0.0,7,7,1183.21,1183.21,0.0,0,0,1,0
2026-08-27,2026,8,2026-08,2026-08-01,27,Thursday,0,ST002,Market_2,Moscow,PR019,Product_19,Snacks,9,1521.27,890.82,630.4499999999999,9,0,0.0,1521.27,1.0,103,0,0,1
2026-08-28,2026,8,2026-08,2026-08-01,28,Friday,0,ST002,Market_2,Moscow,PR019,Product_19,Snacks,8,1352.24,791.84,560.4,8,0,0.0,1352.24,1.0,95,0,0,1
2026-08-29,2026,8,2026-08,2026-08-01,29,Saturday,1,ST002,Market_2,Moscow,PR019,Product_19,Snacks,8,1352.24,791.84,560.4,8,0,0.0,1352.24,1.0,87,0,0,1
2026-08-30,2026,8,2026-08,2026-08-01,30,Sunday,1,ST002,Market_2,Moscow,PR019,Product_19,Snacks,14,2366.42,1385.72,980.7,14,0,0.0,2366.42,1.0,73,0,0,1
2026-08-31,2026,8,2026-08,2026-08-01,31,Monday,0,ST002,Market_2,Moscow,PR019,Product_19,Snacks,6,1014.18,593.88,420.29999999999995,6,0,0.0,1014.1800000000001,1.0,67,0,0,1
2026-09-01,2026,9,2026-09,2026-09-01,1,Tuesday,0,ST002,Market_2,Moscow,PR019,Product_19,Snacks,8,1352.24,791.84,560.4,8,0,0.0,1352.24,1.0,59,0,0,1
2026-09-02,2026,9,2026-09,2026-09-01,2,Wednesday,0,ST002,Market_2,Moscow,PR019,Product_19,Snacks,10,1690.3,989.8000000000001,700.4999999999999,10,0,0.0,1690.3,1.0,49,0,0,1
2026-09-03,2026,9,2026-09,2026-09-01,3,Thursday,0,ST002,Market_2,Moscow,PR019,Product_19,Snacks,10,1690.3,989.8000000000001,700.4999999999999,10,0,0.0,1690.3,1.0,39,0,0,1
2026-09-04,2026,9,2026-09,2026-09-01,4,Friday,0,ST002,Market_2,Moscow,PR019,Product_19,Snacks,2,338.06,197.96,140.1,2,0,0.0,338.06,1.0,37,0,0,1
2026-09-05,2026,9,2026-09,2026-09-01,5,Saturday,1,ST002,Market_2,Moscow,PR019,Product_19,Snacks,8,1352.24,791.84,560.4,8,0,0.0,1352.24,1.0,29,0,0,1
2026-09-06,2026,9,2026-09,2026-09-01,6,Sunday,1,ST002,Market_2,Moscow,PR019,Product_19,Snacks,13,2197.39,1286.74,910.6499999999999,13,0,0.0,2197.39,1.0,16,0,0,1
2026-09-07,2026,9,2026-09,2026-09-01,7,Monday,0,ST002,Market_2,Moscow,PR019,Product_19,Snacks,6,1014.18,593.88,420.29999999999995,6,0,0.0,1014.1800000000001,1.0,10,112,0,1
2026-06-10,2026,6,2026-06,2026-06-01,10,Wednesday,0,ST002,Market_2,Moscow,PR020,Product_20,Household,14,976.22,590.38,385.84000000000003,14,0,0.0,976.22,1.0,294,0,0,1
2026-06-11,2026,6,2026-06,2026-06-01,11,Thursday,0,ST002,Market_2,Moscow,PR020,Product_20,Household,32,2231.36,1349.44,881.9200000000001,32,0,0.0,2231.36,1.0,262,0,0,1
2026-06-12,2026,6,2026-06,2026-06-01,12,Friday,0,ST002,Market_2,Moscow,PR020,Product_20,Household,18,1255.14,759.0600000000001,496.08000000000004,18,0,0.0,1255.14,1.0,244,0,0,1
2026-06-13,2026,6,2026-06,2026-06-01,13,Saturday,1,ST002,Market_2,Moscow,PR020,Product_20,Household,32,2231.36,1349.44,881.9200000000001,32,0,0.0,2231.36,1.0,212,0,0,1
2026-06-14,2026,6,2026-06,2026-06-01,14,Sunday,1,ST002,Market_2,Moscow,PR020,Product_20,Household,33,2301.09,1391.6100000000001,909.48,33,0,0.0,2301.09,1.0,179,0,0,1
2026-06-15,2026,6,2026-06,2026-06-01,15,Monday,0,ST002,Market_2,Moscow,PR020,Product_20,Household,22,1534.06,927.74,606.3199999999999,22,0,0.0,1534.0600000000002,1.0,157,0,0,1
2026-06-16,2026,6,2026-06,2026-06-01,16,Tuesday,0,ST002,Market_2,Moscow,PR020,Product_20,Household,19,1324.87,801.23,523.6399999999999,19,0,0.0,1324.8700000000001,1.0,138,0,0,1
2026-06-17,2026,6,2026-06,2026-06-01,17,Wednesday,0,ST002,Market_2,Moscow,PR020,Product_20,Household,24,1673.52,1012.08,661.4399999999999,24,0,0.0,1673.52,1.0,114,0,0,1
2026-06-18,2026,6,2026-06,2026-06-01,18,Thursday,0,ST002,Market_2,Moscow,PR020,Product_20,Household,25,1743.25,1054.25,689.0,25,0,0.0,1743.25,1.0,89,0,0,1
2026-06-19,2026,6,2026-06,2026-06-01,19,Friday,0,ST002,Market_2,Moscow,PR020,Product_20,Household,28,1952.44,1180.76,771.6800000000001,28,0,0.0,1952.44,1.0,61,0,0,1
2026-06-20,2026,6,2026-06,2026-06-01,20,Saturday,1,ST002,Market_2,Moscow,PR020,Product_20,Household,36,2510.28,1518.1200000000001,992.1600000000001,36,0,0.0,2510.28,1.0,25,308,0,1
2026-06-21,2026,6,2026-06,2026-06-01,21,Sunday,1,ST002,Market_2,Moscow,PR020,Product_20,Household,25,1743.25,1054.25,689.0,29,4,278.92,2022.17,0.8620689655172413,0,0,1,0
2026-06-22,2026,6,2026-06,2026-06-01,22,Monday,0,ST002,Market_2,Moscow,PR020,Product_20,Household,25,1743.25,1054.25,689.0,25,0,0.0,1743.25,1.0,283,0,0,1
2026-06-23,2026,6,2026-06,2026-06-01,23,Tuesday,0,ST002,Market_2,Moscow,PR020,Product_20,Household,23,1603.79,969.9100000000001,633.8799999999999,23,0,0.0,1603.7900000000002,1.0,260,0,0,1
2026-06-24,2026,6,2026-06,2026-06-01,24,Wednesday,0,ST002,Market_2,Moscow,PR020,Product_20,Household,15,1045.95,632.5500000000001,413.4,15,0,0.0,1045.95,1.0,245,0,0,1
2026-06-25,2026,6,2026-06,2026-06-01,25,Thursday,0,ST002,Market_2,Moscow,PR020,Product_20,Household,23,1603.79,969.9100000000001,633.8799999999999,23,0,0.0,1603.7900000000002,1.0,222,0,0,1
2026-06-26,2026,6,2026-06,2026-06-01,26,Friday,0,ST002,Market_2,Moscow,PR020,Product_20,Household,20,1394.6,843.4000000000001,551.1999999999998,20,0,0.0,1394.6000000000001,1.0,202,0,0,1
2026-06-27,2026,6,2026-06,2026-06-01,27,Saturday,1,ST002,Market_2,Moscow,PR020,Product_20,Household,35,2440.55,1475.95,964.6000000000001,35,0,0.0,2440.55,1.0,167,0,0,1
2026-06-28,2026,6,2026-06,2026-06-01,28,Sunday,1,ST002,Market_2,Moscow,PR020,Product_20,Household,26,1812.98,1096.42,716.56,26,0,0.0,1812.98,1.0,141,0,0,1
2026-06-29,2026,6,2026-06,2026-06-01,29,Monday,0,ST002,Market_2,Moscow,PR020,Product_20,Household,17,1185.41,716.89,468.5200000000001,17,0,0.0,1185.41,1.0,124,0,0,1
2026-06-30,2026,6,2026-06,2026-06-01,30,Tuesday,0,ST002,Market_2,Moscow,PR020,Product_20,Household,32,2231.36,1349.44,881.9200000000001,32,0,0.0,2231.36,1.0,92,0,0,1
2026-07-01,2026,7,2026-07,2026-07-01,1,Wednesday,0,ST002,Market_2,Moscow,PR020,Product_20,Household,28,1952.44,1180.76,771.6800000000001,28,0,0.0,1952.44,1.0,64,0,0,1
2026-07-02,2026,7,2026-07,2026-07-01,2,Thursday,0,ST002,Market_2,Moscow,PR020,Product_20,Household,20,1394.6,843.4000000000001,551.1999999999998,20,0,0.0,1394.6000000000001,1.0,44,0,0,1
2026-07-03,2026,7,2026-07,2026-07-01,3,Friday,0,ST002,Market_2,Moscow,PR020,Product_20,Household,14,976.22,590.38,385.84000000000003,14,0,0.0,976.22,1.0,30,308,0,1
2026-07-04,2026,7,2026-07,2026-07-01,4,Saturday,1,ST002,Market_2,Moscow,PR020,Product_20,Household,30,2091.9,1265.1000000000001,826.8,34,4,278.92,2370.82,0.8823529411764706,0,0,1,0
2026-07-05,2026,7,2026-07,2026-07-01,5,Sunday,1,ST002,Market_2,Moscow,PR020,Product_20,Household,32,2231.36,1349.44,881.9200000000001,32,0,0.0,2231.36,1.0,276,0,0,1
2026-07-06,2026,7,2026-07,2026-07-01,6,Monday,0,ST002,Market_2,Moscow,PR020,Product_20,Household,19,1324.87,801.23,523.6399999999999,19,0,0.0,1324.8700000000001,1.0,257,0,0,1
2026-07-07,2026,7,2026-07,2026-07-01,7,Tuesday,0,ST002,Market_2,Moscow,PR020,Product_20,Household,22,1534.06,927.74,606.3199999999999,22,0,0.0,1534.0600000000002,1.0,235,0,0,1
2026-07-08,2026,7,2026-07,2026-07-01,8,Wednesday,0,ST002,Market_2,Moscow,PR020,Product_20,Household,27,1882.71,1138.5900000000001,744.1199999999999,27,0,0.0,1882.71,1.0,208,0,0,1
2026-07-09,2026,7,2026-07,2026-07-01,9,Thursday,0,ST002,Market_2,Moscow,PR020,Product_20,Household,23,1603.79,969.9100000000001,633.8799999999999,23,0,0.0,1603.7900000000002,1.0,185,0,0,1
2026-07-10,2026,7,2026-07,2026-07-01,10,Friday,0,ST002,Market_2,Moscow,PR020,Product_20,Household,19,1324.87,801.23,523.6399999999999,19,0,0.0,1324.8700000000001,1.0,166,0,0,1
2026-07-11,2026,7,2026-07,2026-07-01,11,Saturday,1,ST002,Market_2,Moscow,PR020,Product_20,Household,27,1882.71,1138.5900000000001,744.1199999999999,27,0,0.0,1882.71,1.0,139,0,0,1
2026-07-12,2026,7,2026-07,2026-07-01,12,Sunday,1,ST002,Market_2,Moscow,PR020,Product_20,Household,40,2789.2,1686.8000000000002,1102.3999999999996,40,0,0.0,2789.2000000000003,1.0,99,0,0,1
2026-07-13,2026,7,2026-07,2026-07-01,13,Monday,0,ST002,Market_2,Moscow,PR020,Product_20,Household,14,976.22,590.38,385.84000000000003,14,0,0.0,976.22,1.0,85,0,0,1
2026-07-14,2026,7,2026-07,2026-07-01,14,Tuesday,0,ST002,Market_2,Moscow,PR020,Product_20,Household,16,1115.68,674.72,440.96000000000004,16,0,0.0,1115.68,1.0,69,0,0,1
2026-07-15,2026,7,2026-07,2026-07-01,15,Wednesday,0,ST002,Market_2,Moscow,PR020,Product_20,Household,25,1743.25,1054.25,689.0,25,0,0.0,1743.25,1.0,44,0,0,1
2026-07-16,2026,7,2026-07,2026-07-01,16,Thursday,0,ST002,Market_2,Moscow,PR020,Product_20,Household,31,2161.63,1307.27,854.3600000000001,31,0,0.0,2161.63,1.0,13,308,0,1
2026-07-17,2026,7,2026-07,2026-07-01,17,Friday,0,ST002,Market_2,Moscow,PR020,Product_20,Household,13,906.49,548.21,358.28,19,6,418.38,1324.8700000000001,0.6842105263157895,0,0,1,0
2026-07-18,2026,7,2026-07,2026-07-01,18,Saturday,1,ST002,Market_2,Moscow,PR020,Product_20,Household,28,1952.44,1180.76,771.6800000000001,28,0,0.0,1952.44,1.0,280,0,0,1
2026-07-19,2026,7,2026-07,2026-07-01,19,Sunday,1,ST002,Market_2,Moscow,PR020,Product_20,Household,32,2231.36,1349.44,881.9200000000001,32,0,0.0,2231.36,1.0,248,0,0,1
2026-07-20,2026,7,2026-07,2026-07-01,20,Monday,0,ST002,Market_2,Moscow,PR020,Product_20,Household,22,1534.06,927.74,606.3199999999999,22,0,0.0,1534.0600000000002,1.0,226,0,0,1
2026-07-21,2026,7,2026-07,2026-07-01,21,Tuesday,0,ST002,Market_2,Moscow,PR020,Product_20,Household,13,906.49,548.21,358.28,13,0,0.0,906.49,1.0,213,0,0,1
2026-07-22,2026,7,2026-07,2026-07-01,22,Wednesday,0,ST002,Market_2,Moscow,PR020,Product_20,Household,25,1743.25,1054.25,689.0,25,0,0.0,1743.25,1.0,188,0,0,1
2026-07-23,2026,7,2026-07,2026-07-01,23,Thursday,0,ST002,Market_2,Moscow,PR020,Product_20,Household,25,1743.25,1054.25,689.0,25,0,0.0,1743.25,1.0,163,0,0,1
2026-07-24,2026,7,2026-07,2026-07-01,24,Friday,0,ST002,Market_2,Moscow,PR020,Product_20,Household,21,1464.33,885.57,578.7599999999999,21,0,0.0,1464.3300000000002,1.0,142,0,0,1
2026-07-25,2026,7,2026-07,2026-07-01,25,Saturday,1,ST002,Market_2,Moscow,PR020,Product_20,Household,29,2022.17,1222.93,799.24,29,0,0.0,2022.17,1.0,113,0,0,1
2026-07-26,2026,7,2026-07,2026-07-01,26,Sunday,1,ST002,Market_2,Moscow,PR020,Product_20,Household,28,1952.44,1180.76,771.6800000000001,28,0,0.0,1952.44,1.0,85,0,0,1
2026-07-27,2026,7,2026-07,2026-07-01,27,Monday,0,ST002,Market_2,Moscow,PR020,Product_20,Household,17,1185.41,716.89,468.5200000000001,17,0,0.0,1185.41,1.0,68,0,0,1
2026-07-28,2026,7,2026-07,2026-07-01,28,Tuesday,0,ST002,Market_2,Moscow,PR020,Product_20,Household,20,1394.6,843.4000000000001,551.1999999999998,20,0,0.0,1394.6000000000001,1.0,48,0,0,1
2026-07-29,2026,7,2026-07,2026-07-01,29,Wednesday,0,ST002,Market_2,Moscow,PR020,Product_20,Household,19,1324.87,801.23,523.6399999999999,19,0,0.0,1324.8700000000001,1.0,29,308,0,1
2026-07-30,2026,7,2026-07,2026-07-01,30,Thursday,0,ST002,Market_2,Moscow,PR020,Product_20,Household,19,1324.87,801.23,523.6399999999999,19,0,0.0,1324.8700000000001,1.0,10,0,0,1
2026-07-31,2026,7,2026-07,2026-07-01,31,Friday,0,ST002,Market_2,Moscow,PR020,Product_20,Household,25,1743.25,1054.25,689.0,25,0,0.0,1743.25,1.0,293,0,0,1
2026-08-01,2026,8,2026-08,2026-08-01,1,Saturday,1,ST002,Market_2,Moscow,PR020,Product_20,Household,31,2161.63,1307.27,854.3600000000001,31,0,0.0,2161.63,1.0,262,0,0,1
2026-08-02,2026,8,2026-08,2026-08-01,2,Sunday,1,ST002,Market_2,Moscow,PR020,Product_20,Household,27,1882.71,1138.5900000000001,744.1199999999999,27,0,0.0,1882.71,1.0,235,0,0,1
2026-08-03,2026,8,2026-08,2026-08-01,3,Monday,0,ST002,Market_2,Moscow,PR020,Product_20,Household,24,1673.52,1012.08,661.4399999999999,24,0,0.0,1673.52,1.0,211,0,0,1
2026-08-04,2026,8,2026-08,2026-08-01,4,Tuesday,0,ST002,Market_2,Moscow,PR020,Product_20,Household,21,1464.33,885.57,578.7599999999999,21,0,0.0,1464.3300000000002,1.0,190,0,0,1
2026-08-05,2026,8,2026-08,2026-08-01,5,Wednesday,0,ST002,Market_2,Moscow,PR020,Product_20,Household,27,1882.71,1138.5900000000001,744.1199999999999,27,0,0.0,1882.71,1.0,163,0,0,1
2026-08-06,2026,8,2026-08,2026-08-01,6,Thursday,0,ST002,Market_2,Moscow,PR020,Product_20,Household,19,1324.87,801.23,523.6399999999999,19,0,0.0,1324.8700000000001,1.0,144,0,0,1
2026-08-07,2026,8,2026-08,2026-08-01,7,Friday,0,ST002,Market_2,Moscow,PR020,Product_20,Household,13,906.49,548.21,358.28,13,0,0.0,906.49,1.0,131,0,0,1
2026-08-08,2026,8,2026-08,2026-08-01,8,Saturday,1,ST002,Market_2,Moscow,PR020,Product_20,Household,32,2231.36,1349.44,881.9200000000001,32,0,0.0,2231.36,1.0,99,0,0,1
2026-08-09,2026,8,2026-08,2026-08-01,9,Sunday,1,ST002,Market_2,Moscow,PR020,Product_20,Household,28,1952.44,1180.76,771.6800000000001,28,0,0.0,1952.44,1.0,71,0,0,1
2026-08-10,2026,8,2026-08,2026-08-01,10,Monday,0,ST002,Market_2,Moscow,PR020,Product_20,Household,19,1324.87,801.23,523.6399999999999,19,0,0.0,1324.8700000000001,1.0,52,0,0,1
2026-08-11,2026,8,2026-08,2026-08-01,11,Tuesday,0,ST002,Market_2,Moscow,PR020,Product_20,Household,26,1812.98,1096.42,716.56,26,0,0.0,1812.98,1.0,26,308,0,1
2026-08-12,2026,8,2026-08,2026-08-01,12,Wednesday,0,ST002,Market_2,Moscow,PR020,Product_20,Household,25,1743.25,1054.25,689.0,25,0,0.0,1743.25,1.0,1,0,0,1
2026-08-13,2026,8,2026-08,2026-08-01,13,Thursday,0,ST002,Market_2,Moscow,PR020,Product_20,Household,20,1394.6,843.4000000000001,551.1999999999998,20,0,0.0,1394.6000000000001,1.0,289,0,0,1
2026-08-14,2026,8,2026-08,2026-08-01,14,Friday,0,ST002,Market_2,Moscow,PR020,Product_20,Household,22,1534.06,927.74,606.3199999999999,22,0,0.0,1534.0600000000002,1.0,267,0,0,1
2026-08-15,2026,8,2026-08,2026-08-01,15,Saturday,1,ST002,Market_2,Moscow,PR020,Product_20,Household,33,2301.09,1391.6100000000001,909.48,33,0,0.0,2301.09,1.0,234,0,0,1
2026-08-16,2026,8,2026-08,2026-08-01,16,Sunday,1,ST002,Market_2,Moscow,PR020,Product_20,Household,34,2370.82,1433.78,937.0400000000002,34,0,0.0,2370.82,1.0,200,0,0,1
2026-08-17,2026,8,2026-08,2026-08-01,17,Monday,0,ST002,Market_2,Moscow,PR020,Product_20,Household,23,1603.79,969.9100000000001,633.8799999999999,23,0,0.0,1603.7900000000002,1.0,177,0,0,1
2026-08-18,2026,8,2026-08,2026-08-01,18,Tuesday,0,ST002,Market_2,Moscow,PR020,Product_20,Household,22,1534.06,927.74,606.3199999999999,22,0,0.0,1534.0600000000002,1.0,155,0,0,1
2026-08-19,2026,8,2026-08,2026-08-01,19,Wednesday,0,ST002,Market_2,Moscow,PR020,Product_20,Household,25,1743.25,1054.25,689.0,25,0,0.0,1743.25,1.0,130,0,0,1
2026-08-20,2026,8,2026-08,2026-08-01,20,Thursday,0,ST002,Market_2,Moscow,PR020,Product_20,Household,31,2161.63,1307.27,854.3600000000001,31,0,0.0,2161.63,1.0,99,0,0,1
2026-08-21,2026,8,2026-08,2026-08-01,21,Friday,0,ST002,Market_2,Moscow,PR020,Product_20,Household,22,1534.06,927.74,606.3199999999999,22,0,0.0,1534.0600000000002,1.0,77,0,0,1
2026-08-22,2026,8,2026-08,2026-08-01,22,Saturday,1,ST002,Market_2,Moscow,PR020,Product_20,Household,35,2440.55,1475.95,964.6000000000001,35,0,0.0,2440.55,1.0,42,0,0,1
2026-08-23,2026,8,2026-08,2026-08-01,23,Sunday,1,ST002,Market_2,Moscow,PR020,Product_20,Household,24,1673.52,1012.08,661.4399999999999,24,0,0.0,1673.52,1.0,18,308,0,1
2026-08-24,2026,8,2026-08,2026-08-01,24,Monday,0,ST002,Market_2,Moscow,PR020,Product_20,Household,17,1185.41,716.89,468.5200000000001,17,0,0.0,1185.41,1.0,1,0,0,1
2026-08-25,2026,8,2026-08,2026-08-01,25,Tuesday,0,ST002,Market_2,Moscow,PR020,Product_20,Household,21,1464.33,885.57,578.7599999999999,21,0,0.0,1464.3300000000002,1.0,288,0,0,1
2026-08-26,2026,8,2026-08,2026-08-01,26,Wednesday,0,ST002,Market_2,Moscow,PR020,Product_20,Household,16,1115.68,674.72,440.96000000000004,16,0,0.0,1115.68,1.0,272,0,0,1
2026-08-27,2026,8,2026-08,2026-08-01,27,Thursday,0,ST002,Market_2,Moscow,PR020,Product_20,Household,24,1673.52,1012.08,661.4399999999999,24,0,0.0,1673.52,1.0,248,0,0,1
2026-08-28,2026,8,2026-08,2026-08-01,28,Friday,0,ST002,Market_2,Moscow,PR020,Product_20,Household,15,1045.95,632.5500000000001,413.4,15,0,0.0,1045.95,1.0,233,0,0,1
2026-08-29,2026,8,2026-08,2026-08-01,29,Saturday,1,ST002,Market_2,Moscow,PR020,Product_20,Household,21,1464.33,885.57,578.7599999999999,21,0,0.0,1464.3300000000002,1.0,212,0,0,1
2026-08-30,2026,8,2026-08,2026-08-01,30,Sunday,1,ST002,Market_2,Moscow,PR020,Product_20,Household,34,2370.82,1433.78,937.0400000000002,34,0,0.0,2370.82,1.0,178,0,0,1
2026-08-31,2026,8,2026-08,2026-08-01,31,Monday,0,ST002,Market_2,Moscow,PR020,Product_20,Household,23,1603.79,969.9100000000001,633.8799999999999,23,0,0.0,1603.7900000000002,1.0,155,0,0,1
2026-09-01,2026,9,2026-09,2026-09-01,1,Tuesday,0,ST002,Market_2,Moscow,PR020,Product_20,Household,23,1603.79,969.9100000000001,633.8799999999999,23,0,0.0,1603.7900000000002,1.0,132,0,0,1
2026-09-02,2026,9,2026-09,2026-09-01,2,Wednesday,0,ST002,Market_2,Moscow,PR020,Product_20,Household,18,1255.14,759.0600000000001,496.08000000000004,18,0,0.0,1255.14,1.0,114,0,0,1
2026-09-03,2026,9,2026-09,2026-09-01,3,Thursday,0,ST002,Market_2,Moscow,PR020,Product_20,Household,24,1673.52,1012.08,661.4399999999999,24,0,0.0,1673.52,1.0,90,0,0,1
2026-09-04,2026,9,2026-09,2026-09-01,4,Friday,0,ST002,Market_2,Moscow,PR020,Product_20,Household,18,1255.14,759.0600000000001,496.08000000000004,18,0,0.0,1255.14,1.0,72,0,0,1
2026-09-05,2026,9,2026-09,2026-09-01,5,Saturday,1,ST002,Market_2,Moscow,PR020,Product_20,Household,26,1812.98,1096.42,716.56,26,0,0.0,1812.98,1.0,46,308,0,1
2026-09-06,2026,9,2026-09,2026-09-01,6,Sunday,1,ST002,Market_2,Moscow,PR020,Product_20,Household,41,2858.93,1728.97,1129.9599999999998,41,0,0.0,2858.9300000000003,1.0,5,0,0,1
2026-09-07,2026,9,2026-09,2026-09-01,7,Monday,0,ST002,Market_2,Moscow,PR020,Product_20,Household,24,1673.52,1012.08,661.4399999999999,24,0,0.0,1673.52,1.0,289,0,0,1
2026-06-10,2026,6,2026-06,2026-06-01,10,Wednesday,0,ST003,Market_3,Kazan,PR001,Product_1,Dairy,11,2483.69,1410.42,1073.27,11,0,0.0,2483.69,1.0,143,0,0,1
2026-06-11,2026,6,2026-06,2026-06-01,11,Thursday,0,ST003,Market_3,Kazan,PR001,Product_1,Dairy,16,3612.64,2051.52,1561.12,16,0,0.0,3612.64,1.0,127,0,0,1
2026-06-12,2026,6,2026-06,2026-06-01,12,Friday,0,ST003,Market_3,Kazan,PR001,Product_1,Dairy,6,1354.74,769.3199999999999,585.4200000000001,6,0,0.0,1354.74,1.0,121,0,0,1
2026-06-13,2026,6,2026-06,2026-06-01,13,Saturday,1,ST003,Market_3,Kazan,PR001,Product_1,Dairy,11,2483.69,1410.42,1073.27,11,0,0.0,2483.69,1.0,110,0,0,1
2026-06-14,2026,6,2026-06,2026-06-01,14,Sunday,1,ST003,Market_3,Kazan,PR001,Product_1,Dairy,11,2483.69,1410.42,1073.27,11,0,0.0,2483.69,1.0,99,0,0,1
2026-06-15,2026,6,2026-06,2026-06-01,15,Monday,0,ST003,Market_3,Kazan,PR001,Product_1,Dairy,10,2257.9,1282.2,975.7,10,0,0.0,2257.9,1.0,89,0,0,1
2026-06-16,2026,6,2026-06,2026-06-01,16,Tuesday,0,ST003,Market_3,Kazan,PR001,Product_1,Dairy,8,1806.32,1025.76,780.56,8,0,0.0,1806.32,1.0,81,0,0,1
2026-06-17,2026,6,2026-06,2026-06-01,17,Wednesday,0,ST003,Market_3,Kazan,PR001,Product_1,Dairy,7,1580.53,897.54,682.99,7,0,0.0,1580.53,1.0,74,0,0,1
2026-06-18,2026,6,2026-06,2026-06-01,18,Thursday,0,ST003,Market_3,Kazan,PR001,Product_1,Dairy,10,2257.9,1282.2,975.7,10,0,0.0,2257.9,1.0,64,0,0,1
2026-06-19,2026,6,2026-06,2026-06-01,19,Friday,0,ST003,Market_3,Kazan,PR001,Product_1,Dairy,14,3161.06,1795.08,1365.98,14,0,0.0,3161.06,1.0,50,0,0,1
2026-06-20,2026,6,2026-06,2026-06-01,20,Saturday,1,ST003,Market_3,Kazan,PR001,Product_1,Dairy,13,2935.27,1666.86,1268.41,13,0,0.0,2935.27,1.0,37,154,0,1
2026-06-21,2026,6,2026-06,2026-06-01,21,Sunday,1,ST003,Market_3,Kazan,PR001,Product_1,Dairy,18,4064.22,2307.96,1756.2599999999998,18,0,0.0,4064.22,1.0,19,0,0,1
2026-06-22,2026,6,2026-06,2026-06-01,22,Monday,0,ST003,Market_3,Kazan,PR001,Product_1,Dairy,7,1580.53,897.54,682.99,7,0,0.0,1580.53,1.0,166,0,0,1
2026-06-23,2026,6,2026-06,2026-06-01,23,Tuesday,0,ST003,Market_3,Kazan,PR001,Product_1,Dairy,11,2483.69,1410.42,1073.27,11,0,0.0,2483.69,1.0,155,0,0,1
2026-06-24,2026,6,2026-06,2026-06-01,24,Wednesday,0,ST003,Market_3,Kazan,PR001,Product_1,Dairy,14,3161.06,1795.08,1365.98,14,0,0.0,3161.06,1.0,141,0,0,1
2026-06-25,2026,6,2026-06,2026-06-01,25,Thursday,0,ST003,Market_3,Kazan,PR001,Product_1,Dairy,7,1580.53,897.54,682.99,7,0,0.0,1580.53,1.0,134,0,0,1
2026-06-26,2026,6,2026-06,2026-06-01,26,Friday,0,ST003,Market_3,Kazan,PR001,Product_1,Dairy,11,2483.69,1410.42,1073.27,11,0,0.0,2483.69,1.0,123,0,0,1
2026-06-27,2026,6,2026-06,2026-06-01,27,Saturday,1,ST003,Market_3,Kazan,PR001,Product_1,Dairy,15,3386.85,1923.3,1463.55,15,0,0.0,3386.85,1.0,108,0,0,1
2026-06-28,2026,6,2026-06,2026-06-01,28,Sunday,1,ST003,Market_3,Kazan,PR001,Product_1,Dairy,13,2935.27,1666.86,1268.41,13,0,0.0,2935.27,1.0,95,0,0,1
2026-06-29,2026,6,2026-06,2026-06-01,29,Monday,0,ST003,Market_3,Kazan,PR001,Product_1,Dairy,15,3386.85,1923.3,1463.55,15,0,0.0,3386.85,1.0,80,0,0,1
2026-06-30,2026,6,2026-06,2026-06-01,30,Tuesday,0,ST003,Market_3,Kazan,PR001,Product_1,Dairy,13,2935.27,1666.86,1268.41,13,0,0.0,2935.27,1.0,67,0,0,1
2026-07-01,2026,7,2026-07,2026-07-01,1,Wednesday,0,ST003,Market_3,Kazan,PR001,Product_1,Dairy,12,2709.48,1538.6399999999999,1170.8400000000001,12,0,0.0,2709.48,1.0,55,0,0,1
2026-07-02,2026,7,2026-07,2026-07-01,2,Thursday,0,ST003,Market_3,Kazan,PR001,Product_1,Dairy,13,2935.27,1666.86,1268.41,13,0,0.0,2935.27,1.0,42,0,0,1
2026-07-03,2026,7,2026-07,2026-07-01,3,Friday,0,ST003,Market_3,Kazan,PR001,Product_1,Dairy,8,1806.32,1025.76,780.56,8,0,0.0,1806.32,1.0,34,0,0,1
2026-07-04,2026,7,2026-07,2026-07-01,4,Saturday,1,ST003,Market_3,Kazan,PR001,Product_1,Dairy,15,3386.85,1923.3,1463.55,15,0,0.0,3386.85,1.0,19,0,0,1
2026-07-05,2026,7,2026-07,2026-07-01,5,Sunday,1,ST003,Market_3,Kazan,PR001,Product_1,Dairy,13,2935.27,1666.86,1268.41,13,0,0.0,2935.27,1.0,6,154,0,1
2026-07-06,2026,7,2026-07,2026-07-01,6,Monday,0,ST003,Market_3,Kazan,PR001,Product_1,Dairy,6,1354.74,769.3199999999999,585.4200000000001,9,3,677.37,2032.11,0.6666666666666666,0,0,1,0
2026-07-07,2026,7,2026-07,2026-07-01,7,Tuesday,0,ST003,Market_3,Kazan,PR001,Product_1,Dairy,10,2257.9,1282.2,975.7,10,0,0.0,2257.9,1.0,144,0,0,1
2026-07-08,2026,7,2026-07,2026-07-01,8,Wednesday,0,ST003,Market_3,Kazan,PR001,Product_1,Dairy,7,1580.53,897.54,682.99,7,0,0.0,1580.53,1.0,137,0,0,1
2026-07-09,2026,7,2026-07,2026-07-01,9,Thursday,0,ST003,Market_3,Kazan,PR001,Product_1,Dairy,7,1580.53,897.54,682.99,7,0,0.0,1580.53,1.0,130,0,0,1
2026-07-10,2026,7,2026-07,2026-07-01,10,Friday,0,ST003,Market_3,Kazan,PR001,Product_1,Dairy,17,3838.43,2179.74,1658.69,17,0,0.0,3838.43,1.0,113,0,0,1
2026-07-11,2026,7,2026-07,2026-07-01,11,Saturday,1,ST003,Market_3,Kazan,PR001,Product_1,Dairy,19,4290.01,2436.18,1853.8300000000004,19,0,0.0,4290.01,1.0,94,0,0,1
2026-07-12,2026,7,2026-07,2026-07-01,12,Sunday,1,ST003,Market_3,Kazan,PR001,Product_1,Dairy,14,3161.06,1795.08,1365.98,14,0,0.0,3161.06,1.0,80,0,0,1
2026-07-13,2026,7,2026-07,2026-07-01,13,Monday,0,ST003,Market_3,Kazan,PR001,Product_1,Dairy,9,2032.11,1153.98,878.1299999999999,9,0,0.0,2032.11,1.0,71,0,0,1
2026-07-14,2026,7,2026-07,2026-07-01,14,Tuesday,0,ST003,Market_3,Kazan,PR001,Product_1,Dairy,10,2257.9,1282.2,975.7,10,0,0.0,2257.9,1.0,61,0,0,1
2026-07-15,2026,7,2026-07,2026-07-01,15,Wednesday,0,ST003,Market_3,Kazan,PR001,Product_1,Dairy,9,2032.11,1153.98,878.1299999999999,9,0,0.0,2032.11,1.0,52,0,0,1
2026-07-16,2026,7,2026-07,2026-07-01,16,Thursday,0,ST003,Market_3,Kazan,PR001,Product_1,Dairy,17,3838.43,2179.74,1658.69,17,0,0.0,3838.43,1.0,35,0,0,1
2026-07-17,2026,7,2026-07,2026-07-01,17,Friday,0,ST003,Market_3,Kazan,PR001,Product_1,Dairy,8,1806.32,1025.76,780.56,8,0,0.0,1806.32,1.0,27,0,0,1
2026-07-18,2026,7,2026-07,2026-07-01,18,Saturday,1,ST003,Market_3,Kazan,PR001,Product_1,Dairy,20,4515.8,2564.4,1951.4,20,0,0.0,4515.8,1.0,7,154,0,1
2026-07-19,2026,7,2026-07,2026-07-01,19,Sunday,1,ST003,Market_3,Kazan,PR001,Product_1,Dairy,7,1580.53,897.54,682.99,15,8,1806.32,3386.85,0.4666666666666667,0,0,1,0
2026-07-20,2026,7,2026-07,2026-07-01,20,Monday,0,ST003,Market_3,Kazan,PR001,Product_1,Dairy,10,2257.9,1282.2,975.7,10,0,0.0,2257.9,1.0,144,0,0,1
2026-07-21,2026,7,2026-07,2026-07-01,21,Tuesday,0,ST003,Market_3,Kazan,PR001,Product_1,Dairy,5,1128.95,641.1,487.85,5,0,0.0,1128.95,1.0,139,0,0,1
2026-07-22,2026,7,2026-07,2026-07-01,22,Wednesday,0,ST003,Market_3,Kazan,PR001,Product_1,Dairy,8,1806.32,1025.76,780.56,8,0,0.0,1806.32,1.0,131,0,0,1
2026-07-23,2026,7,2026-07,2026-07-01,23,Thursday,0,ST003,Market_3,Kazan,PR001,Product_1,Dairy,15,3386.85,1923.3,1463.55,15,0,0.0,3386.85,1.0,116,0,0,1
2026-07-24,2026,7,2026-07,2026-07-01,24,Friday,0,ST003,Market_3,Kazan,PR001,Product_1,Dairy,9,2032.11,1153.98,878.1299999999999,9,0,0.0,2032.11,1.0,107,0,0,1
2026-07-25,2026,7,2026-07,2026-07-01,25,Saturday,1,ST003,Market_3,Kazan,PR001,Product_1,Dairy,19,4290.01,2436.18,1853.8300000000004,19,0,0.0,4290.01,1.0,88,0,0,1
2026-07-26,2026,7,2026-07,2026-07-01,26,Sunday,1,ST003,Market_3,Kazan,PR001,Product_1,Dairy,15,3386.85,1923.3,1463.55,15,0,0.0,3386.85,1.0,73,0,0,1
2026-07-27,2026,7,2026-07,2026-07-01,27,Monday,0,ST003,Market_3,Kazan,PR001,Product_1,Dairy,11,2483.69,1410.42,1073.27,11,0,0.0,2483.69,1.0,62,0,0,1
2026-07-28,2026,7,2026-07,2026-07-01,28,Tuesday,0,ST003,Market_3,Kazan,PR001,Product_1,Dairy,11,2483.69,1410.42,1073.27,11,0,0.0,2483.69,1.0,51,0,0,1
2026-07-29,2026,7,2026-07,2026-07-01,29,Wednesday,0,ST003,Market_3,Kazan,PR001,Product_1,Dairy,9,2032.11,1153.98,878.1299999999999,9,0,0.0,2032.11,1.0,42,0,0,1
2026-07-30,2026,7,2026-07,2026-07-01,30,Thursday,0,ST003,Market_3,Kazan,PR001,Product_1,Dairy,12,2709.48,1538.6399999999999,1170.8400000000001,12,0,0.0,2709.48,1.0,30,0,0,1
2026-07-31,2026,7,2026-07,2026-07-01,31,Friday,0,ST003,Market_3,Kazan,PR001,Product_1,Dairy,10,2257.9,1282.2,975.7,10,0,0.0,2257.9,1.0,20,154,0,1
2026-08-01,2026,8,2026-08,2026-08-01,1,Saturday,1,ST003,Market_3,Kazan,PR001,Product_1,Dairy,20,4515.8,2564.4,1951.4,25,5,1128.95,5644.75,0.8,0,0,1,0
2026-08-02,2026,8,2026-08,2026-08-01,2,Sunday,1,ST003,Market_3,Kazan,PR001,Product_1,Dairy,17,3838.43,2179.74,1658.69,17,0,0.0,3838.43,1.0,137,0,0,1
2026-08-03,2026,8,2026-08,2026-08-01,3,Monday,0,ST003,Market_3,Kazan,PR001,Product_1,Dairy,11,2483.69,1410.42,1073.27,11,0,0.0,2483.69,1.0,126,0,0,1
2026-08-04,2026,8,2026-08,2026-08-01,4,Tuesday,0,ST003,Market_3,Kazan,PR001,Product_1,Dairy,11,2483.69,1410.42,1073.27,11,0,0.0,2483.69,1.0,115,0,0,1
2026-08-05,2026,8,2026-08,2026-08-01,5,Wednesday,0,ST003,Market_3,Kazan,PR001,Product_1,Dairy,6,1354.74,769.3199999999999,585.4200000000001,6,0,0.0,1354.74,1.0,109,0,0,1
2026-08-06,2026,8,2026-08,2026-08-01,6,Thursday,0,ST003,Market_3,Kazan,PR001,Product_1,Dairy,9,2032.11,1153.98,878.1299999999999,9,0,0.0,2032.11,1.0,100,0,0,1
2026-08-07,2026,8,2026-08,2026-08-01,7,Friday,0,ST003,Market_3,Kazan,PR001,Product_1,Dairy,13,2935.27,1666.86,1268.41,13,0,0.0,2935.27,1.0,87,0,0,1
2026-08-08,2026,8,2026-08,2026-08-01,8,Saturday,1,ST003,Market_3,Kazan,PR001,Product_1,Dairy,14,3161.06,1795.08,1365.98,14,0,0.0,3161.06,1.0,73,0,0,1
2026-08-09,2026,8,2026-08,2026-08-01,9,Sunday,1,ST003,Market_3,Kazan,PR001,Product_1,Dairy,15,3386.85,1923.3,1463.55,15,0,0.0,3386.85,1.0,58,0,0,1
2026-08-10,2026,8,2026-08,2026-08-01,10,Monday,0,ST003,Market_3,Kazan,PR001,Product_1,Dairy,16,3612.64,2051.52,1561.12,16,0,0.0,3612.64,1.0,42,0,0,1
2026-08-11,2026,8,2026-08,2026-08-01,11,Tuesday,0,ST003,Market_3,Kazan,PR001,Product_1,Dairy,16,3612.64,2051.52,1561.12,16,0,0.0,3612.64,1.0,26,0,0,1
2026-08-12,2026,8,2026-08,2026-08-01,12,Wednesday,0,ST003,Market_3,Kazan,PR001,Product_1,Dairy,15,3386.85,1923.3,1463.55,15,0,0.0,3386.85,1.0,11,154,0,1
2026-08-13,2026,8,2026-08,2026-08-01,13,Thursday,0,ST003,Market_3,Kazan,PR001,Product_1,Dairy,11,2483.69,1410.42,1073.27,12,1,225.79,2709.48,0.9166666666666666,0,0,1,0
2026-08-14,2026,8,2026-08,2026-08-01,14,Friday,0,ST003,Market_3,Kazan,PR001,Product_1,Dairy,15,3386.85,1923.3,1463.55,15,0,0.0,3386.85,1.0,139,0,0,1
2026-08-15,2026,8,2026-08,2026-08-01,15,Saturday,1,ST003,Market_3,Kazan,PR001,Product_1,Dairy,14,3161.06,1795.08,1365.98,14,0,0.0,3161.06,1.0,125,0,0,1
2026-08-16,2026,8,2026-08,2026-08-01,16,Sunday,1,ST003,Market_3,Kazan,PR001,Product_1,Dairy,7,1580.53,897.54,682.99,7,0,0.0,1580.53,1.0,118,0,0,1
2026-08-17,2026,8,2026-08,2026-08-01,17,Monday,0,ST003,Market_3,Kazan,PR001,Product_1,Dairy,15,3386.85,1923.3,1463.55,15,0,0.0,3386.85,1.0,103,0,0,1
2026-08-18,2026,8,2026-08,2026-08-01,18,Tuesday,0,ST003,Market_3,Kazan,PR001,Product_1,Dairy,10,2257.9,1282.2,975.7,10,0,0.0,2257.9,1.0,93,0,0,1
2026-08-19,2026,8,2026-08,2026-08-01,19,Wednesday,0,ST003,Market_3,Kazan,PR001,Product_1,Dairy,10,2257.9,1282.2,975.7,10,0,0.0,2257.9,1.0,83,0,0,1
2026-08-20,2026,8,2026-08,2026-08-01,20,Thursday,0,ST003,Market_3,Kazan,PR001,Product_1,Dairy,12,2709.48,1538.6399999999999,1170.8400000000001,12,0,0.0,2709.48,1.0,71,0,0,1
2026-08-21,2026,8,2026-08,2026-08-01,21,Friday,0,ST003,Market_3,Kazan,PR001,Product_1,Dairy,10,2257.9,1282.2,975.7,10,0,0.0,2257.9,1.0,61,0,0,1
2026-08-22,2026,8,2026-08,2026-08-01,22,Saturday,1,ST003,Market_3,Kazan,PR001,Product_1,Dairy,16,3612.64,2051.52,1561.12,16,0,0.0,3612.64,1.0,45,0,0,1
2026-08-23,2026,8,2026-08,2026-08-01,23,Sunday,1,ST003,Market_3,Kazan,PR001,Product_1,Dairy,17,3838.43,2179.74,1658.69,17,0,0.0,3838.43,1.0,28,0,0,1
2026-08-24,2026,8,2026-08,2026-08-01,24,Monday,0,ST003,Market_3,Kazan,PR001,Product_1,Dairy,12,2709.48,1538.6399999999999,1170.8400000000001,12,0,0.0,2709.48,1.0,16,154,0,1
2026-08-25,2026,8,2026-08,2026-08-01,25,Tuesday,0,ST003,Market_3,Kazan,PR001,Product_1,Dairy,7,1580.53,897.54,682.99,7,0,0.0,1580.53,1.0,9,0,0,1
2026-08-26,2026,8,2026-08,2026-08-01,26,Wednesday,0,ST003,Market_3,Kazan,PR001,Product_1,Dairy,9,2032.11,1153.98,878.1299999999999,9,0,0.0,2032.11,1.0,154,0,0,1
2026-08-27,2026,8,2026-08,2026-08-01,27,Thursday,0,ST003,Market_3,Kazan,PR001,Product_1,Dairy,8,1806.32,1025.76,780.56,8,0,0.0,1806.32,1.0,146,0,0,1
2026-08-28,2026,8,2026-08,2026-08-01,28,Friday,0,ST003,Market_3,Kazan,PR001,Product_1,Dairy,11,2483.69,1410.42,1073.27,11,0,0.0,2483.69,1.0,135,0,0,1
2026-08-29,2026,8,2026-08,2026-08-01,29,Saturday,1,ST003,Market_3,Kazan,PR001,Product_1,Dairy,21,4741.59,2692.62,2048.9700000000003,21,0,0.0,4741.59,1.0,114,0,0,1
2026-08-30,2026,8,2026-08,2026-08-01,30,Sunday,1,ST003,Market_3,Kazan,PR001,Product_1,Dairy,15,3386.85,1923.3,1463.55,15,0,0.0,3386.85,1.0,99,0,0,1
2026-08-31,2026,8,2026-08,2026-08-01,31,Monday,0,ST003,Market_3,Kazan,PR001,Product_1,Dairy,12,2709.48,1538.6399999999999,1170.8400000000001,12,0,0.0,2709.48,1.0,87,0,0,1
2026-09-01,2026,9,2026-09,2026-09-01,1,Tuesday,0,ST003,Market_3,Kazan,PR001,Product_1,Dairy,10,2257.9,1282.2,975.7,10,0,0.0,2257.9,1.0,77,0,0,1
2026-09-02,2026,9,2026-09,2026-09-01,2,Wednesday,0,ST003,Market_3,Kazan,PR001,Product_1,Dairy,15,3386.85,1923.3,1463.55,15,0,0.0,3386.85,1.0,62,0,0,1
2026-09-03,2026,9,2026-09,2026-09-01,3,Thursday,0,ST003,Market_3,Kazan,PR001,Product_1,Dairy,4,903.16,512.88,390.28,4,0,0.0,903.16,1.0,58,0,0,1
2026-09-04,2026,9,2026-09,2026-09-01,4,Friday,0,ST003,Market_3,Kazan,PR001,Product_1,Dairy,10,2257.9,1282.2,975.7,10,0,0.0,2257.9,1.0,48,0,0,1
2026-09-05,2026,9,2026-09,2026-09-01,5,Saturday,1,ST003,Market_3,Kazan,PR001,Product_1,Dairy,17,3838.43,2179.74,1658.69,17,0,0.0,3838.43,1.0,31,0,0,1
2026-09-06,2026,9,2026-09,2026-09-01,6,Sunday,1,ST003,Market_3,Kazan,PR001,Product_1,Dairy,15,3386.85,1923.3,1463.55,15,0,0.0,3386.85,1.0,16,0,0,1
2026-09-07,2026,9,2026-09,2026-09-01,7,Monday,0,ST003,Market_3,Kazan,PR001,Product_1,Dairy,14,3161.06,1795.08,1365.98,14,0,0.0,3161.06,1.0,2,154,0,1
2026-06-10,2026,6,2026-06,2026-06-01,10,Wednesday,0,ST003,Market_3,Kazan,PR002,Product_2,Household,13,831.87,618.8000000000001,213.06999999999994,13,0,0.0,831.87,1.0,295,0,0,1
2026-06-11,2026,6,2026-06,2026-06-01,11,Thursday,0,ST003,Market_3,Kazan,PR002,Product_2,Household,17,1087.83,809.2,278.6299999999999,17,0,0.0,1087.83,1.0,278,0,0,1
2026-06-12,2026,6,2026-06,2026-06-01,12,Friday,0,ST003,Market_3,Kazan,PR002,Product_2,Household,17,1087.83,809.2,278.6299999999999,17,0,0.0,1087.83,1.0,261,0,0,1
2026-06-13,2026,6,2026-06,2026-06-01,13,Saturday,1,ST003,Market_3,Kazan,PR002,Product_2,Household,28,1791.72,1332.8,458.9200000000001,28,0,0.0,1791.72,1.0,233,0,0,1
2026-06-14,2026,6,2026-06,2026-06-01,14,Sunday,1,ST003,Market_3,Kazan,PR002,Product_2,Household,42,2687.58,1999.2,688.3799999999999,42,0,0.0,2687.58,1.0,191,0,0,1
2026-06-15,2026,6,2026-06,2026-06-01,15,Monday,0,ST003,Market_3,Kazan,PR002,Product_2,Household,21,1343.79,999.6,344.18999999999994,21,0,0.0,1343.79,1.0,170,0,0,1
2026-06-16,2026,6,2026-06,2026-06-01,16,Tuesday,0,ST003,Market_3,Kazan,PR002,Product_2,Household,29,1855.71,1380.4,475.30999999999995,29,0,0.0,1855.71,1.0,141,0,0,1
2026-06-17,2026,6,2026-06,2026-06-01,17,Wednesday,0,ST003,Market_3,Kazan,PR002,Product_2,Household,14,895.86,666.4,229.46000000000004,14,0,0.0,895.86,1.0,127,0,0,1
2026-06-18,2026,6,2026-06,2026-06-01,18,Thursday,0,ST003,Market_3,Kazan,PR002,Product_2,Household,20,1279.8,952.0,327.79999999999995,20,0,0.0,1279.8,1.0,107,0,0,1
2026-06-19,2026,6,2026-06,2026-06-01,19,Friday,0,ST003,Market_3,Kazan,PR002,Product_2,Household,20,1279.8,952.0,327.79999999999995,20,0,0.0,1279.8,1.0,87,0,0,1
2026-06-20,2026,6,2026-06,2026-06-01,20,Saturday,1,ST003,Market_3,Kazan,PR002,Product_2,Household,49,3135.51,2332.4,803.1100000000001,49,0,0.0,3135.51,1.0,38,0,0,1
2026-06-21,2026,6,2026-06,2026-06-01,21,Sunday,1,ST003,Market_3,Kazan,PR002,Product_2,Household,38,2431.62,1808.8,622.8199999999999,43,5,319.95,2751.57,0.8837209302325582,0,308,1,0
2026-06-22,2026,6,2026-06,2026-06-01,22,Monday,0,ST003,Market_3,Kazan,PR002,Product_2,Household,0,0.0,0.0,0.0,17,17,1087.83,1087.83,0.0,0,0,1,0
2026-06-23,2026,6,2026-06,2026-06-01,23,Tuesday,0,ST003,Market_3,Kazan,PR002,Product_2,Household,23,1471.77,1094.8,376.97,23,0,0.0,1471.77,1.0,285,0,0,1
2026-06-24,2026,6,2026-06,2026-06-01,24,Wednesday,0,ST003,Market_3,Kazan,PR002,Product_2,Household,25,1599.75,1190.0,409.75,25,0,0.0,1599.75,1.0,260,0,0,1
2026-06-25,2026,6,2026-06,2026-06-01,25,Thursday,0,ST003,Market_3,Kazan,PR002,Product_2,Household,28,1791.72,1332.8,458.9200000000001,28,0,0.0,1791.72,1.0,232,0,0,1
2026-06-26,2026,6,2026-06,2026-06-01,26,Friday,0,ST003,Market_3,Kazan,PR002,Product_2,Household,23,1471.77,1094.8,376.97,23,0,0.0,1471.77,1.0,209,0,0,1
2026-06-27,2026,6,2026-06,2026-06-01,27,Saturday,1,ST003,Market_3,Kazan,PR002,Product_2,Household,32,2047.68,1523.2,524.48,32,0,0.0,2047.68,1.0,177,0,0,1
2026-06-28,2026,6,2026-06,2026-06-01,28,Sunday,1,ST003,Market_3,Kazan,PR002,Product_2,Household,17,1087.83,809.2,278.6299999999999,17,0,0.0,1087.83,1.0,160,0,0,1
2026-06-29,2026,6,2026-06,2026-06-01,29,Monday,0,ST003,Market_3,Kazan,PR002,Product_2,Household,17,1087.83,809.2,278.6299999999999,17,0,0.0,1087.83,1.0,143,0,0,1
2026-06-30,2026,6,2026-06,2026-06-01,30,Tuesday,0,ST003,Market_3,Kazan,PR002,Product_2,Household,19,1215.81,904.4,311.40999999999997,19,0,0.0,1215.81,1.0,124,0,0,1
2026-07-01,2026,7,2026-07,2026-07-01,1,Wednesday,0,ST003,Market_3,Kazan,PR002,Product_2,Household,21,1343.79,999.6,344.18999999999994,21,0,0.0,1343.79,1.0,103,0,0,1
2026-07-02,2026,7,2026-07,2026-07-01,2,Thursday,0,ST003,Market_3,Kazan,PR002,Product_2,Household,22,1407.78,1047.2,360.5799999999999,22,0,0.0,1407.78,1.0,81,0,0,1
2026-07-03,2026,7,2026-07,2026-07-01,3,Friday,0,ST003,Market_3,Kazan,PR002,Product_2,Household,24,1535.76,1142.4,393.3599999999999,24,0,0.0,1535.76,1.0,57,308,0,1
2026-07-04,2026,7,2026-07,2026-07-01,4,Saturday,1,ST003,Market_3,Kazan,PR002,Product_2,Household,30,1919.7,1428.0,491.70000000000005,30,0,0.0,1919.7,1.0,27,0,0,1
2026-07-05,2026,7,2026-07,2026-07-01,5,Sunday,1,ST003,Market_3,Kazan,PR002,Product_2,Household,30,1919.7,1428.0,491.70000000000005,30,0,0.0,1919.7,1.0,305,0,0,1
2026-07-06,2026,7,2026-07,2026-07-01,6,Monday,0,ST003,Market_3,Kazan,PR002,Product_2,Household,17,1087.83,809.2,278.6299999999999,17,0,0.0,1087.83,1.0,288,0,0,1
2026-07-07,2026,7,2026-07,2026-07-01,7,Tuesday,0,ST003,Market_3,Kazan,PR002,Product_2,Household,30,1919.7,1428.0,491.70000000000005,30,0,0.0,1919.7,1.0,258,0,0,1
2026-07-08,2026,7,2026-07,2026-07-01,8,Wednesday,0,ST003,Market_3,Kazan,PR002,Product_2,Household,19,1215.81,904.4,311.40999999999997,19,0,0.0,1215.81,1.0,239,0,0,1
2026-07-09,2026,7,2026-07,2026-07-01,9,Thursday,0,ST003,Market_3,Kazan,PR002,Product_2,Household,27,1727.73,1285.2,442.53,27,0,0.0,1727.73,1.0,212,0,0,1
2026-07-10,2026,7,2026-07,2026-07-01,10,Friday,0,ST003,Market_3,Kazan,PR002,Product_2,Household,26,1663.74,1237.6000000000001,426.1399999999999,26,0,0.0,1663.74,1.0,186,0,0,1
2026-07-11,2026,7,2026-07,2026-07-01,11,Saturday,1,ST003,Market_3,Kazan,PR002,Product_2,Household,28,1791.72,1332.8,458.9200000000001,28,0,0.0,1791.72,1.0,158,0,0,1
2026-07-12,2026,7,2026-07,2026-07-01,12,Sunday,1,ST003,Market_3,Kazan,PR002,Product_2,Household,33,2111.67,1570.8,540.8700000000001,33,0,0.0,2111.67,1.0,125,0,0,1
2026-07-13,2026,7,2026-07,2026-07-01,13,Monday,0,ST003,Market_3,Kazan,PR002,Product_2,Household,30,1919.7,1428.0,491.70000000000005,30,0,0.0,1919.7,1.0,95,0,0,1
2026-07-14,2026,7,2026-07,2026-07-01,14,Tuesday,0,ST003,Market_3,Kazan,PR002,Product_2,Household,21,1343.79,999.6,344.18999999999994,21,0,0.0,1343.79,1.0,74,0,0,1
2026-07-15,2026,7,2026-07,2026-07-01,15,Wednesday,0,ST003,Market_3,Kazan,PR002,Product_2,Household,17,1087.83,809.2,278.6299999999999,17,0,0.0,1087.83,1.0,57,0,0,1
2026-07-16,2026,7,2026-07,2026-07-01,16,Thursday,0,ST003,Market_3,Kazan,PR002,Product_2,Household,32,2047.68,1523.2,524.48,32,0,0.0,2047.68,1.0,25,308,0,1
2026-07-17,2026,7,2026-07,2026-07-01,17,Friday,0,ST003,Market_3,Kazan,PR002,Product_2,Household,25,1599.75,1190.0,409.75,27,2,127.98,1727.73,0.9259259259259259,0,0,1,0
2026-07-18,2026,7,2026-07,2026-07-01,18,Saturday,1,ST003,Market_3,Kazan,PR002,Product_2,Household,27,1727.73,1285.2,442.53,27,0,0.0,1727.73,1.0,281,0,0,1
2026-07-19,2026,7,2026-07,2026-07-01,19,Sunday,1,ST003,Market_3,Kazan,PR002,Product_2,Household,30,1919.7,1428.0,491.70000000000005,30,0,0.0,1919.7,1.0,251,0,0,1
2026-07-20,2026,7,2026-07,2026-07-01,20,Monday,0,ST003,Market_3,Kazan,PR002,Product_2,Household,18,1151.82,856.8000000000001,295.01999999999987,18,0,0.0,1151.82,1.0,233,0,0,1
2026-07-21,2026,7,2026-07,2026-07-01,21,Tuesday,0,ST003,Market_3,Kazan,PR002,Product_2,Household,20,1279.8,952.0,327.79999999999995,20,0,0.0,1279.8,1.0,213,0,0,1
2026-07-22,2026,7,2026-07,2026-07-01,22,Wednesday,0,ST003,Market_3,Kazan,PR002,Product_2,Household,25,1599.75,1190.0,409.75,25,0,0.0,1599.75,1.0,188,0,0,1
2026-07-23,2026,7,2026-07,2026-07-01,23,Thursday,0,ST003,Market_3,Kazan,PR002,Product_2,Household,17,1087.83,809.2,278.6299999999999,17,0,0.0,1087.83,1.0,171,0,0,1
2026-07-24,2026,7,2026-07,2026-07-01,24,Friday,0,ST003,Market_3,Kazan,PR002,Product_2,Household,17,1087.83,809.2,278.6299999999999,17,0,0.0,1087.83,1.0,154,0,0,1
2026-07-25,2026,7,2026-07,2026-07-01,25,Saturday,1,ST003,Market_3,Kazan,PR002,Product_2,Household,24,1535.76,1142.4,393.3599999999999,24,0,0.0,1535.76,1.0,130,0,0,1
2026-07-26,2026,7,2026-07,2026-07-01,26,Sunday,1,ST003,Market_3,Kazan,PR002,Product_2,Household,28,1791.72,1332.8,458.9200000000001,28,0,0.0,1791.72,1.0,102,0,0,1
2026-07-27,2026,7,2026-07,2026-07-01,27,Monday,0,ST003,Market_3,Kazan,PR002,Product_2,Household,17,1087.83,809.2,278.6299999999999,17,0,0.0,1087.83,1.0,85,0,0,1
2026-07-28,2026,7,2026-07,2026-07-01,28,Tuesday,0,ST003,Market_3,Kazan,PR002,Product_2,Household,17,1087.83,809.2,278.6299999999999,17,0,0.0,1087.83,1.0,68,308,0,1
2026-07-29,2026,7,2026-07,2026-07-01,29,Wednesday,0,ST003,Market_3,Kazan,PR002,Product_2,Household,25,1599.75,1190.0,409.75,25,0,0.0,1599.75,1.0,43,0,0,1
2026-07-30,2026,7,2026-07,2026-07-01,30,Thursday,0,ST003,Market_3,Kazan,PR002,Product_2,Household,20,1279.8,952.0,327.79999999999995,20,0,0.0,1279.8,1.0,331,0,0,1
2026-07-31,2026,7,2026-07,2026-07-01,31,Friday,0,ST003,Market_3,Kazan,PR002,Product_2,Household,36,2303.64,1713.6000000000001,590.0399999999997,36,0,0.0,2303.64,1.0,295,0,0,1
2026-08-01,2026,8,2026-08,2026-08-01,1,Saturday,1,ST003,Market_3,Kazan,PR002,Product_2,Household,26,1663.74,1237.6000000000001,426.1399999999999,26,0,0.0,1663.74,1.0,269,0,0,1
2026-08-02,2026,8,2026-08,2026-08-01,2,Sunday,1,ST003,Market_3,Kazan,PR002,Product_2,Household,22,1407.78,1047.2,360.5799999999999,22,0,0.0,1407.78,1.0,247,0,0,1
2026-08-03,2026,8,2026-08,2026-08-01,3,Monday,0,ST003,Market_3,Kazan,PR002,Product_2,Household,23,1471.77,1094.8,376.97,23,0,0.0,1471.77,1.0,224,0,0,1
2026-08-04,2026,8,2026-08,2026-08-01,4,Tuesday,0,ST003,Market_3,Kazan,PR002,Product_2,Household,20,1279.8,952.0,327.79999999999995,20,0,0.0,1279.8,1.0,204,0,0,1
2026-08-05,2026,8,2026-08,2026-08-01,5,Wednesday,0,ST003,Market_3,Kazan,PR002,Product_2,Household,34,2175.66,1618.4,557.2599999999998,34,0,0.0,2175.66,1.0,170,0,0,1
2026-08-06,2026,8,2026-08,2026-08-01,6,Thursday,0,ST003,Market_3,Kazan,PR002,Product_2,Household,24,1535.76,1142.4,393.3599999999999,24,0,0.0,1535.76,1.0,146,0,0,1
2026-08-07,2026,8,2026-08,2026-08-01,7,Friday,0,ST003,Market_3,Kazan,PR002,Product_2,Household,13,831.87,618.8000000000001,213.06999999999994,13,0,0.0,831.87,1.0,133,0,0,1
2026-08-08,2026,8,2026-08,2026-08-01,8,Saturday,1,ST003,Market_3,Kazan,PR002,Product_2,Household,22,1407.78,1047.2,360.5799999999999,22,0,0.0,1407.78,1.0,111,0,0,1
2026-08-09,2026,8,2026-08,2026-08-01,9,Sunday,1,ST003,Market_3,Kazan,PR002,Product_2,Household,25,1599.75,1190.0,409.75,25,0,0.0,1599.75,1.0,86,0,0,1
2026-08-10,2026,8,2026-08,2026-08-01,10,Monday,0,ST003,Market_3,Kazan,PR002,Product_2,Household,25,1599.75,1190.0,409.75,25,0,0.0,1599.75,1.0,61,0,0,1
2026-08-11,2026,8,2026-08,2026-08-01,11,Tuesday,0,ST003,Market_3,Kazan,PR002,Product_2,Household,24,1535.76,1142.4,393.3599999999999,24,0,0.0,1535.76,1.0,37,308,0,1
2026-08-12,2026,8,2026-08,2026-08-01,12,Wednesday,0,ST003,Market_3,Kazan,PR002,Product_2,Household,24,1535.76,1142.4,393.3599999999999,24,0,0.0,1535.76,1.0,13,0,0,1
2026-08-13,2026,8,2026-08,2026-08-01,13,Thursday,0,ST003,Market_3,Kazan,PR002,Product_2,Household,31,1983.69,1475.6000000000001,508.0899999999999,31,0,0.0,1983.69,1.0,290,0,0,1
2026-08-14,2026,8,2026-08,2026-08-01,14,Friday,0,ST003,Market_3,Kazan,PR002,Product_2,Household,29,1855.71,1380.4,475.30999999999995,29,0,0.0,1855.71,1.0,261,0,0,1
2026-08-15,2026,8,2026-08,2026-08-01,15,Saturday,1,ST003,Market_3,Kazan,PR002,Product_2,Household,44,2815.56,2094.4,721.1599999999999,44,0,0.0,2815.56,1.0,217,0,0,1
2026-08-16,2026,8,2026-08,2026-08-01,16,Sunday,1,ST003,Market_3,Kazan,PR002,Product_2,Household,29,1855.71,1380.4,475.30999999999995,29,0,0.0,1855.71,1.0,188,0,0,1
2026-08-17,2026,8,2026-08,2026-08-01,17,Monday,0,ST003,Market_3,Kazan,PR002,Product_2,Household,15,959.85,714.0,245.85000000000002,15,0,0.0,959.85,1.0,173,0,0,1
2026-08-18,2026,8,2026-08,2026-08-01,18,Tuesday,0,ST003,Market_3,Kazan,PR002,Product_2,Household,32,2047.68,1523.2,524.48,32,0,0.0,2047.68,1.0,141,0,0,1
2026-08-19,2026,8,2026-08,2026-08-01,19,Wednesday,0,ST003,Market_3,Kazan,PR002,Product_2,Household,25,1599.75,1190.0,409.75,25,0,0.0,1599.75,1.0,116,0,0,1
2026-08-20,2026,8,2026-08,2026-08-01,20,Thursday,0,ST003,Market_3,Kazan,PR002,Product_2,Household,18,1151.82,856.8000000000001,295.01999999999987,18,0,0.0,1151.82,1.0,98,0,0,1
2026-08-21,2026,8,2026-08,2026-08-01,21,Friday,0,ST003,Market_3,Kazan,PR002,Product_2,Household,18,1151.82,856.8000000000001,295.01999999999987,18,0,0.0,1151.82,1.0,80,0,0,1
2026-08-22,2026,8,2026-08,2026-08-01,22,Saturday,1,ST003,Market_3,Kazan,PR002,Product_2,Household,25,1599.75,1190.0,409.75,25,0,0.0,1599.75,1.0,55,0,0,1
2026-08-23,2026,8,2026-08,2026-08-01,23,Sunday,1,ST003,Market_3,Kazan,PR002,Product_2,Household,40,2559.6,1904.0,655.5999999999999,40,0,0.0,2559.6,1.0,15,308,0,1
2026-08-24,2026,8,2026-08,2026-08-01,24,Monday,0,ST003,Market_3,Kazan,PR002,Product_2,Household,15,959.85,714.0,245.85000000000002,22,7,447.93,1407.78,0.6818181818181818,0,0,1,0
2026-08-25,2026,8,2026-08,2026-08-01,25,Tuesday,0,ST003,Market_3,Kazan,PR002,Product_2,Household,23,1471.77,1094.8,376.97,23,0,0.0,1471.77,1.0,285,0,0,1
2026-08-26,2026,8,2026-08,2026-08-01,26,Wednesday,0,ST003,Market_3,Kazan,PR002,Product_2,Household,19,1215.81,904.4,311.40999999999997,19,0,0.0,1215.81,1.0,266,0,0,1
2026-08-27,2026,8,2026-08,2026-08-01,27,Thursday,0,ST003,Market_3,Kazan,PR002,Product_2,Household,20,1279.8,952.0,327.79999999999995,20,0,0.0,1279.8,1.0,246,0,0,1
2026-08-28,2026,8,2026-08,2026-08-01,28,Friday,0,ST003,Market_3,Kazan,PR002,Product_2,Household,23,1471.77,1094.8,376.97,23,0,0.0,1471.77,1.0,223,0,0,1
2026-08-29,2026,8,2026-08,2026-08-01,29,Saturday,1,ST003,Market_3,Kazan,PR002,Product_2,Household,31,1983.69,1475.6000000000001,508.0899999999999,31,0,0.0,1983.69,1.0,192,0,0,1
2026-08-30,2026,8,2026-08,2026-08-01,30,Sunday,1,ST003,Market_3,Kazan,PR002,Product_2,Household,29,1855.71,1380.4,475.30999999999995,29,0,0.0,1855.71,1.0,163,0,0,1
2026-08-31,2026,8,2026-08,2026-08-01,31,Monday,0,ST003,Market_3,Kazan,PR002,Product_2,Household,18,1151.82,856.8000000000001,295.01999999999987,18,0,0.0,1151.82,1.0,145,0,0,1
2026-09-01,2026,9,2026-09,2026-09-01,1,Tuesday,0,ST003,Market_3,Kazan,PR002,Product_2,Household,26,1663.74,1237.6000000000001,426.1399999999999,26,0,0.0,1663.74,1.0,119,0,0,1
2026-09-02,2026,9,2026-09,2026-09-01,2,Wednesday,0,ST003,Market_3,Kazan,PR002,Product_2,Household,19,1215.81,904.4,311.40999999999997,19,0,0.0,1215.81,1.0,100,0,0,1
2026-09-03,2026,9,2026-09,2026-09-01,3,Thursday,0,ST003,Market_3,Kazan,PR002,Product_2,Household,14,895.86,666.4,229.46000000000004,14,0,0.0,895.86,1.0,86,0,0,1
2026-09-04,2026,9,2026-09,2026-09-01,4,Friday,0,ST003,Market_3,Kazan,PR002,Product_2,Household,15,959.85,714.0,245.85000000000002,15,0,0.0,959.85,1.0,71,0,0,1
2026-09-05,2026,9,2026-09,2026-09-01,5,Saturday,1,ST003,Market_3,Kazan,PR002,Product_2,Household,31,1983.69,1475.6000000000001,508.0899999999999,31,0,0.0,1983.69,1.0,40,308,0,1
2026-09-06,2026,9,2026-09,2026-09-01,6,Sunday,1,ST003,Market_3,Kazan,PR002,Product_2,Household,37,2367.63,1761.2,606.4300000000001,37,0,0.0,2367.63,1.0,3,0,0,1
2026-09-07,2026,9,2026-09,2026-09-01,7,Monday,0,ST003,Market_3,Kazan,PR002,Product_2,Household,13,831.87,618.8000000000001,213.06999999999994,13,0,0.0,831.87,1.0,298,0,0,1
2026-06-10,2026,6,2026-06,2026-06-01,10,Wednesday,0,ST003,Market_3,Kazan,PR003,Product_3,Beverages,6,366.06,261.84000000000003,104.21999999999997,6,0,0.0,366.06,1.0,106,0,0,1
2026-06-11,2026,6,2026-06,2026-06-01,11,Thursday,0,ST003,Market_3,Kazan,PR003,Product_3,Beverages,11,671.11,480.04,191.07,11,0,0.0,671.11,1.0,95,0,0,1
2026-06-12,2026,6,2026-06,2026-06-01,12,Friday,0,ST003,Market_3,Kazan,PR003,Product_3,Beverages,9,549.09,392.76,156.33000000000004,9,0,0.0,549.09,1.0,86,0,0,1
2026-06-13,2026,6,2026-06,2026-06-01,13,Saturday,1,ST003,Market_3,Kazan,PR003,Product_3,Beverages,16,976.16,698.24,277.91999999999996,16,0,0.0,976.16,1.0,70,0,0,1
2026-06-14,2026,6,2026-06,2026-06-01,14,Sunday,1,ST003,Market_3,Kazan,PR003,Product_3,Beverages,8,488.08,349.12,138.95999999999998,8,0,0.0,488.08,1.0,62,0,0,1
2026-06-15,2026,6,2026-06,2026-06-01,15,Monday,0,ST003,Market_3,Kazan,PR003,Product_3,Beverages,6,366.06,261.84000000000003,104.21999999999997,6,0,0.0,366.06,1.0,56,0,0,1
2026-06-16,2026,6,2026-06,2026-06-01,16,Tuesday,0,ST003,Market_3,Kazan,PR003,Product_3,Beverages,9,549.09,392.76,156.33000000000004,9,0,0.0,549.09,1.0,47,0,0,1
2026-06-17,2026,6,2026-06,2026-06-01,17,Wednesday,0,ST003,Market_3,Kazan,PR003,Product_3,Beverages,9,549.09,392.76,156.33000000000004,9,0,0.0,549.09,1.0,38,0,0,1
2026-06-18,2026,6,2026-06,2026-06-01,18,Thursday,0,ST003,Market_3,Kazan,PR003,Product_3,Beverages,4,244.04,174.56,69.47999999999999,4,0,0.0,244.04,1.0,34,0,0,1
2026-06-19,2026,6,2026-06,2026-06-01,19,Friday,0,ST003,Market_3,Kazan,PR003,Product_3,Beverages,7,427.07,305.48,121.58999999999997,7,0,0.0,427.07,1.0,27,0,0,1
2026-06-20,2026,6,2026-06,2026-06-01,20,Saturday,1,ST003,Market_3,Kazan,PR003,Product_3,Beverages,15,915.15,654.6,260.54999999999995,15,0,0.0,915.15,1.0,12,112,0,1
2026-06-21,2026,6,2026-06,2026-06-01,21,Sunday,1,ST003,Market_3,Kazan,PR003,Product_3,Beverages,9,549.09,392.76,156.33000000000004,9,0,0.0,549.09,1.0,3,0,0,1
2026-06-22,2026,6,2026-06,2026-06-01,22,Monday,0,ST003,Market_3,Kazan,PR003,Product_3,Beverages,10,610.1,436.4,173.70000000000005,10,0,0.0,610.1,1.0,105,0,0,1
2026-06-23,2026,6,2026-06,2026-06-01,23,Tuesday,0,ST003,Market_3,Kazan,PR003,Product_3,Beverages,9,549.09,392.76,156.33000000000004,9,0,0.0,549.09,1.0,96,0,0,1
2026-06-24,2026,6,2026-06,2026-06-01,24,Wednesday,0,ST003,Market_3,Kazan,PR003,Product_3,Beverages,7,427.07,305.48,121.58999999999997,7,0,0.0,427.07,1.0,89,0,0,1
2026-06-25,2026,6,2026-06,2026-06-01,25,Thursday,0,ST003,Market_3,Kazan,PR003,Product_3,Beverages,13,793.13,567.32,225.80999999999995,13,0,0.0,793.13,1.0,76,0,0,1
2026-06-26,2026,6,2026-06,2026-06-01,26,Friday,0,ST003,Market_3,Kazan,PR003,Product_3,Beverages,9,549.09,392.76,156.33000000000004,9,0,0.0,549.09,1.0,67,0,0,1
2026-06-27,2026,6,2026-06,2026-06-01,27,Saturday,1,ST003,Market_3,Kazan,PR003,Product_3,Beverages,11,671.11,480.04,191.07,11,0,0.0,671.11,1.0,56,0,0,1
2026-06-28,2026,6,2026-06,2026-06-01,28,Sunday,1,ST003,Market_3,Kazan,PR003,Product_3,Beverages,8,488.08,349.12,138.95999999999998,8,0,0.0,488.08,1.0,48,0,0,1
2026-06-29,2026,6,2026-06,2026-06-01,29,Monday,0,ST003,Market_3,Kazan,PR003,Product_3,Beverages,9,549.09,392.76,156.33000000000004,9,0,0.0,549.09,1.0,39,0,0,1
2026-06-30,2026,6,2026-06,2026-06-01,30,Tuesday,0,ST003,Market_3,Kazan,PR003,Product_3,Beverages,9,549.09,392.76,156.33000000000004,9,0,0.0,549.09,1.0,30,0,0,1
2026-07-01,2026,7,2026-07,2026-07-01,1,Wednesday,0,ST003,Market_3,Kazan,PR003,Product_3,Beverages,4,244.04,174.56,69.47999999999999,4,0,0.0,244.04,1.0,26,0,0,1
2026-07-02,2026,7,2026-07,2026-07-01,2,Thursday,0,ST003,Market_3,Kazan,PR003,Product_3,Beverages,9,549.09,392.76,156.33000000000004,9,0,0.0,549.09,1.0,17,112,0,1
2026-07-03,2026,7,2026-07,2026-07-01,3,Friday,0,ST003,Market_3,Kazan,PR003,Product_3,Beverages,8,488.08,349.12,138.95999999999998,8,0,0.0,488.08,1.0,9,0,0,1
2026-07-04,2026,7,2026-07,2026-07-01,4,Saturday,1,ST003,Market_3,Kazan,PR003,Product_3,Beverages,13,793.13,567.32,225.80999999999995,13,0,0.0,793.13,1.0,108,0,0,1
2026-07-05,2026,7,2026-07,2026-07-01,5,Sunday,1,ST003,Market_3,Kazan,PR003,Product_3,Beverages,5,305.05,218.2,86.85000000000002,5,0,0.0,305.05,1.0,103,0,0,1
2026-07-06,2026,7,2026-07,2026-07-01,6,Monday,0,ST003,Market_3,Kazan,PR003,Product_3,Beverages,8,488.08,349.12,138.95999999999998,8,0,0.0,488.08,1.0,95,0,0,1
2026-07-07,2026,7,2026-07,2026-07-01,7,Tuesday,0,ST003,Market_3,Kazan,PR003,Product_3,Beverages,6,366.06,261.84000000000003,104.21999999999997,6,0,0.0,366.06,1.0,89,0,0,1
2026-07-08,2026,7,2026-07,2026-07-01,8,Wednesday,0,ST003,Market_3,Kazan,PR003,Product_3,Beverages,1,61.01,43.64,17.369999999999997,1,0,0.0,61.01,1.0,88,0,0,1
2026-07-09,2026,7,2026-07,2026-07-01,9,Thursday,0,ST003,Market_3,Kazan,PR003,Product_3,Beverages,10,610.1,436.4,173.70000000000005,10,0,0.0,610.1,1.0,78,0,0,1
2026-07-10,2026,7,2026-07,2026-07-01,10,Friday,0,ST003,Market_3,Kazan,PR003,Product_3,Beverages,5,305.05,218.2,86.85000000000002,5,0,0.0,305.05,1.0,73,0,0,1
2026-07-11,2026,7,2026-07,2026-07-01,11,Saturday,1,ST003,Market_3,Kazan,PR003,Product_3,Beverages,14,854.14,610.96,243.17999999999995,14,0,0.0,854.14,1.0,59,0,0,1
2026-07-12,2026,7,2026-07,2026-07-01,12,Sunday,1,ST003,Market_3,Kazan,PR003,Product_3,Beverages,14,854.14,610.96,243.17999999999995,14,0,0.0,854.14,1.0,45,0,0,1
2026-07-13,2026,7,2026-07,2026-07-01,13,Monday,0,ST003,Market_3,Kazan,PR003,Product_3,Beverages,10,610.1,436.4,173.70000000000005,10,0,0.0,610.1,1.0,35,0,0,1
2026-07-14,2026,7,2026-07,2026-07-01,14,Tuesday,0,ST003,Market_3,Kazan,PR003,Product_3,Beverages,13,793.13,567.32,225.80999999999995,13,0,0.0,793.13,1.0,22,0,0,1
2026-07-15,2026,7,2026-07,2026-07-01,15,Wednesday,0,ST003,Market_3,Kazan,PR003,Product_3,Beverages,5,305.05,218.2,86.85000000000002,5,0,0.0,305.05,1.0,17,0,0,1
2026-07-16,2026,7,2026-07,2026-07-01,16,Thursday,0,ST003,Market_3,Kazan,PR003,Product_3,Beverages,10,610.1,436.4,173.70000000000005,10,0,0.0,610.1,1.0,7,112,0,1
2026-07-17,2026,7,2026-07,2026-07-01,17,Friday,0,ST003,Market_3,Kazan,PR003,Product_3,Beverages,5,305.05,218.2,86.85000000000002,5,0,0.0,305.05,1.0,2,0,0,1
2026-07-18,2026,7,2026-07,2026-07-01,18,Saturday,1,ST003,Market_3,Kazan,PR003,Product_3,Beverages,13,793.13,567.32,225.80999999999995,13,0,0.0,793.13,1.0,101,0,0,1
2026-07-19,2026,7,2026-07,2026-07-01,19,Sunday,1,ST003,Market_3,Kazan,PR003,Product_3,Beverages,15,915.15,654.6,260.54999999999995,15,0,0.0,915.15,1.0,86,0,0,1
2026-07-20,2026,7,2026-07,2026-07-01,20,Monday,0,ST003,Market_3,Kazan,PR003,Product_3,Beverages,5,305.05,218.2,86.85000000000002,5,0,0.0,305.05,1.0,81,0,0,1
2026-07-21,2026,7,2026-07,2026-07-01,21,Tuesday,0,ST003,Market_3,Kazan,PR003,Product_3,Beverages,8,488.08,349.12,138.95999999999998,8,0,0.0,488.08,1.0,73,0,0,1
2026-07-22,2026,7,2026-07,2026-07-01,22,Wednesday,0,ST003,Market_3,Kazan,PR003,Product_3,Beverages,7,427.07,305.48,121.58999999999997,7,0,0.0,427.07,1.0,66,0,0,1
2026-07-23,2026,7,2026-07,2026-07-01,23,Thursday,0,ST003,Market_3,Kazan,PR003,Product_3,Beverages,10,610.1,436.4,173.70000000000005,10,0,0.0,610.1,1.0,56,0,0,1
2026-07-24,2026,7,2026-07,2026-07-01,24,Friday,0,ST003,Market_3,Kazan,PR003,Product_3,Beverages,7,427.07,305.48,121.58999999999997,7,0,0.0,427.07,1.0,49,0,0,1
2026-07-25,2026,7,2026-07,2026-07-01,25,Saturday,1,ST003,Market_3,Kazan,PR003,Product_3,Beverages,15,915.15,654.6,260.54999999999995,15,0,0.0,915.15,1.0,34,0,0,1
2026-07-26,2026,7,2026-07,2026-07-01,26,Sunday,1,ST003,Market_3,Kazan,PR003,Product_3,Beverages,9,549.09,392.76,156.33000000000004,9,0,0.0,549.09,1.0,25,0,0,1
2026-07-27,2026,7,2026-07,2026-07-01,27,Monday,0,ST003,Market_3,Kazan,PR003,Product_3,Beverages,7,427.07,305.48,121.58999999999997,7,0,0.0,427.07,1.0,18,0,0,1
2026-07-28,2026,7,2026-07,2026-07-01,28,Tuesday,0,ST003,Market_3,Kazan,PR003,Product_3,Beverages,10,610.1,436.4,173.70000000000005,10,0,0.0,610.1,1.0,8,0,0,1
2026-07-29,2026,7,2026-07,2026-07-01,29,Wednesday,0,ST003,Market_3,Kazan,PR003,Product_3,Beverages,8,488.08,349.12,138.95999999999998,8,0,0.0,488.08,1.0,0,112,1,0
2026-07-30,2026,7,2026-07,2026-07-01,30,Thursday,0,ST003,Market_3,Kazan,PR003,Product_3,Beverages,0,0.0,0.0,0.0,6,6,366.06,366.06,0.0,0,0,1,0
2026-07-31,2026,7,2026-07,2026-07-01,31,Friday,0,ST003,Market_3,Kazan,PR003,Product_3,Beverages,7,427.07,305.48,121.58999999999997,7,0,0.0,427.07,1.0,105,0,0,1
2026-08-01,2026,8,2026-08,2026-08-01,1,Saturday,1,ST003,Market_3,Kazan,PR003,Product_3,Beverages,17,1037.17,741.88,295.2900000000001,17,0,0.0,1037.17,1.0,88,0,0,1
2026-08-02,2026,8,2026-08,2026-08-01,2,Sunday,1,ST003,Market_3,Kazan,PR003,Product_3,Beverages,12,732.12,523.6800000000001,208.43999999999994,12,0,0.0,732.12,1.0,76,0,0,1
2026-08-03,2026,8,2026-08,2026-08-01,3,Monday,0,ST003,Market_3,Kazan,PR003,Product_3,Beverages,7,427.07,305.48,121.58999999999997,7,0,0.0,427.07,1.0,69,0,0,1
2026-08-04,2026,8,2026-08,2026-08-01,4,Tuesday,0,ST003,Market_3,Kazan,PR003,Product_3,Beverages,4,244.04,174.56,69.47999999999999,4,0,0.0,244.04,1.0,65,0,0,1
2026-08-05,2026,8,2026-08,2026-08-01,5,Wednesday,0,ST003,Market_3,Kazan,PR003,Product_3,Beverages,9,549.09,392.76,156.33000000000004,9,0,0.0,549.09,1.0,56,0,0,1
2026-08-06,2026,8,2026-08,2026-08-01,6,Thursday,0,ST003,Market_3,Kazan,PR003,Product_3,Beverages,5,305.05,218.2,86.85000000000002,5,0,0.0,305.05,1.0,51,0,0,1
2026-08-07,2026,8,2026-08,2026-08-01,7,Friday,0,ST003,Market_3,Kazan,PR003,Product_3,Beverages,8,488.08,349.12,138.95999999999998,8,0,0.0,488.08,1.0,43,0,0,1
2026-08-08,2026,8,2026-08,2026-08-01,8,Saturday,1,ST003,Market_3,Kazan,PR003,Product_3,Beverages,11,671.11,480.04,191.07,11,0,0.0,671.11,1.0,32,0,0,1
2026-08-09,2026,8,2026-08,2026-08-01,9,Sunday,1,ST003,Market_3,Kazan,PR003,Product_3,Beverages,6,366.06,261.84000000000003,104.21999999999997,6,0,0.0,366.06,1.0,26,0,0,1
2026-08-10,2026,8,2026-08,2026-08-01,10,Monday,0,ST003,Market_3,Kazan,PR003,Product_3,Beverages,2,122.02,87.28,34.739999999999995,2,0,0.0,122.02,1.0,24,0,0,1
2026-08-11,2026,8,2026-08,2026-08-01,11,Tuesday,0,ST003,Market_3,Kazan,PR003,Product_3,Beverages,9,549.09,392.76,156.33000000000004,9,0,0.0,549.09,1.0,15,112,0,1
2026-08-12,2026,8,2026-08,2026-08-01,12,Wednesday,0,ST003,Market_3,Kazan,PR003,Product_3,Beverages,10,610.1,436.4,173.70000000000005,10,0,0.0,610.1,1.0,5,0,0,1
2026-08-13,2026,8,2026-08,2026-08-01,13,Thursday,0,ST003,Market_3,Kazan,PR003,Product_3,Beverages,10,610.1,436.4,173.70000000000005,10,0,0.0,610.1,1.0,107,0,0,1
2026-08-14,2026,8,2026-08,2026-08-01,14,Friday,0,ST003,Market_3,Kazan,PR003,Product_3,Beverages,8,488.08,349.12,138.95999999999998,8,0,0.0,488.08,1.0,99,0,0,1
2026-08-15,2026,8,2026-08,2026-08-01,15,Saturday,1,ST003,Market_3,Kazan,PR003,Product_3,Beverages,12,732.12,523.6800000000001,208.43999999999994,12,0,0.0,732.12,1.0,87,0,0,1
2026-08-16,2026,8,2026-08,2026-08-01,16,Sunday,1,ST003,Market_3,Kazan,PR003,Product_3,Beverages,11,671.11,480.04,191.07,11,0,0.0,671.11,1.0,76,0,0,1
2026-08-17,2026,8,2026-08,2026-08-01,17,Monday,0,ST003,Market_3,Kazan,PR003,Product_3,Beverages,6,366.06,261.84000000000003,104.21999999999997,6,0,0.0,366.06,1.0,70,0,0,1
2026-08-18,2026,8,2026-08,2026-08-01,18,Tuesday,0,ST003,Market_3,Kazan,PR003,Product_3,Beverages,13,793.13,567.32,225.80999999999995,13,0,0.0,793.13,1.0,57,0,0,1
2026-08-19,2026,8,2026-08,2026-08-01,19,Wednesday,0,ST003,Market_3,Kazan,PR003,Product_3,Beverages,8,488.08,349.12,138.95999999999998,8,0,0.0,488.08,1.0,49,0,0,1
2026-08-20,2026,8,2026-08,2026-08-01,20,Thursday,0,ST003,Market_3,Kazan,PR003,Product_3,Beverages,9,549.09,392.76,156.33000000000004,9,0,0.0,549.09,1.0,40,0,0,1
2026-08-21,2026,8,2026-08,2026-08-01,21,Friday,0,ST003,Market_3,Kazan,PR003,Product_3,Beverages,8,488.08,349.12,138.95999999999998,8,0,0.0,488.08,1.0,32,0,0,1
2026-08-22,2026,8,2026-08,2026-08-01,22,Saturday,1,ST003,Market_3,Kazan,PR003,Product_3,Beverages,8,488.08,349.12,138.95999999999998,8,0,0.0,488.08,1.0,24,0,0,1
2026-08-23,2026,8,2026-08,2026-08-01,23,Sunday,1,ST003,Market_3,Kazan,PR003,Product_3,Beverages,14,854.14,610.96,243.17999999999995,14,0,0.0,854.14,1.0,10,0,0,1
2026-08-24,2026,8,2026-08,2026-08-01,24,Monday,0,ST003,Market_3,Kazan,PR003,Product_3,Beverages,9,549.09,392.76,156.33000000000004,9,0,0.0,549.09,1.0,1,112,0,1
2026-08-25,2026,8,2026-08,2026-08-01,25,Tuesday,0,ST003,Market_3,Kazan,PR003,Product_3,Beverages,1,61.01,43.64,17.369999999999997,9,8,488.08,549.09,0.1111111111111111,0,0,1,0
2026-08-26,2026,8,2026-08,2026-08-01,26,Wednesday,0,ST003,Market_3,Kazan,PR003,Product_3,Beverages,6,366.06,261.84000000000003,104.21999999999997,6,0,0.0,366.06,1.0,106,0,0,1
2026-08-27,2026,8,2026-08,2026-08-01,27,Thursday,0,ST003,Market_3,Kazan,PR003,Product_3,Beverages,7,427.07,305.48,121.58999999999997,7,0,0.0,427.07,1.0,99,0,0,1
2026-08-28,2026,8,2026-08,2026-08-01,28,Friday,0,ST003,Market_3,Kazan,PR003,Product_3,Beverages,6,366.06,261.84000000000003,104.21999999999997,6,0,0.0,366.06,1.0,93,0,0,1
2026-08-29,2026,8,2026-08,2026-08-01,29,Saturday,1,ST003,Market_3,Kazan,PR003,Product_3,Beverages,11,671.11,480.04,191.07,11,0,0.0,671.11,1.0,82,0,0,1
2026-08-30,2026,8,2026-08,2026-08-01,30,Sunday,1,ST003,Market_3,Kazan,PR003,Product_3,Beverages,11,671.11,480.04,191.07,11,0,0.0,671.11,1.0,71,0,0,1
2026-08-31,2026,8,2026-08,2026-08-01,31,Monday,0,ST003,Market_3,Kazan,PR003,Product_3,Beverages,14,854.14,610.96,243.17999999999995,14,0,0.0,854.14,1.0,57,0,0,1
2026-09-01,2026,9,2026-09,2026-09-01,1,Tuesday,0,ST003,Market_3,Kazan,PR003,Product_3,Beverages,6,366.06,261.84000000000003,104.21999999999997,6,0,0.0,366.06,1.0,51,0,0,1
2026-09-02,2026,9,2026-09,2026-09-01,2,Wednesday,0,ST003,Market_3,Kazan,PR003,Product_3,Beverages,12,732.12,523.6800000000001,208.43999999999994,12,0,0.0,732.12,1.0,39,0,0,1
2026-09-03,2026,9,2026-09,2026-09-01,3,Thursday,0,ST003,Market_3,Kazan,PR003,Product_3,Beverages,7,427.07,305.48,121.58999999999997,7,0,0.0,427.07,1.0,32,0,0,1
2026-09-04,2026,9,2026-09,2026-09-01,4,Friday,0,ST003,Market_3,Kazan,PR003,Product_3,Beverages,4,244.04,174.56,69.47999999999999,4,0,0.0,244.04,1.0,28,0,0,1
2026-09-05,2026,9,2026-09,2026-09-01,5,Saturday,1,ST003,Market_3,Kazan,PR003,Product_3,Beverages,8,488.08,349.12,138.95999999999998,8,0,0.0,488.08,1.0,20,0,0,1
2026-09-06,2026,9,2026-09,2026-09-01,6,Sunday,1,ST003,Market_3,Kazan,PR003,Product_3,Beverages,11,671.11,480.04,191.07,11,0,0.0,671.11,1.0,9,112,0,1
2026-09-07,2026,9,2026-09,2026-09-01,7,Monday,0,ST003,Market_3,Kazan,PR003,Product_3,Beverages,6,366.06,261.84000000000003,104.21999999999997,6,0,0.0,366.06,1.0,3,0,0,1
2026-06-10,2026,6,2026-06,2026-06-01,10,Wednesday,0,ST003,Market_3,Kazan,PR004,Product_4,Beverages,29,1681.42,1271.3600000000001,410.05999999999995,29,0,0.0,1681.4199999999998,1.0,377,0,0,1
2026-06-11,2026,6,2026-06,2026-06-01,11,Thursday,0,ST003,Market_3,Kazan,PR004,Product_4,Beverages,27,1565.46,1183.68,381.78,27,0,0.0,1565.4599999999998,1.0,350,0,0,1
2026-06-12,2026,6,2026-06,2026-06-01,12,Friday,0,ST003,Market_3,Kazan,PR004,Product_4,Beverages,27,1565.46,1183.68,381.78,27,0,0.0,1565.4599999999998,1.0,323,0,0,1
2026-06-13,2026,6,2026-06,2026-06-01,13,Saturday,1,ST003,Market_3,Kazan,PR004,Product_4,Beverages,40,2319.2,1753.6000000000001,565.5999999999997,40,0,0.0,2319.2,1.0,283,0,0,1
2026-06-14,2026,6,2026-06,2026-06-01,14,Sunday,1,ST003,Market_3,Kazan,PR004,Product_4,Beverages,32,1855.36,1402.88,452.4799999999998,32,0,0.0,1855.36,1.0,251,0,0,1
2026-06-15,2026,6,2026-06,2026-06-01,15,Monday,0,ST003,Market_3,Kazan,PR004,Product_4,Beverages,25,1449.5,1096.0,353.5,25,0,0.0,1449.5,1.0,226,0,0,1
2026-06-16,2026,6,2026-06,2026-06-01,16,Tuesday,0,ST003,Market_3,Kazan,PR004,Product_4,Beverages,28,1623.44,1227.52,395.9200000000001,28,0,0.0,1623.4399999999998,1.0,198,0,0,1
2026-06-17,2026,6,2026-06,2026-06-01,17,Wednesday,0,ST003,Market_3,Kazan,PR004,Product_4,Beverages,32,1855.36,1402.88,452.4799999999998,32,0,0.0,1855.36,1.0,166,0,0,1
2026-06-18,2026,6,2026-06,2026-06-01,18,Thursday,0,ST003,Market_3,Kazan,PR004,Product_4,Beverages,29,1681.42,1271.3600000000001,410.05999999999995,29,0,0.0,1681.4199999999998,1.0,137,0,0,1
2026-06-19,2026,6,2026-06,2026-06-01,19,Friday,0,ST003,Market_3,Kazan,PR004,Product_4,Beverages,22,1275.56,964.48,311.0799999999999,22,0,0.0,1275.56,1.0,115,0,0,1
2026-06-20,2026,6,2026-06,2026-06-01,20,Saturday,1,ST003,Market_3,Kazan,PR004,Product_4,Beverages,36,2087.28,1578.2400000000002,509.03999999999996,36,0,0.0,2087.2799999999997,1.0,79,0,0,1
2026-06-21,2026,6,2026-06,2026-06-01,21,Sunday,1,ST003,Market_3,Kazan,PR004,Product_4,Beverages,41,2377.18,1797.44,579.7399999999998,41,0,0.0,2377.18,1.0,38,406,0,1
2026-06-22,2026,6,2026-06,2026-06-01,22,Monday,0,ST003,Market_3,Kazan,PR004,Product_4,Beverages,26,1507.48,1139.8400000000001,367.6399999999999,26,0,0.0,1507.48,1.0,12,0,0,1
2026-06-23,2026,6,2026-06,2026-06-01,23,Tuesday,0,ST003,Market_3,Kazan,PR004,Product_4,Beverages,26,1507.48,1139.8400000000001,367.6399999999999,26,0,0.0,1507.48,1.0,392,0,0,1
2026-06-24,2026,6,2026-06,2026-06-01,24,Wednesday,0,ST003,Market_3,Kazan,PR004,Product_4,Beverages,33,1913.34,1446.72,466.6199999999999,33,0,0.0,1913.34,1.0,359,0,0,1
2026-06-25,2026,6,2026-06,2026-06-01,25,Thursday,0,ST003,Market_3,Kazan,PR004,Product_4,Beverages,34,1971.32,1490.5600000000002,480.75999999999976,34,0,0.0,1971.32,1.0,325,0,0,1
2026-06-26,2026,6,2026-06,2026-06-01,26,Friday,0,ST003,Market_3,Kazan,PR004,Product_4,Beverages,31,1797.38,1359.0400000000002,438.3399999999999,31,0,0.0,1797.3799999999999,1.0,294,0,0,1
2026-06-27,2026,6,2026-06,2026-06-01,27,Saturday,1,ST003,Market_3,Kazan,PR004,Product_4,Beverages,46,2667.08,2016.64,650.4399999999998,46,0,0.0,2667.08,1.0,248,0,0,1
2026-06-28,2026,6,2026-06,2026-06-01,28,Sunday,1,ST003,Market_3,Kazan,PR004,Product_4,Beverages,43,2493.14,1885.1200000000001,608.0199999999998,43,0,0.0,2493.14,1.0,205,0,0,1
2026-06-29,2026,6,2026-06,2026-06-01,29,Monday,0,ST003,Market_3,Kazan,PR004,Product_4,Beverages,27,1565.46,1183.68,381.78,27,0,0.0,1565.4599999999998,1.0,178,0,0,1
2026-06-30,2026,6,2026-06,2026-06-01,30,Tuesday,0,ST003,Market_3,Kazan,PR004,Product_4,Beverages,29,1681.42,1271.3600000000001,410.05999999999995,29,0,0.0,1681.4199999999998,1.0,149,0,0,1
2026-07-01,2026,7,2026-07,2026-07-01,1,Wednesday,0,ST003,Market_3,Kazan,PR004,Product_4,Beverages,29,1681.42,1271.3600000000001,410.05999999999995,29,0,0.0,1681.4199999999998,1.0,120,0,0,1
2026-07-02,2026,7,2026-07,2026-07-01,2,Thursday,0,ST003,Market_3,Kazan,PR004,Product_4,Beverages,31,1797.38,1359.0400000000002,438.3399999999999,31,0,0.0,1797.3799999999999,1.0,89,0,0,1
2026-07-03,2026,7,2026-07,2026-07-01,3,Friday,0,ST003,Market_3,Kazan,PR004,Product_4,Beverages,25,1449.5,1096.0,353.5,25,0,0.0,1449.5,1.0,64,0,0,1
2026-07-04,2026,7,2026-07,2026-07-01,4,Saturday,1,ST003,Market_3,Kazan,PR004,Product_4,Beverages,44,2551.12,1928.96,622.1599999999999,44,0,0.0,2551.12,1.0,20,406,0,1
2026-07-05,2026,7,2026-07,2026-07-01,5,Sunday,1,ST003,Market_3,Kazan,PR004,Product_4,Beverages,20,1159.6,876.8000000000001,282.79999999999984,34,14,811.7199999999999,1971.32,0.5882352941176471,0,0,1,0
2026-07-06,2026,7,2026-07,2026-07-01,6,Monday,0,ST003,Market_3,Kazan,PR004,Product_4,Beverages,33,1913.34,1446.72,466.6199999999999,33,0,0.0,1913.34,1.0,373,0,0,1
2026-07-07,2026,7,2026-07,2026-07-01,7,Tuesday,0,ST003,Market_3,Kazan,PR004,Product_4,Beverages,30,1739.4,1315.2,424.20000000000005,30,0,0.0,1739.3999999999999,1.0,343,0,0,1
2026-07-08,2026,7,2026-07,2026-07-01,8,Wednesday,0,ST003,Market_3,Kazan,PR004,Product_4,Beverages,30,1739.4,1315.2,424.20000000000005,30,0,0.0,1739.3999999999999,1.0,313,0,0,1
2026-07-09,2026,7,2026-07,2026-07-01,9,Thursday,0,ST003,Market_3,Kazan,PR004,Product_4,Beverages,43,2493.14,1885.1200000000001,608.0199999999998,43,0,0.0,2493.14,1.0,270,0,0,1
2026-07-10,2026,7,2026-07,2026-07-01,10,Friday,0,ST003,Market_3,Kazan,PR004,Product_4,Beverages,25,1449.5,1096.0,353.5,25,0,0.0,1449.5,1.0,245,0,0,1
2026-07-11,2026,7,2026-07,2026-07-01,11,Saturday,1,ST003,Market_3,Kazan,PR004,Product_4,Beverages,43,2493.14,1885.1200000000001,608.0199999999998,43,0,0.0,2493.14,1.0,202,0,0,1
2026-07-12,2026,7,2026-07,2026-07-01,12,Sunday,1,ST003,Market_3,Kazan,PR004,Product_4,Beverages,41,2377.18,1797.44,579.7399999999998,41,0,0.0,2377.18,1.0,161,0,0,1
2026-07-13,2026,7,2026-07,2026-07-01,13,Monday,0,ST003,Market_3,Kazan,PR004,Product_4,Beverages,38,2203.24,1665.92,537.3199999999997,38,0,0.0,2203.24,1.0,123,0,0,1
2026-07-14,2026,7,2026-07,2026-07-01,14,Tuesday,0,ST003,Market_3,Kazan,PR004,Product_4,Beverages,36,2087.28,1578.2400000000002,509.03999999999996,36,0,0.0,2087.2799999999997,1.0,87,0,0,1
2026-07-15,2026,7,2026-07,2026-07-01,15,Wednesday,0,ST003,Market_3,Kazan,PR004,Product_4,Beverages,35,2029.3,1534.4,494.89999999999986,35,0,0.0,2029.3,1.0,52,0,0,1
2026-07-16,2026,7,2026-07,2026-07-01,16,Thursday,0,ST003,Market_3,Kazan,PR004,Product_4,Beverages,30,1739.4,1315.2,424.20000000000005,30,0,0.0,1739.3999999999999,1.0,22,406,0,1
2026-07-17,2026,7,2026-07,2026-07-01,17,Friday,0,ST003,Market_3,Kazan,PR004,Product_4,Beverages,22,1275.56,964.48,311.0799999999999,29,7,405.85999999999996,1681.4199999999998,0.7586206896551724,0,0,1,0
2026-07-18,2026,7,2026-07,2026-07-01,18,Saturday,1,ST003,Market_3,Kazan,PR004,Product_4,Beverages,47,2725.06,2060.48,664.5799999999999,47,0,0.0,2725.06,1.0,359,0,0,1
2026-07-19,2026,7,2026-07,2026-07-01,19,Sunday,1,ST003,Market_3,Kazan,PR004,Product_4,Beverages,52,3014.96,2279.6800000000003,735.2799999999997,52,0,0.0,3014.96,1.0,307,0,0,1
2026-07-20,2026,7,2026-07,2026-07-01,20,Monday,0,ST003,Market_3,Kazan,PR004,Product_4,Beverages,23,1333.54,1008.32,325.2199999999999,23,0,0.0,1333.54,1.0,284,0,0,1
2026-07-21,2026,7,2026-07,2026-07-01,21,Tuesday,0,ST003,Market_3,Kazan,PR004,Product_4,Beverages,25,1449.5,1096.0,353.5,25,0,0.0,1449.5,1.0,259,0,0,1
2026-07-22,2026,7,2026-07,2026-07-01,22,Wednesday,0,ST003,Market_3,Kazan,PR004,Product_4,Beverages,30,1739.4,1315.2,424.20000000000005,30,0,0.0,1739.3999999999999,1.0,229,0,0,1
2026-07-23,2026,7,2026-07,2026-07-01,23,Thursday,0,ST003,Market_3,Kazan,PR004,Product_4,Beverages,15,869.7,657.6,212.10000000000002,15,0,0.0,869.6999999999999,1.0,214,0,0,1
2026-07-24,2026,7,2026-07,2026-07-01,24,Friday,0,ST003,Market_3,Kazan,PR004,Product_4,Beverages,35,2029.3,1534.4,494.89999999999986,35,0,0.0,2029.3,1.0,179,0,0,1
2026-07-25,2026,7,2026-07,2026-07-01,25,Saturday,1,ST003,Market_3,Kazan,PR004,Product_4,Beverages,38,2203.24,1665.92,537.3199999999997,38,0,0.0,2203.24,1.0,141,0,0,1
2026-07-26,2026,7,2026-07,2026-07-01,26,Sunday,1,ST003,Market_3,Kazan,PR004,Product_4,Beverages,43,2493.14,1885.1200000000001,608.0199999999998,43,0,0.0,2493.14,1.0,98,0,0,1
2026-07-27,2026,7,2026-07,2026-07-01,27,Monday,0,ST003,Market_3,Kazan,PR004,Product_4,Beverages,32,1855.36,1402.88,452.4799999999998,32,0,0.0,1855.36,1.0,66,0,0,1
2026-07-28,2026,7,2026-07,2026-07-01,28,Tuesday,0,ST003,Market_3,Kazan,PR004,Product_4,Beverages,28,1623.44,1227.52,395.9200000000001,28,0,0.0,1623.4399999999998,1.0,38,0,0,1
2026-07-29,2026,7,2026-07,2026-07-01,29,Wednesday,0,ST003,Market_3,Kazan,PR004,Product_4,Beverages,22,1275.56,964.48,311.0799999999999,22,0,0.0,1275.56,1.0,16,406,0,1
2026-07-30,2026,7,2026-07,2026-07-01,30,Thursday,0,ST003,Market_3,Kazan,PR004,Product_4,Beverages,16,927.68,701.44,226.2399999999999,20,4,231.92,1159.6,0.8,0,0,1,0
2026-07-31,2026,7,2026-07,2026-07-01,31,Friday,0,ST003,Market_3,Kazan,PR004,Product_4,Beverages,20,1159.6,876.8000000000001,282.79999999999984,20,0,0.0,1159.6,1.0,386,0,0,1
2026-08-01,2026,8,2026-08,2026-08-01,1,Saturday,1,ST003,Market_3,Kazan,PR004,Product_4,Beverages,41,2377.18,1797.44,579.7399999999998,41,0,0.0,2377.18,1.0,345,0,0,1
2026-08-02,2026,8,2026-08,2026-08-01,2,Sunday,1,ST003,Market_3,Kazan,PR004,Product_4,Beverages,30,1739.4,1315.2,424.20000000000005,30,0,0.0,1739.3999999999999,1.0,315,0,0,1
2026-08-03,2026,8,2026-08,2026-08-01,3,Monday,0,ST003,Market_3,Kazan,PR004,Product_4,Beverages,31,1797.38,1359.0400000000002,438.3399999999999,31,0,0.0,1797.3799999999999,1.0,284,0,0,1
2026-08-04,2026,8,2026-08,2026-08-01,4,Tuesday,0,ST003,Market_3,Kazan,PR004,Product_4,Beverages,25,1449.5,1096.0,353.5,25,0,0.0,1449.5,1.0,259,0,0,1
2026-08-05,2026,8,2026-08,2026-08-01,5,Wednesday,0,ST003,Market_3,Kazan,PR004,Product_4,Beverages,39,2261.22,1709.7600000000002,551.4599999999996,39,0,0.0,2261.22,1.0,220,0,0,1
2026-08-06,2026,8,2026-08,2026-08-01,6,Thursday,0,ST003,Market_3,Kazan,PR004,Product_4,Beverages,34,1971.32,1490.5600000000002,480.75999999999976,34,0,0.0,1971.32,1.0,186,0,0,1
2026-08-07,2026,8,2026-08,2026-08-01,7,Friday,0,ST003,Market_3,Kazan,PR004,Product_4,Beverages,33,1913.34,1446.72,466.6199999999999,33,0,0.0,1913.34,1.0,153,0,0,1
2026-08-08,2026,8,2026-08,2026-08-01,8,Saturday,1,ST003,Market_3,Kazan,PR004,Product_4,Beverages,34,1971.32,1490.5600000000002,480.75999999999976,34,0,0.0,1971.32,1.0,119,0,0,1
2026-08-09,2026,8,2026-08,2026-08-01,9,Sunday,1,ST003,Market_3,Kazan,PR004,Product_4,Beverages,46,2667.08,2016.64,650.4399999999998,46,0,0.0,2667.08,1.0,73,0,0,1
2026-08-10,2026,8,2026-08,2026-08-01,10,Monday,0,ST003,Market_3,Kazan,PR004,Product_4,Beverages,31,1797.38,1359.0400000000002,438.3399999999999,31,0,0.0,1797.3799999999999,1.0,42,0,0,1
2026-08-11,2026,8,2026-08,2026-08-01,11,Tuesday,0,ST003,Market_3,Kazan,PR004,Product_4,Beverages,25,1449.5,1096.0,353.5,25,0,0.0,1449.5,1.0,17,406,0,1
2026-08-12,2026,8,2026-08,2026-08-01,12,Wednesday,0,ST003,Market_3,Kazan,PR004,Product_4,Beverages,17,985.66,745.2800000000001,240.37999999999988,43,26,1507.48,2493.14,0.3953488372093023,0,0,1,0
2026-08-13,2026,8,2026-08,2026-08-01,13,Thursday,0,ST003,Market_3,Kazan,PR004,Product_4,Beverages,21,1217.58,920.6400000000001,296.9399999999998,21,0,0.0,1217.58,1.0,385,0,0,1
2026-08-14,2026,8,2026-08,2026-08-01,14,Friday,0,ST003,Market_3,Kazan,PR004,Product_4,Beverages,19,1101.62,832.96,268.65999999999985,19,0,0.0,1101.62,1.0,366,0,0,1
2026-08-15,2026,8,2026-08,2026-08-01,15,Saturday,1,ST003,Market_3,Kazan,PR004,Product_4,Beverages,34,1971.32,1490.5600000000002,480.75999999999976,34,0,0.0,1971.32,1.0,332,0,0,1
2026-08-16,2026,8,2026-08,2026-08-01,16,Sunday,1,ST003,Market_3,Kazan,PR004,Product_4,Beverages,49,2841.02,2148.1600000000003,692.8599999999997,49,0,0.0,2841.02,1.0,283,0,0,1
2026-08-17,2026,8,2026-08,2026-08-01,17,Monday,0,ST003,Market_3,Kazan,PR004,Product_4,Beverages,38,2203.24,1665.92,537.3199999999997,38,0,0.0,2203.24,1.0,245,0,0,1
2026-08-18,2026,8,2026-08,2026-08-01,18,Tuesday,0,ST003,Market_3,Kazan,PR004,Product_4,Beverages,27,1565.46,1183.68,381.78,27,0,0.0,1565.4599999999998,1.0,218,0,0,1
2026-08-19,2026,8,2026-08,2026-08-01,19,Wednesday,0,ST003,Market_3,Kazan,PR004,Product_4,Beverages,19,1101.62,832.96,268.65999999999985,19,0,0.0,1101.62,1.0,199,0,0,1
2026-08-20,2026,8,2026-08,2026-08-01,20,Thursday,0,ST003,Market_3,Kazan,PR004,Product_4,Beverages,31,1797.38,1359.0400000000002,438.3399999999999,31,0,0.0,1797.3799999999999,1.0,168,0,0,1
2026-08-21,2026,8,2026-08,2026-08-01,21,Friday,0,ST003,Market_3,Kazan,PR004,Product_4,Beverages,27,1565.46,1183.68,381.78,27,0,0.0,1565.4599999999998,1.0,141,0,0,1
2026-08-22,2026,8,2026-08,2026-08-01,22,Saturday,1,ST003,Market_3,Kazan,PR004,Product_4,Beverages,36,2087.28,1578.2400000000002,509.03999999999996,36,0,0.0,2087.2799999999997,1.0,105,0,0,1
2026-08-23,2026,8,2026-08,2026-08-01,23,Sunday,1,ST003,Market_3,Kazan,PR004,Product_4,Beverages,36,2087.28,1578.2400000000002,509.03999999999996,36,0,0.0,2087.2799999999997,1.0,69,0,0,1
2026-08-24,2026,8,2026-08,2026-08-01,24,Monday,0,ST003,Market_3,Kazan,PR004,Product_4,Beverages,40,2319.2,1753.6000000000001,565.5999999999997,40,0,0.0,2319.2,1.0,29,406,0,1
2026-08-25,2026,8,2026-08,2026-08-01,25,Tuesday,0,ST003,Market_3,Kazan,PR004,Product_4,Beverages,29,1681.42,1271.3600000000001,410.05999999999995,44,15,869.6999999999999,2551.12,0.6590909090909091,0,0,1,0
2026-08-26,2026,8,2026-08,2026-08-01,26,Wednesday,0,ST003,Market_3,Kazan,PR004,Product_4,Beverages,35,2029.3,1534.4,494.89999999999986,35,0,0.0,2029.3,1.0,371,0,0,1
2026-08-27,2026,8,2026-08,2026-08-01,27,Thursday,0,ST003,Market_3,Kazan,PR004,Product_4,Beverages,26,1507.48,1139.8400000000001,367.6399999999999,26,0,0.0,1507.48,1.0,345,0,0,1
2026-08-28,2026,8,2026-08,2026-08-01,28,Friday,0,ST003,Market_3,Kazan,PR004,Product_4,Beverages,30,1739.4,1315.2,424.20000000000005,30,0,0.0,1739.3999999999999,1.0,315,0,0,1
2026-08-29,2026,8,2026-08,2026-08-01,29,Saturday,1,ST003,Market_3,Kazan,PR004,Product_4,Beverages,44,2551.12,1928.96,622.1599999999999,44,0,0.0,2551.12,1.0,271,0,0,1
2026-08-30,2026,8,2026-08,2026-08-01,30,Sunday,1,ST003,Market_3,Kazan,PR004,Product_4,Beverages,28,1623.44,1227.52,395.9200000000001,28,0,0.0,1623.4399999999998,1.0,243,0,0,1
2026-08-31,2026,8,2026-08,2026-08-01,31,Monday,0,ST003,Market_3,Kazan,PR004,Product_4,Beverages,28,1623.44,1227.52,395.9200000000001,28,0,0.0,1623.4399999999998,1.0,215,0,0,1
2026-09-01,2026,9,2026-09,2026-09-01,1,Tuesday,0,ST003,Market_3,Kazan,PR004,Product_4,Beverages,37,2145.26,1622.0800000000002,523.1800000000001,37,0,0.0,2145.2599999999998,1.0,178,0,0,1
2026-09-02,2026,9,2026-09,2026-09-01,2,Wednesday,0,ST003,Market_3,Kazan,PR004,Product_4,Beverages,30,1739.4,1315.2,424.20000000000005,30,0,0.0,1739.3999999999999,1.0,148,0,0,1
2026-09-03,2026,9,2026-09,2026-09-01,3,Thursday,0,ST003,Market_3,Kazan,PR004,Product_4,Beverages,25,1449.5,1096.0,353.5,25,0,0.0,1449.5,1.0,123,0,0,1
2026-09-04,2026,9,2026-09,2026-09-01,4,Friday,0,ST003,Market_3,Kazan,PR004,Product_4,Beverages,29,1681.42,1271.3600000000001,410.05999999999995,29,0,0.0,1681.4199999999998,1.0,94,0,0,1
2026-09-05,2026,9,2026-09,2026-09-01,5,Saturday,1,ST003,Market_3,Kazan,PR004,Product_4,Beverages,43,2493.14,1885.1200000000001,608.0199999999998,43,0,0.0,2493.14,1.0,51,0,0,1
2026-09-06,2026,9,2026-09,2026-09-01,6,Sunday,1,ST003,Market_3,Kazan,PR004,Product_4,Beverages,34,1971.32,1490.5600000000002,480.75999999999976,34,0,0.0,1971.32,1.0,17,406,0,1
2026-09-07,2026,9,2026-09,2026-09-01,7,Monday,0,ST003,Market_3,Kazan,PR004,Product_4,Beverages,17,985.66,745.2800000000001,240.37999999999988,20,3,173.94,1159.6,0.85,0,0,1,0
2026-06-10,2026,6,2026-06,2026-06-01,10,Wednesday,0,ST003,Market_3,Kazan,PR005,Product_5,Dairy,25,2177.5,1488.75,688.75,25,0,0.0,2177.5,1.0,227,0,0,1
2026-06-11,2026,6,2026-06,2026-06-01,11,Thursday,0,ST003,Market_3,Kazan,PR005,Product_5,Dairy,20,1742.0,1191.0,551.0,20,0,0.0,1742.0,1.0,207,0,0,1
2026-06-12,2026,6,2026-06,2026-06-01,12,Friday,0,ST003,Market_3,Kazan,PR005,Product_5,Dairy,20,1742.0,1191.0,551.0,20,0,0.0,1742.0,1.0,187,0,0,1
2026-06-13,2026,6,2026-06,2026-06-01,13,Saturday,1,ST003,Market_3,Kazan,PR005,Product_5,Dairy,21,1829.1,1250.55,578.55,21,0,0.0,1829.1,1.0,166,0,0,1
2026-06-14,2026,6,2026-06,2026-06-01,14,Sunday,1,ST003,Market_3,Kazan,PR005,Product_5,Dairy,25,2177.5,1488.75,688.75,25,0,0.0,2177.5,1.0,141,0,0,1
2026-06-15,2026,6,2026-06,2026-06-01,15,Monday,0,ST003,Market_3,Kazan,PR005,Product_5,Dairy,18,1567.8,1071.8999999999999,495.9000000000001,18,0,0.0,1567.8,1.0,123,0,0,1
2026-06-16,2026,6,2026-06,2026-06-01,16,Tuesday,0,ST003,Market_3,Kazan,PR005,Product_5,Dairy,29,2525.9,1726.9499999999998,798.9500000000003,29,0,0.0,2525.8999999999996,1.0,94,0,0,1
2026-06-17,2026,6,2026-06,2026-06-01,17,Wednesday,0,ST003,Market_3,Kazan,PR005,Product_5,Dairy,22,1916.2,1310.1,606.1000000000001,22,0,0.0,1916.1999999999998,1.0,72,0,0,1
2026-06-18,2026,6,2026-06,2026-06-01,18,Thursday,0,ST003,Market_3,Kazan,PR005,Product_5,Dairy,19,1654.9,1131.45,523.45,19,0,0.0,1654.8999999999999,1.0,53,0,0,1
2026-06-19,2026,6,2026-06,2026-06-01,19,Friday,0,ST003,Market_3,Kazan,PR005,Product_5,Dairy,16,1393.6,952.8,440.79999999999995,16,0,0.0,1393.6,1.0,37,0,0,1
2026-06-20,2026,6,2026-06,2026-06-01,20,Saturday,1,ST003,Market_3,Kazan,PR005,Product_5,Dairy,19,1654.9,1131.45,523.45,19,0,0.0,1654.8999999999999,1.0,18,252,0,1
2026-06-21,2026,6,2026-06,2026-06-01,21,Sunday,1,ST003,Market_3,Kazan,PR005,Product_5,Dairy,18,1567.8,1071.8999999999999,495.9000000000001,27,9,783.9,2351.7,0.6666666666666666,0,0,1,0
2026-06-22,2026,6,2026-06,2026-06-01,22,Monday,0,ST003,Market_3,Kazan,PR005,Product_5,Dairy,16,1393.6,952.8,440.79999999999995,16,0,0.0,1393.6,1.0,236,0,0,1
2026-06-23,2026,6,2026-06,2026-06-01,23,Tuesday,0,ST003,Market_3,Kazan,PR005,Product_5,Dairy,14,1219.4,833.6999999999999,385.70000000000016,14,0,0.0,1219.3999999999999,1.0,222,0,0,1
2026-06-24,2026,6,2026-06,2026-06-01,24,Wednesday,0,ST003,Market_3,Kazan,PR005,Product_5,Dairy,31,2700.1,1846.05,854.05,31,0,0.0,2700.1,1.0,191,0,0,1
2026-06-25,2026,6,2026-06,2026-06-01,25,Thursday,0,ST003,Market_3,Kazan,PR005,Product_5,Dairy,14,1219.4,833.6999999999999,385.70000000000016,14,0,0.0,1219.3999999999999,1.0,177,0,0,1
2026-06-26,2026,6,2026-06,2026-06-01,26,Friday,0,ST003,Market_3,Kazan,PR005,Product_5,Dairy,21,1829.1,1250.55,578.55,21,0,0.0,1829.1,1.0,156,0,0,1
2026-06-27,2026,6,2026-06,2026-06-01,27,Saturday,1,ST003,Market_3,Kazan,PR005,Product_5,Dairy,37,3222.7,2203.35,1019.3499999999999,37,0,0.0,3222.7,1.0,119,0,0,1
2026-06-28,2026,6,2026-06,2026-06-01,28,Sunday,1,ST003,Market_3,Kazan,PR005,Product_5,Dairy,24,2090.4,1429.1999999999998,661.2000000000003,24,0,0.0,2090.3999999999996,1.0,95,0,0,1
2026-06-29,2026,6,2026-06,2026-06-01,29,Monday,0,ST003,Market_3,Kazan,PR005,Product_5,Dairy,20,1742.0,1191.0,551.0,20,0,0.0,1742.0,1.0,75,0,0,1
2026-06-30,2026,6,2026-06,2026-06-01,30,Tuesday,0,ST003,Market_3,Kazan,PR005,Product_5,Dairy,21,1829.1,1250.55,578.55,21,0,0.0,1829.1,1.0,54,0,0,1
2026-07-01,2026,7,2026-07,2026-07-01,1,Wednesday,0,ST003,Market_3,Kazan,PR005,Product_5,Dairy,15,1306.5,893.25,413.25,15,0,0.0,1306.5,1.0,39,0,0,1
2026-07-02,2026,7,2026-07,2026-07-01,2,Thursday,0,ST003,Market_3,Kazan,PR005,Product_5,Dairy,22,1916.2,1310.1,606.1000000000001,22,0,0.0,1916.1999999999998,1.0,17,252,0,1
2026-07-03,2026,7,2026-07,2026-07-01,3,Friday,0,ST003,Market_3,Kazan,PR005,Product_5,Dairy,17,1480.7,1012.3499999999999,468.35000000000014,19,2,174.2,1654.8999999999999,0.8947368421052632,0,0,1,0
2026-07-04,2026,7,2026-07,2026-07-01,4,Saturday,1,ST003,Market_3,Kazan,PR005,Product_5,Dairy,30,2613.0,1786.5,826.5,30,0,0.0,2613.0,1.0,222,0,0,1
2026-07-05,2026,7,2026-07,2026-07-01,5,Sunday,1,ST003,Market_3,Kazan,PR005,Product_5,Dairy,31,2700.1,1846.05,854.05,31,0,0.0,2700.1,1.0,191,0,0,1
2026-07-06,2026,7,2026-07,2026-07-01,6,Monday,0,ST003,Market_3,Kazan,PR005,Product_5,Dairy,14,1219.4,833.6999999999999,385.70000000000016,14,0,0.0,1219.3999999999999,1.0,177,0,0,1
2026-07-07,2026,7,2026-07,2026-07-01,7,Tuesday,0,ST003,Market_3,Kazan,PR005,Product_5,Dairy,15,1306.5,893.25,413.25,15,0,0.0,1306.5,1.0,162,0,0,1
2026-07-08,2026,7,2026-07,2026-07-01,8,Wednesday,0,ST003,Market_3,Kazan,PR005,Product_5,Dairy,16,1393.6,952.8,440.79999999999995,16,0,0.0,1393.6,1.0,146,0,0,1
2026-07-09,2026,7,2026-07,2026-07-01,9,Thursday,0,ST003,Market_3,Kazan,PR005,Product_5,Dairy,20,1742.0,1191.0,551.0,20,0,0.0,1742.0,1.0,126,0,0,1
2026-07-10,2026,7,2026-07,2026-07-01,10,Friday,0,ST003,Market_3,Kazan,PR005,Product_5,Dairy,20,1742.0,1191.0,551.0,20,0,0.0,1742.0,1.0,106,0,0,1
2026-07-11,2026,7,2026-07,2026-07-01,11,Saturday,1,ST003,Market_3,Kazan,PR005,Product_5,Dairy,28,2438.8,1667.3999999999999,771.4000000000003,28,0,0.0,2438.7999999999997,1.0,78,0,0,1
2026-07-12,2026,7,2026-07,2026-07-01,12,Sunday,1,ST003,Market_3,Kazan,PR005,Product_5,Dairy,28,2438.8,1667.3999999999999,771.4000000000003,28,0,0.0,2438.7999999999997,1.0,50,0,0,1
2026-07-13,2026,7,2026-07,2026-07-01,13,Monday,0,ST003,Market_3,Kazan,PR005,Product_5,Dairy,20,1742.0,1191.0,551.0,20,0,0.0,1742.0,1.0,30,0,0,1
2026-07-14,2026,7,2026-07,2026-07-01,14,Tuesday,0,ST003,Market_3,Kazan,PR005,Product_5,Dairy,17,1480.7,1012.3499999999999,468.35000000000014,17,0,0.0,1480.6999999999998,1.0,13,252,0,1
2026-07-15,2026,7,2026-07,2026-07-01,15,Wednesday,0,ST003,Market_3,Kazan,PR005,Product_5,Dairy,13,1132.3,774.15,358.15,21,8,696.8,1829.1,0.6190476190476191,0,0,1,0
2026-07-16,2026,7,2026-07,2026-07-01,16,Thursday,0,ST003,Market_3,Kazan,PR005,Product_5,Dairy,16,1393.6,952.8,440.79999999999995,16,0,0.0,1393.6,1.0,236,0,0,1
2026-07-17,2026,7,2026-07,2026-07-01,17,Friday,0,ST003,Market_3,Kazan,PR005,Product_5,Dairy,20,1742.0,1191.0,551.0,20,0,0.0,1742.0,1.0,216,0,0,1
2026-07-18,2026,7,2026-07,2026-07-01,18,Saturday,1,ST003,Market_3,Kazan,PR005,Product_5,Dairy,23,2003.3,1369.6499999999999,633.6500000000001,23,0,0.0,2003.3,1.0,193,0,0,1
2026-07-19,2026,7,2026-07,2026-07-01,19,Sunday,1,ST003,Market_3,Kazan,PR005,Product_5,Dairy,26,2264.6,1548.3,716.3,26,0,0.0,2264.6,1.0,167,0,0,1
2026-07-20,2026,7,2026-07,2026-07-01,20,Monday,0,ST003,Market_3,Kazan,PR005,Product_5,Dairy,18,1567.8,1071.8999999999999,495.9000000000001,18,0,0.0,1567.8,1.0,149,0,0,1
2026-07-21,2026,7,2026-07,2026-07-01,21,Tuesday,0,ST003,Market_3,Kazan,PR005,Product_5,Dairy,20,1742.0,1191.0,551.0,20,0,0.0,1742.0,1.0,129,0,0,1
2026-07-22,2026,7,2026-07,2026-07-01,22,Wednesday,0,ST003,Market_3,Kazan,PR005,Product_5,Dairy,13,1132.3,774.15,358.15,13,0,0.0,1132.3,1.0,116,0,0,1
2026-07-23,2026,7,2026-07,2026-07-01,23,Thursday,0,ST003,Market_3,Kazan,PR005,Product_5,Dairy,17,1480.7,1012.3499999999999,468.35000000000014,17,0,0.0,1480.6999999999998,1.0,99,0,0,1
2026-07-24,2026,7,2026-07,2026-07-01,24,Friday,0,ST003,Market_3,Kazan,PR005,Product_5,Dairy,21,1829.1,1250.55,578.55,21,0,0.0,1829.1,1.0,78,0,0,1
2026-07-25,2026,7,2026-07,2026-07-01,25,Saturday,1,ST003,Market_3,Kazan,PR005,Product_5,Dairy,32,2787.2,1905.6,881.5999999999999,32,0,0.0,2787.2,1.0,46,0,0,1
2026-07-26,2026,7,2026-07,2026-07-01,26,Sunday,1,ST003,Market_3,Kazan,PR005,Product_5,Dairy,31,2700.1,1846.05,854.05,31,0,0.0,2700.1,1.0,15,0,0,1
2026-07-27,2026,7,2026-07,2026-07-01,27,Monday,0,ST003,Market_3,Kazan,PR005,Product_5,Dairy,12,1045.2,714.5999999999999,330.60000000000014,12,0,0.0,1045.1999999999998,1.0,3,252,0,1
2026-07-28,2026,7,2026-07,2026-07-01,28,Tuesday,0,ST003,Market_3,Kazan,PR005,Product_5,Dairy,3,261.3,178.64999999999998,82.65000000000003,21,18,1567.8,1829.1,0.14285714285714285,0,0,1,0
2026-07-29,2026,7,2026-07,2026-07-01,29,Wednesday,0,ST003,Market_3,Kazan,PR005,Product_5,Dairy,18,1567.8,1071.8999999999999,495.9000000000001,18,0,0.0,1567.8,1.0,234,0,0,1
2026-07-30,2026,7,2026-07,2026-07-01,30,Thursday,0,ST003,Market_3,Kazan,PR005,Product_5,Dairy,15,1306.5,893.25,413.25,15,0,0.0,1306.5,1.0,219,0,0,1
2026-07-31,2026,7,2026-07,2026-07-01,31,Friday,0,ST003,Market_3,Kazan,PR005,Product_5,Dairy,13,1132.3,774.15,358.15,13,0,0.0,1132.3,1.0,206,0,0,1
2026-08-01,2026,8,2026-08,2026-08-01,1,Saturday,1,ST003,Market_3,Kazan,PR005,Product_5,Dairy,30,2613.0,1786.5,826.5,30,0,0.0,2613.0,1.0,176,0,0,1
2026-08-02,2026,8,2026-08,2026-08-01,2,Sunday,1,ST003,Market_3,Kazan,PR005,Product_5,Dairy,28,2438.8,1667.3999999999999,771.4000000000003,28,0,0.0,2438.7999999999997,1.0,148,0,0,1
2026-08-03,2026,8,2026-08,2026-08-01,3,Monday,0,ST003,Market_3,Kazan,PR005,Product_5,Dairy,16,1393.6,952.8,440.79999999999995,16,0,0.0,1393.6,1.0,132,0,0,1
2026-08-04,2026,8,2026-08,2026-08-01,4,Tuesday,0,ST003,Market_3,Kazan,PR005,Product_5,Dairy,10,871.0,595.5,275.5,10,0,0.0,871.0,1.0,122,0,0,1
2026-08-05,2026,8,2026-08,2026-08-01,5,Wednesday,0,ST003,Market_3,Kazan,PR005,Product_5,Dairy,11,958.1,655.05,303.05000000000007,11,0,0.0,958.0999999999999,1.0,111,0,0,1
2026-08-06,2026,8,2026-08,2026-08-01,6,Thursday,0,ST003,Market_3,Kazan,PR005,Product_5,Dairy,24,2090.4,1429.1999999999998,661.2000000000003,24,0,0.0,2090.3999999999996,1.0,87,0,0,1
2026-08-07,2026,8,2026-08,2026-08-01,7,Friday,0,ST003,Market_3,Kazan,PR005,Product_5,Dairy,19,1654.9,1131.45,523.45,19,0,0.0,1654.8999999999999,1.0,68,0,0,1
2026-08-08,2026,8,2026-08,2026-08-01,8,Saturday,1,ST003,Market_3,Kazan,PR005,Product_5,Dairy,22,1916.2,1310.1,606.1000000000001,22,0,0.0,1916.1999999999998,1.0,46,0,0,1
2026-08-09,2026,8,2026-08,2026-08-01,9,Sunday,1,ST003,Market_3,Kazan,PR005,Product_5,Dairy,24,2090.4,1429.1999999999998,661.2000000000003,24,0,0.0,2090.3999999999996,1.0,22,0,0,1
2026-08-10,2026,8,2026-08,2026-08-01,10,Monday,0,ST003,Market_3,Kazan,PR005,Product_5,Dairy,18,1567.8,1071.8999999999999,495.9000000000001,18,0,0.0,1567.8,1.0,4,252,0,1
2026-08-11,2026,8,2026-08,2026-08-01,11,Tuesday,0,ST003,Market_3,Kazan,PR005,Product_5,Dairy,4,348.4,238.2,110.19999999999999,11,7,609.6999999999999,958.0999999999999,0.36363636363636365,0,0,1,0
2026-08-12,2026,8,2026-08,2026-08-01,12,Wednesday,0,ST003,Market_3,Kazan,PR005,Product_5,Dairy,13,1132.3,774.15,358.15,13,0,0.0,1132.3,1.0,239,0,0,1
2026-08-13,2026,8,2026-08,2026-08-01,13,Thursday,0,ST003,Market_3,Kazan,PR005,Product_5,Dairy,21,1829.1,1250.55,578.55,21,0,0.0,1829.1,1.0,218,0,0,1
2026-08-14,2026,8,2026-08,2026-08-01,14,Friday,0,ST003,Market_3,Kazan,PR005,Product_5,Dairy,18,1567.8,1071.8999999999999,495.9000000000001,18,0,0.0,1567.8,1.0,200,0,0,1
2026-08-15,2026,8,2026-08,2026-08-01,15,Saturday,1,ST003,Market_3,Kazan,PR005,Product_5,Dairy,29,2525.9,1726.9499999999998,798.9500000000003,29,0,0.0,2525.8999999999996,1.0,171,0,0,1
2026-08-16,2026,8,2026-08,2026-08-01,16,Sunday,1,ST003,Market_3,Kazan,PR005,Product_5,Dairy,30,2613.0,1786.5,826.5,30,0,0.0,2613.0,1.0,141,0,0,1
2026-08-17,2026,8,2026-08,2026-08-01,17,Monday,0,ST003,Market_3,Kazan,PR005,Product_5,Dairy,17,1480.7,1012.3499999999999,468.35000000000014,17,0,0.0,1480.6999999999998,1.0,124,0,0,1
2026-08-18,2026,8,2026-08,2026-08-01,18,Tuesday,0,ST003,Market_3,Kazan,PR005,Product_5,Dairy,26,2264.6,1548.3,716.3,26,0,0.0,2264.6,1.0,98,0,0,1
2026-08-19,2026,8,2026-08,2026-08-01,19,Wednesday,0,ST003,Market_3,Kazan,PR005,Product_5,Dairy,15,1306.5,893.25,413.25,15,0,0.0,1306.5,1.0,83,0,0,1
2026-08-20,2026,8,2026-08,2026-08-01,20,Thursday,0,ST003,Market_3,Kazan,PR005,Product_5,Dairy,17,1480.7,1012.3499999999999,468.35000000000014,17,0,0.0,1480.6999999999998,1.0,66,0,0,1
2026-08-21,2026,8,2026-08,2026-08-01,21,Friday,0,ST003,Market_3,Kazan,PR005,Product_5,Dairy,11,958.1,655.05,303.05000000000007,11,0,0.0,958.0999999999999,1.0,55,0,0,1
2026-08-22,2026,8,2026-08,2026-08-01,22,Saturday,1,ST003,Market_3,Kazan,PR005,Product_5,Dairy,21,1829.1,1250.55,578.55,21,0,0.0,1829.1,1.0,34,252,0,1
2026-08-23,2026,8,2026-08,2026-08-01,23,Sunday,1,ST003,Market_3,Kazan,PR005,Product_5,Dairy,24,2090.4,1429.1999999999998,661.2000000000003,24,0,0.0,2090.3999999999996,1.0,10,0,0,1
2026-08-24,2026,8,2026-08,2026-08-01,24,Monday,0,ST003,Market_3,Kazan,PR005,Product_5,Dairy,18,1567.8,1071.8999999999999,495.9000000000001,18,0,0.0,1567.8,1.0,244,0,0,1
2026-08-25,2026,8,2026-08,2026-08-01,25,Tuesday,0,ST003,Market_3,Kazan,PR005,Product_5,Dairy,18,1567.8,1071.8999999999999,495.9000000000001,18,0,0.0,1567.8,1.0,226,0,0,1
2026-08-26,2026,8,2026-08,2026-08-01,26,Wednesday,0,ST003,Market_3,Kazan,PR005,Product_5,Dairy,26,2264.6,1548.3,716.3,26,0,0.0,2264.6,1.0,200,0,0,1
2026-08-27,2026,8,2026-08,2026-08-01,27,Thursday,0,ST003,Market_3,Kazan,PR005,Product_5,Dairy,18,1567.8,1071.8999999999999,495.9000000000001,18,0,0.0,1567.8,1.0,182,0,0,1
2026-08-28,2026,8,2026-08,2026-08-01,28,Friday,0,ST003,Market_3,Kazan,PR005,Product_5,Dairy,23,2003.3,1369.6499999999999,633.6500000000001,23,0,0.0,2003.3,1.0,159,0,0,1
2026-08-29,2026,8,2026-08,2026-08-01,29,Saturday,1,ST003,Market_3,Kazan,PR005,Product_5,Dairy,29,2525.9,1726.9499999999998,798.9500000000003,29,0,0.0,2525.8999999999996,1.0,130,0,0,1
2026-08-30,2026,8,2026-08,2026-08-01,30,Sunday,1,ST003,Market_3,Kazan,PR005,Product_5,Dairy,25,2177.5,1488.75,688.75,25,0,0.0,2177.5,1.0,105,0,0,1
2026-08-31,2026,8,2026-08,2026-08-01,31,Monday,0,ST003,Market_3,Kazan,PR005,Product_5,Dairy,13,1132.3,774.15,358.15,13,0,0.0,1132.3,1.0,92,0,0,1
2026-09-01,2026,9,2026-09,2026-09-01,1,Tuesday,0,ST003,Market_3,Kazan,PR005,Product_5,Dairy,17,1480.7,1012.3499999999999,468.35000000000014,17,0,0.0,1480.6999999999998,1.0,75,0,0,1
2026-09-02,2026,9,2026-09,2026-09-01,2,Wednesday,0,ST003,Market_3,Kazan,PR005,Product_5,Dairy,18,1567.8,1071.8999999999999,495.9000000000001,18,0,0.0,1567.8,1.0,57,0,0,1
2026-09-03,2026,9,2026-09,2026-09-01,3,Thursday,0,ST003,Market_3,Kazan,PR005,Product_5,Dairy,21,1829.1,1250.55,578.55,21,0,0.0,1829.1,1.0,36,252,0,1
2026-09-04,2026,9,2026-09,2026-09-01,4,Friday,0,ST003,Market_3,Kazan,PR005,Product_5,Dairy,27,2351.7,1607.85,743.8499999999999,27,0,0.0,2351.7,1.0,9,0,0,1
2026-09-05,2026,9,2026-09,2026-09-01,5,Saturday,1,ST003,Market_3,Kazan,PR005,Product_5,Dairy,33,2874.3,1965.1499999999999,909.1500000000003,33,0,0.0,2874.2999999999997,1.0,228,0,0,1
2026-09-06,2026,9,2026-09,2026-09-01,6,Sunday,1,ST003,Market_3,Kazan,PR005,Product_5,Dairy,25,2177.5,1488.75,688.75,25,0,0.0,2177.5,1.0,203,0,0,1
2026-09-07,2026,9,2026-09,2026-09-01,7,Monday,0,ST003,Market_3,Kazan,PR005,Product_5,Dairy,13,1132.3,774.15,358.15,13,0,0.0,1132.3,1.0,190,0,0,1
2026-06-10,2026,6,2026-06,2026-06-01,10,Wednesday,0,ST003,Market_3,Kazan,PR006,Product_6,Snacks,17,2241.11,1499.74,741.3700000000001,17,0,0.0,2241.11,1.0,291,0,0,1
2026-06-11,2026,6,2026-06,2026-06-01,11,Thursday,0,ST003,Market_3,Kazan,PR006,Product_6,Snacks,17,2241.11,1499.74,741.3700000000001,17,0,0.0,2241.11,1.0,274,0,0,1
2026-06-12,2026,6,2026-06,2026-06-01,12,Friday,0,ST003,Market_3,Kazan,PR006,Product_6,Snacks,27,3559.41,2381.94,1177.4699999999998,27,0,0.0,3559.4100000000003,1.0,247,0,0,1
2026-06-13,2026,6,2026-06,2026-06-01,13,Saturday,1,ST003,Market_3,Kazan,PR006,Product_6,Snacks,39,5141.37,3440.58,1700.79,39,0,0.0,5141.370000000001,1.0,208,0,0,1
2026-06-14,2026,6,2026-06,2026-06-01,14,Sunday,1,ST003,Market_3,Kazan,PR006,Product_6,Snacks,34,4482.22,2999.48,1482.7400000000002,34,0,0.0,4482.22,1.0,174,0,0,1
2026-06-15,2026,6,2026-06,2026-06-01,15,Monday,0,ST003,Market_3,Kazan,PR006,Product_6,Snacks,21,2768.43,1852.62,915.81,21,0,0.0,2768.4300000000003,1.0,153,0,0,1
2026-06-16,2026,6,2026-06,2026-06-01,16,Tuesday,0,ST003,Market_3,Kazan,PR006,Product_6,Snacks,26,3427.58,2293.72,1133.8600000000001,26,0,0.0,3427.5800000000004,1.0,127,0,0,1
2026-06-17,2026,6,2026-06,2026-06-01,17,Wednesday,0,ST003,Market_3,Kazan,PR006,Product_6,Snacks,26,3427.58,2293.72,1133.8600000000001,26,0,0.0,3427.5800000000004,1.0,101,0,0,1
2026-06-18,2026,6,2026-06,2026-06-01,18,Thursday,0,ST003,Market_3,Kazan,PR006,Product_6,Snacks,18,2372.94,1587.96,784.98,18,0,0.0,2372.94,1.0,83,0,0,1
2026-06-19,2026,6,2026-06,2026-06-01,19,Friday,0,ST003,Market_3,Kazan,PR006,Product_6,Snacks,26,3427.58,2293.72,1133.8600000000001,26,0,0.0,3427.5800000000004,1.0,57,0,0,1
2026-06-20,2026,6,2026-06,2026-06-01,20,Saturday,1,ST003,Market_3,Kazan,PR006,Product_6,Snacks,36,4745.88,3175.92,1569.96,36,0,0.0,4745.88,1.0,21,308,0,1
2026-06-21,2026,6,2026-06,2026-06-01,21,Sunday,1,ST003,Market_3,Kazan,PR006,Product_6,Snacks,21,2768.43,1852.62,915.81,31,10,1318.3000000000002,4086.7300000000005,0.6774193548387096,0,0,1,0
2026-06-22,2026,6,2026-06,2026-06-01,22,Monday,0,ST003,Market_3,Kazan,PR006,Product_6,Snacks,16,2109.28,1411.52,697.7600000000002,16,0,0.0,2109.28,1.0,292,0,0,1
2026-06-23,2026,6,2026-06,2026-06-01,23,Tuesday,0,ST003,Market_3,Kazan,PR006,Product_6,Snacks,14,1845.62,1235.08,610.54,14,0,0.0,1845.6200000000001,1.0,278,0,0,1
2026-06-24,2026,6,2026-06,2026-06-01,24,Wednesday,0,ST003,Market_3,Kazan,PR006,Product_6,Snacks,22,2900.26,1940.84,959.4200000000003,22,0,0.0,2900.26,1.0,256,0,0,1
2026-06-25,2026,6,2026-06,2026-06-01,25,Thursday,0,ST003,Market_3,Kazan,PR006,Product_6,Snacks,16,2109.28,1411.52,697.7600000000002,16,0,0.0,2109.28,1.0,240,0,0,1
2026-06-26,2026,6,2026-06,2026-06-01,26,Friday,0,ST003,Market_3,Kazan,PR006,Product_6,Snacks,17,2241.11,1499.74,741.3700000000001,17,0,0.0,2241.11,1.0,223,0,0,1
2026-06-27,2026,6,2026-06,2026-06-01,27,Saturday,1,ST003,Market_3,Kazan,PR006,Product_6,Snacks,26,3427.58,2293.72,1133.8600000000001,26,0,0.0,3427.5800000000004,1.0,197,0,0,1
2026-06-28,2026,6,2026-06,2026-06-01,28,Sunday,1,ST003,Market_3,Kazan,PR006,Product_6,Snacks,33,4350.39,2911.2599999999998,1439.1300000000006,33,0,0.0,4350.39,1.0,164,0,0,1
2026-06-29,2026,6,2026-06,2026-06-01,29,Monday,0,ST003,Market_3,Kazan,PR006,Product_6,Snacks,26,3427.58,2293.72,1133.8600000000001,26,0,0.0,3427.5800000000004,1.0,138,0,0,1
2026-06-30,2026,6,2026-06,2026-06-01,30,Tuesday,0,ST003,Market_3,Kazan,PR006,Product_6,Snacks,16,2109.28,1411.52,697.7600000000002,16,0,0.0,2109.28,1.0,122,0,0,1
2026-07-01,2026,7,2026-07,2026-07-01,1,Wednesday,0,ST003,Market_3,Kazan,PR006,Product_6,Snacks,28,3691.24,2470.16,1221.08,28,0,0.0,3691.2400000000002,1.0,94,0,0,1
2026-07-02,2026,7,2026-07,2026-07-01,2,Thursday,0,ST003,Market_3,Kazan,PR006,Product_6,Snacks,16,2109.28,1411.52,697.7600000000002,16,0,0.0,2109.28,1.0,78,0,0,1
2026-07-03,2026,7,2026-07,2026-07-01,3,Friday,0,ST003,Market_3,Kazan,PR006,Product_6,Snacks,24,3163.92,2117.2799999999997,1046.6400000000003,24,0,0.0,3163.92,1.0,54,0,0,1
2026-07-04,2026,7,2026-07,2026-07-01,4,Saturday,1,ST003,Market_3,Kazan,PR006,Product_6,Snacks,29,3823.07,2558.38,1264.69,29,0,0.0,3823.07,1.0,25,308,0,1
2026-07-05,2026,7,2026-07,2026-07-01,5,Sunday,1,ST003,Market_3,Kazan,PR006,Product_6,Snacks,25,3295.75,2205.5,1090.25,27,2,263.66,3559.4100000000003,0.9259259259259259,0,0,1,0
2026-07-06,2026,7,2026-07,2026-07-01,6,Monday,0,ST003,Market_3,Kazan,PR006,Product_6,Snacks,16,2109.28,1411.52,697.7600000000002,16,0,0.0,2109.28,1.0,292,0,0,1
2026-07-07,2026,7,2026-07,2026-07-01,7,Tuesday,0,ST003,Market_3,Kazan,PR006,Product_6,Snacks,15,1977.45,1323.3,654.1500000000001,15,0,0.0,1977.4500000000003,1.0,277,0,0,1
2026-07-08,2026,7,2026-07,2026-07-01,8,Wednesday,0,ST003,Market_3,Kazan,PR006,Product_6,Snacks,20,2636.6,1764.4,872.1999999999998,20,0,0.0,2636.6000000000004,1.0,257,0,0,1
2026-07-09,2026,7,2026-07,2026-07-01,9,Thursday,0,ST003,Market_3,Kazan,PR006,Product_6,Snacks,19,2504.77,1676.18,828.5899999999999,19,0,0.0,2504.7700000000004,1.0,238,0,0,1
2026-07-10,2026,7,2026-07,2026-07-01,10,Friday,0,ST003,Market_3,Kazan,PR006,Product_6,Snacks,16,2109.28,1411.52,697.7600000000002,16,0,0.0,2109.28,1.0,222,0,0,1
2026-07-11,2026,7,2026-07,2026-07-01,11,Saturday,1,ST003,Market_3,Kazan,PR006,Product_6,Snacks,25,3295.75,2205.5,1090.25,25,0,0.0,3295.7500000000005,1.0,197,0,0,1
2026-07-12,2026,7,2026-07,2026-07-01,12,Sunday,1,ST003,Market_3,Kazan,PR006,Product_6,Snacks,23,3032.09,2029.06,1003.0300000000002,23,0,0.0,3032.09,1.0,174,0,0,1
2026-07-13,2026,7,2026-07,2026-07-01,13,Monday,0,ST003,Market_3,Kazan,PR006,Product_6,Snacks,19,2504.77,1676.18,828.5899999999999,19,0,0.0,2504.7700000000004,1.0,155,0,0,1
2026-07-14,2026,7,2026-07,2026-07-01,14,Tuesday,0,ST003,Market_3,Kazan,PR006,Product_6,Snacks,15,1977.45,1323.3,654.1500000000001,15,0,0.0,1977.4500000000003,1.0,140,0,0,1
2026-07-15,2026,7,2026-07,2026-07-01,15,Wednesday,0,ST003,Market_3,Kazan,PR006,Product_6,Snacks,28,3691.24,2470.16,1221.08,28,0,0.0,3691.2400000000002,1.0,112,0,0,1
2026-07-16,2026,7,2026-07,2026-07-01,16,Thursday,0,ST003,Market_3,Kazan,PR006,Product_6,Snacks,24,3163.92,2117.2799999999997,1046.6400000000003,24,0,0.0,3163.92,1.0,88,0,0,1
2026-07-17,2026,7,2026-07,2026-07-01,17,Friday,0,ST003,Market_3,Kazan,PR006,Product_6,Snacks,14,1845.62,1235.08,610.54,14,0,0.0,1845.6200000000001,1.0,74,0,0,1
2026-07-18,2026,7,2026-07,2026-07-01,18,Saturday,1,ST003,Market_3,Kazan,PR006,Product_6,Snacks,38,5009.54,3352.36,1657.1799999999998,38,0,0.0,5009.540000000001,1.0,36,0,0,1
2026-07-19,2026,7,2026-07,2026-07-01,19,Sunday,1,ST003,Market_3,Kazan,PR006,Product_6,Snacks,35,4614.05,3087.7,1526.3500000000004,35,0,0.0,4614.05,1.0,1,308,0,1
2026-07-20,2026,7,2026-07,2026-07-01,20,Monday,0,ST003,Market_3,Kazan,PR006,Product_6,Snacks,1,131.83,88.22,43.610000000000014,30,29,3823.07,3954.9000000000005,0.03333333333333333,0,0,1,0
2026-07-21,2026,7,2026-07,2026-07-01,21,Tuesday,0,ST003,Market_3,Kazan,PR006,Product_6,Snacks,27,3559.41,2381.94,1177.4699999999998,27,0,0.0,3559.4100000000003,1.0,281,0,0,1
2026-07-22,2026,7,2026-07,2026-07-01,22,Wednesday,0,ST003,Market_3,Kazan,PR006,Product_6,Snacks,19,2504.77,1676.18,828.5899999999999,19,0,0.0,2504.7700000000004,1.0,262,0,0,1
2026-07-23,2026,7,2026-07,2026-07-01,23,Thursday,0,ST003,Market_3,Kazan,PR006,Product_6,Snacks,31,4086.73,2734.82,1351.9099999999999,31,0,0.0,4086.7300000000005,1.0,231,0,0,1
2026-07-24,2026,7,2026-07,2026-07-01,24,Friday,0,ST003,Market_3,Kazan,PR006,Product_6,Snacks,19,2504.77,1676.18,828.5899999999999,19,0,0.0,2504.7700000000004,1.0,212,0,0,1
2026-07-25,2026,7,2026-07,2026-07-01,25,Saturday,1,ST003,Market_3,Kazan,PR006,Product_6,Snacks,36,4745.88,3175.92,1569.96,36,0,0.0,4745.88,1.0,176,0,0,1
2026-07-26,2026,7,2026-07,2026-07-01,26,Sunday,1,ST003,Market_3,Kazan,PR006,Product_6,Snacks,28,3691.24,2470.16,1221.08,28,0,0.0,3691.2400000000002,1.0,148,0,0,1
2026-07-27,2026,7,2026-07,2026-07-01,27,Monday,0,ST003,Market_3,Kazan,PR006,Product_6,Snacks,14,1845.62,1235.08,610.54,14,0,0.0,1845.6200000000001,1.0,134,0,0,1
2026-07-28,2026,7,2026-07,2026-07-01,28,Tuesday,0,ST003,Market_3,Kazan,PR006,Product_6,Snacks,22,2900.26,1940.84,959.4200000000003,22,0,0.0,2900.26,1.0,112,0,0,1
2026-07-29,2026,7,2026-07,2026-07-01,29,Wednesday,0,ST003,Market_3,Kazan,PR006,Product_6,Snacks,30,3954.9,2646.6,1308.3000000000002,30,0,0.0,3954.9000000000005,1.0,82,0,0,1
2026-07-30,2026,7,2026-07,2026-07-01,30,Thursday,0,ST003,Market_3,Kazan,PR006,Product_6,Snacks,26,3427.58,2293.72,1133.8600000000001,26,0,0.0,3427.5800000000004,1.0,56,0,0,1
2026-07-31,2026,7,2026-07,2026-07-01,31,Friday,0,ST003,Market_3,Kazan,PR006,Product_6,Snacks,13,1713.79,1146.86,566.9300000000001,13,0,0.0,1713.7900000000002,1.0,43,0,0,1
2026-08-01,2026,8,2026-08,2026-08-01,1,Saturday,1,ST003,Market_3,Kazan,PR006,Product_6,Snacks,31,4086.73,2734.82,1351.9099999999999,31,0,0.0,4086.7300000000005,1.0,12,308,0,1
2026-08-02,2026,8,2026-08,2026-08-01,2,Sunday,1,ST003,Market_3,Kazan,PR006,Product_6,Snacks,12,1581.96,1058.6399999999999,523.3200000000002,36,24,3163.92,4745.88,0.3333333333333333,0,0,1,0
2026-08-03,2026,8,2026-08,2026-08-01,3,Monday,0,ST003,Market_3,Kazan,PR006,Product_6,Snacks,23,3032.09,2029.06,1003.0300000000002,23,0,0.0,3032.09,1.0,285,0,0,1
2026-08-04,2026,8,2026-08,2026-08-01,4,Tuesday,0,ST003,Market_3,Kazan,PR006,Product_6,Snacks,23,3032.09,2029.06,1003.0300000000002,23,0,0.0,3032.09,1.0,262,0,0,1
2026-08-05,2026,8,2026-08,2026-08-01,5,Wednesday,0,ST003,Market_3,Kazan,PR006,Product_6,Snacks,24,3163.92,2117.2799999999997,1046.6400000000003,24,0,0.0,3163.92,1.0,238,0,0,1
2026-08-06,2026,8,2026-08,2026-08-01,6,Thursday,0,ST003,Market_3,Kazan,PR006,Product_6,Snacks,25,3295.75,2205.5,1090.25,25,0,0.0,3295.7500000000005,1.0,213,0,0,1
2026-08-07,2026,8,2026-08,2026-08-01,7,Friday,0,ST003,Market_3,Kazan,PR006,Product_6,Snacks,36,4745.88,3175.92,1569.96,36,0,0.0,4745.88,1.0,177,0,0,1
2026-08-08,2026,8,2026-08,2026-08-01,8,Saturday,1,ST003,Market_3,Kazan,PR006,Product_6,Snacks,43,5668.69,3793.46,1875.2299999999996,43,0,0.0,5668.6900000000005,1.0,134,0,0,1
2026-08-09,2026,8,2026-08,2026-08-01,9,Sunday,1,ST003,Market_3,Kazan,PR006,Product_6,Snacks,34,4482.22,2999.48,1482.7400000000002,34,0,0.0,4482.22,1.0,100,0,0,1
2026-08-10,2026,8,2026-08,2026-08-01,10,Monday,0,ST003,Market_3,Kazan,PR006,Product_6,Snacks,20,2636.6,1764.4,872.1999999999998,20,0,0.0,2636.6000000000004,1.0,80,0,0,1
2026-08-11,2026,8,2026-08,2026-08-01,11,Tuesday,0,ST003,Market_3,Kazan,PR006,Product_6,Snacks,25,3295.75,2205.5,1090.25,25,0,0.0,3295.7500000000005,1.0,55,0,0,1
2026-08-12,2026,8,2026-08,2026-08-01,12,Wednesday,0,ST003,Market_3,Kazan,PR006,Product_6,Snacks,23,3032.09,2029.06,1003.0300000000002,23,0,0.0,3032.09,1.0,32,0,0,1
2026-08-13,2026,8,2026-08,2026-08-01,13,Thursday,0,ST003,Market_3,Kazan,PR006,Product_6,Snacks,30,3954.9,2646.6,1308.3000000000002,30,0,0.0,3954.9000000000005,1.0,2,308,0,1
2026-08-14,2026,8,2026-08,2026-08-01,14,Friday,0,ST003,Market_3,Kazan,PR006,Product_6,Snacks,2,263.66,176.44,87.22000000000003,25,23,3032.09,3295.7500000000005,0.08,0,0,1,0
2026-08-15,2026,8,2026-08,2026-08-01,15,Saturday,1,ST003,Market_3,Kazan,PR006,Product_6,Snacks,33,4350.39,2911.2599999999998,1439.1300000000006,33,0,0.0,4350.39,1.0,275,0,0,1
2026-08-16,2026,8,2026-08,2026-08-01,16,Sunday,1,ST003,Market_3,Kazan,PR006,Product_6,Snacks,28,3691.24,2470.16,1221.08,28,0,0.0,3691.2400000000002,1.0,247,0,0,1
2026-08-17,2026,8,2026-08,2026-08-01,17,Monday,0,ST003,Market_3,Kazan,PR006,Product_6,Snacks,20,2636.6,1764.4,872.1999999999998,20,0,0.0,2636.6000000000004,1.0,227,0,0,1
2026-08-18,2026,8,2026-08,2026-08-01,18,Tuesday,0,ST003,Market_3,Kazan,PR006,Product_6,Snacks,29,3823.07,2558.38,1264.69,29,0,0.0,3823.07,1.0,198,0,0,1
2026-08-19,2026,8,2026-08,2026-08-01,19,Wednesday,0,ST003,Market_3,Kazan,PR006,Product_6,Snacks,29,3823.07,2558.38,1264.69,29,0,0.0,3823.07,1.0,169,0,0,1
2026-08-20,2026,8,2026-08,2026-08-01,20,Thursday,0,ST003,Market_3,Kazan,PR006,Product_6,Snacks,20,2636.6,1764.4,872.1999999999998,20,0,0.0,2636.6000000000004,1.0,149,0,0,1
2026-08-21,2026,8,2026-08,2026-08-01,21,Friday,0,ST003,Market_3,Kazan,PR006,Product_6,Snacks,17,2241.11,1499.74,741.3700000000001,17,0,0.0,2241.11,1.0,132,0,0,1
2026-08-22,2026,8,2026-08,2026-08-01,22,Saturday,1,ST003,Market_3,Kazan,PR006,Product_6,Snacks,35,4614.05,3087.7,1526.3500000000004,35,0,0.0,4614.05,1.0,97,0,0,1
2026-08-23,2026,8,2026-08,2026-08-01,23,Sunday,1,ST003,Market_3,Kazan,PR006,Product_6,Snacks,26,3427.58,2293.72,1133.8600000000001,26,0,0.0,3427.5800000000004,1.0,71,0,0,1
2026-08-24,2026,8,2026-08,2026-08-01,24,Monday,0,ST003,Market_3,Kazan,PR006,Product_6,Snacks,19,2504.77,1676.18,828.5899999999999,19,0,0.0,2504.7700000000004,1.0,52,0,0,1
2026-08-25,2026,8,2026-08,2026-08-01,25,Tuesday,0,ST003,Market_3,Kazan,PR006,Product_6,Snacks,23,3032.09,2029.06,1003.0300000000002,23,0,0.0,3032.09,1.0,29,308,0,1
2026-08-26,2026,8,2026-08,2026-08-01,26,Wednesday,0,ST003,Market_3,Kazan,PR006,Product_6,Snacks,20,2636.6,1764.4,872.1999999999998,20,0,0.0,2636.6000000000004,1.0,9,0,0,1
2026-08-27,2026,8,2026-08,2026-08-01,27,Thursday,0,ST003,Market_3,Kazan,PR006,Product_6,Snacks,18,2372.94,1587.96,784.98,18,0,0.0,2372.94,1.0,299,0,0,1
2026-08-28,2026,8,2026-08,2026-08-01,28,Friday,0,ST003,Market_3,Kazan,PR006,Product_6,Snacks,14,1845.62,1235.08,610.54,14,0,0.0,1845.6200000000001,1.0,285,0,0,1
2026-08-29,2026,8,2026-08,2026-08-01,29,Saturday,1,ST003,Market_3,Kazan,PR006,Product_6,Snacks,21,2768.43,1852.62,915.81,21,0,0.0,2768.4300000000003,1.0,264,0,0,1
2026-08-30,2026,8,2026-08,2026-08-01,30,Sunday,1,ST003,Market_3,Kazan,PR006,Product_6,Snacks,26,3427.58,2293.72,1133.8600000000001,26,0,0.0,3427.5800000000004,1.0,238,0,0,1
2026-08-31,2026,8,2026-08,2026-08-01,31,Monday,0,ST003,Market_3,Kazan,PR006,Product_6,Snacks,28,3691.24,2470.16,1221.08,28,0,0.0,3691.2400000000002,1.0,210,0,0,1
2026-09-01,2026,9,2026-09,2026-09-01,1,Tuesday,0,ST003,Market_3,Kazan,PR006,Product_6,Snacks,18,2372.94,1587.96,784.98,18,0,0.0,2372.94,1.0,192,0,0,1
2026-09-02,2026,9,2026-09,2026-09-01,2,Wednesday,0,ST003,Market_3,Kazan,PR006,Product_6,Snacks,25,3295.75,2205.5,1090.25,25,0,0.0,3295.7500000000005,1.0,167,0,0,1
2026-09-03,2026,9,2026-09,2026-09-01,3,Thursday,0,ST003,Market_3,Kazan,PR006,Product_6,Snacks,26,3427.58,2293.72,1133.8600000000001,26,0,0.0,3427.5800000000004,1.0,141,0,0,1
2026-09-04,2026,9,2026-09,2026-09-01,4,Friday,0,ST003,Market_3,Kazan,PR006,Product_6,Snacks,20,2636.6,1764.4,872.1999999999998,20,0,0.0,2636.6000000000004,1.0,121,0,0,1
2026-09-05,2026,9,2026-09,2026-09-01,5,Saturday,1,ST003,Market_3,Kazan,PR006,Product_6,Snacks,39,5141.37,3440.58,1700.79,39,0,0.0,5141.370000000001,1.0,82,0,0,1
2026-09-06,2026,9,2026-09,2026-09-01,6,Sunday,1,ST003,Market_3,Kazan,PR006,Product_6,Snacks,41,5405.03,3617.02,1788.0099999999998,41,0,0.0,5405.030000000001,1.0,41,0,0,1
2026-09-07,2026,9,2026-09,2026-09-01,7,Monday,0,ST003,Market_3,Kazan,PR006,Product_6,Snacks,31,4086.73,2734.82,1351.9099999999999,31,0,0.0,4086.7300000000005,1.0,10,0,0,1
2026-06-10,2026,6,2026-06,2026-06-01,10,Wednesday,0,ST003,Market_3,Kazan,PR007,Product_7,Dairy,7,765.31,533.0500000000001,232.25999999999988,7,0,0.0,765.31,1.0,175,0,0,1
2026-06-11,2026,6,2026-06,2026-06-01,11,Thursday,0,ST003,Market_3,Kazan,PR007,Product_7,Dairy,12,1311.96,913.8000000000001,398.15999999999997,12,0,0.0,1311.96,1.0,163,0,0,1
2026-06-12,2026,6,2026-06,2026-06-01,12,Friday,0,ST003,Market_3,Kazan,PR007,Product_7,Dairy,13,1421.29,989.95,431.3399999999999,13,0,0.0,1421.29,1.0,150,0,0,1
2026-06-13,2026,6,2026-06,2026-06-01,13,Saturday,1,ST003,Market_3,Kazan,PR007,Product_7,Dairy,28,3061.24,2132.2000000000003,929.0399999999995,28,0,0.0,3061.24,1.0,122,0,0,1
2026-06-14,2026,6,2026-06,2026-06-01,14,Sunday,1,ST003,Market_3,Kazan,PR007,Product_7,Dairy,24,2623.92,1827.6000000000001,796.3199999999999,24,0,0.0,2623.92,1.0,98,0,0,1
2026-06-15,2026,6,2026-06,2026-06-01,15,Monday,0,ST003,Market_3,Kazan,PR007,Product_7,Dairy,13,1421.29,989.95,431.3399999999999,13,0,0.0,1421.29,1.0,85,0,0,1
2026-06-16,2026,6,2026-06,2026-06-01,16,Tuesday,0,ST003,Market_3,Kazan,PR007,Product_7,Dairy,12,1311.96,913.8000000000001,398.15999999999997,12,0,0.0,1311.96,1.0,73,0,0,1
2026-06-17,2026,6,2026-06,2026-06-01,17,Wednesday,0,ST003,Market_3,Kazan,PR007,Product_7,Dairy,17,1858.61,1294.5500000000002,564.0599999999997,17,0,0.0,1858.61,1.0,56,0,0,1
2026-06-18,2026,6,2026-06,2026-06-01,18,Thursday,0,ST003,Market_3,Kazan,PR007,Product_7,Dairy,6,655.98,456.90000000000003,199.07999999999998,6,0,0.0,655.98,1.0,50,0,0,1
2026-06-19,2026,6,2026-06,2026-06-01,19,Friday,0,ST003,Market_3,Kazan,PR007,Product_7,Dairy,16,1749.28,1218.4,530.8799999999999,16,0,0.0,1749.28,1.0,34,0,0,1
2026-06-20,2026,6,2026-06,2026-06-01,20,Saturday,1,ST003,Market_3,Kazan,PR007,Product_7,Dairy,20,2186.6,1523.0,663.5999999999999,20,0,0.0,2186.6,1.0,14,182,0,1
2026-06-21,2026,6,2026-06,2026-06-01,21,Sunday,1,ST003,Market_3,Kazan,PR007,Product_7,Dairy,14,1530.62,1066.1000000000001,464.51999999999975,24,10,1093.3,2623.92,0.5833333333333334,0,0,1,0
2026-06-22,2026,6,2026-06,2026-06-01,22,Monday,0,ST003,Market_3,Kazan,PR007,Product_7,Dairy,11,1202.63,837.6500000000001,364.98,11,0,0.0,1202.6299999999999,1.0,171,0,0,1
2026-06-23,2026,6,2026-06,2026-06-01,23,Tuesday,0,ST003,Market_3,Kazan,PR007,Product_7,Dairy,9,983.97,685.35,298.62,9,0,0.0,983.97,1.0,162,0,0,1
2026-06-24,2026,6,2026-06,2026-06-01,24,Wednesday,0,ST003,Market_3,Kazan,PR007,Product_7,Dairy,12,1311.96,913.8000000000001,398.15999999999997,12,0,0.0,1311.96,1.0,150,0,0,1
2026-06-25,2026,6,2026-06,2026-06-01,25,Thursday,0,ST003,Market_3,Kazan,PR007,Product_7,Dairy,13,1421.29,989.95,431.3399999999999,13,0,0.0,1421.29,1.0,137,0,0,1
2026-06-26,2026,6,2026-06,2026-06-01,26,Friday,0,ST003,Market_3,Kazan,PR007,Product_7,Dairy,14,1530.62,1066.1000000000001,464.51999999999975,14,0,0.0,1530.62,1.0,123,0,0,1
2026-06-27,2026,6,2026-06,2026-06-01,27,Saturday,1,ST003,Market_3,Kazan,PR007,Product_7,Dairy,16,1749.28,1218.4,530.8799999999999,16,0,0.0,1749.28,1.0,107,0,0,1
2026-06-28,2026,6,2026-06,2026-06-01,28,Sunday,1,ST003,Market_3,Kazan,PR007,Product_7,Dairy,15,1639.95,1142.25,497.70000000000005,15,0,0.0,1639.95,1.0,92,0,0,1
2026-06-29,2026,6,2026-06,2026-06-01,29,Monday,0,ST003,Market_3,Kazan,PR007,Product_7,Dairy,13,1421.29,989.95,431.3399999999999,13,0,0.0,1421.29,1.0,79,0,0,1
2026-06-30,2026,6,2026-06,2026-06-01,30,Tuesday,0,ST003,Market_3,Kazan,PR007,Product_7,Dairy,15,1639.95,1142.25,497.70000000000005,15,0,0.0,1639.95,1.0,64,0,0,1
2026-07-01,2026,7,2026-07,2026-07-01,1,Wednesday,0,ST003,Market_3,Kazan,PR007,Product_7,Dairy,15,1639.95,1142.25,497.70000000000005,15,0,0.0,1639.95,1.0,49,0,0,1
2026-07-02,2026,7,2026-07,2026-07-01,2,Thursday,0,ST003,Market_3,Kazan,PR007,Product_7,Dairy,13,1421.29,989.95,431.3399999999999,13,0,0.0,1421.29,1.0,36,0,0,1
2026-07-03,2026,7,2026-07,2026-07-01,3,Friday,0,ST003,Market_3,Kazan,PR007,Product_7,Dairy,12,1311.96,913.8000000000001,398.15999999999997,12,0,0.0,1311.96,1.0,24,0,0,1
2026-07-04,2026,7,2026-07,2026-07-01,4,Saturday,1,ST003,Market_3,Kazan,PR007,Product_7,Dairy,22,2405.26,1675.3000000000002,729.96,22,0,0.0,2405.2599999999998,1.0,2,182,0,1
2026-07-05,2026,7,2026-07,2026-07-01,5,Sunday,1,ST003,Market_3,Kazan,PR007,Product_7,Dairy,2,218.66,152.3,66.35999999999999,19,17,1858.61,2077.27,0.10526315789473684,0,0,1,0
2026-07-06,2026,7,2026-07,2026-07-01,6,Monday,0,ST003,Market_3,Kazan,PR007,Product_7,Dairy,11,1202.63,837.6500000000001,364.98,11,0,0.0,1202.6299999999999,1.0,171,0,0,1
2026-07-07,2026,7,2026-07,2026-07-01,7,Tuesday,0,ST003,Market_3,Kazan,PR007,Product_7,Dairy,8,874.64,609.2,265.43999999999994,8,0,0.0,874.64,1.0,163,0,0,1
2026-07-08,2026,7,2026-07,2026-07-01,8,Wednesday,0,ST003,Market_3,Kazan,PR007,Product_7,Dairy,13,1421.29,989.95,431.3399999999999,13,0,0.0,1421.29,1.0,150,0,0,1
2026-07-09,2026,7,2026-07,2026-07-01,9,Thursday,0,ST003,Market_3,Kazan,PR007,Product_7,Dairy,13,1421.29,989.95,431.3399999999999,13,0,0.0,1421.29,1.0,137,0,0,1
2026-07-10,2026,7,2026-07,2026-07-01,10,Friday,0,ST003,Market_3,Kazan,PR007,Product_7,Dairy,16,1749.28,1218.4,530.8799999999999,16,0,0.0,1749.28,1.0,121,0,0,1
2026-07-11,2026,7,2026-07,2026-07-01,11,Saturday,1,ST003,Market_3,Kazan,PR007,Product_7,Dairy,19,2077.27,1446.8500000000001,630.4199999999998,19,0,0.0,2077.27,1.0,102,0,0,1
2026-07-12,2026,7,2026-07,2026-07-01,12,Sunday,1,ST003,Market_3,Kazan,PR007,Product_7,Dairy,23,2514.59,1751.45,763.1400000000001,23,0,0.0,2514.59,1.0,79,0,0,1
2026-07-13,2026,7,2026-07,2026-07-01,13,Monday,0,ST003,Market_3,Kazan,PR007,Product_7,Dairy,13,1421.29,989.95,431.3399999999999,13,0,0.0,1421.29,1.0,66,0,0,1
2026-07-14,2026,7,2026-07,2026-07-01,14,Tuesday,0,ST003,Market_3,Kazan,PR007,Product_7,Dairy,9,983.97,685.35,298.62,9,0,0.0,983.97,1.0,57,0,0,1
2026-07-15,2026,7,2026-07,2026-07-01,15,Wednesday,0,ST003,Market_3,Kazan,PR007,Product_7,Dairy,7,765.31,533.0500000000001,232.25999999999988,7,0,0.0,765.31,1.0,50,0,0,1
2026-07-16,2026,7,2026-07,2026-07-01,16,Thursday,0,ST003,Market_3,Kazan,PR007,Product_7,Dairy,16,1749.28,1218.4,530.8799999999999,16,0,0.0,1749.28,1.0,34,0,0,1
2026-07-17,2026,7,2026-07,2026-07-01,17,Friday,0,ST003,Market_3,Kazan,PR007,Product_7,Dairy,13,1421.29,989.95,431.3399999999999,13,0,0.0,1421.29,1.0,21,182,0,1
2026-07-18,2026,7,2026-07,2026-07-01,18,Saturday,1,ST003,Market_3,Kazan,PR007,Product_7,Dairy,17,1858.61,1294.5500000000002,564.0599999999997,17,0,0.0,1858.61,1.0,4,0,0,1
2026-07-19,2026,7,2026-07,2026-07-01,19,Sunday,1,ST003,Market_3,Kazan,PR007,Product_7,Dairy,20,2186.6,1523.0,663.5999999999999,20,0,0.0,2186.6,1.0,166,0,0,1
2026-07-20,2026,7,2026-07,2026-07-01,20,Monday,0,ST003,Market_3,Kazan,PR007,Product_7,Dairy,13,1421.29,989.95,431.3399999999999,13,0,0.0,1421.29,1.0,153,0,0,1
2026-07-21,2026,7,2026-07,2026-07-01,21,Tuesday,0,ST003,Market_3,Kazan,PR007,Product_7,Dairy,10,1093.3,761.5,331.79999999999995,10,0,0.0,1093.3,1.0,143,0,0,1
2026-07-22,2026,7,2026-07,2026-07-01,22,Wednesday,0,ST003,Market_3,Kazan,PR007,Product_7,Dairy,16,1749.28,1218.4,530.8799999999999,16,0,0.0,1749.28,1.0,127,0,0,1
2026-07-23,2026,7,2026-07,2026-07-01,23,Thursday,0,ST003,Market_3,Kazan,PR007,Product_7,Dairy,18,1967.94,1370.7,597.24,18,0,0.0,1967.94,1.0,109,0,0,1
2026-07-24,2026,7,2026-07,2026-07-01,24,Friday,0,ST003,Market_3,Kazan,PR007,Product_7,Dairy,11,1202.63,837.6500000000001,364.98,11,0,0.0,1202.6299999999999,1.0,98,0,0,1
2026-07-25,2026,7,2026-07,2026-07-01,25,Saturday,1,ST003,Market_3,Kazan,PR007,Product_7,Dairy,18,1967.94,1370.7,597.24,18,0,0.0,1967.94,1.0,80,0,0,1
2026-07-26,2026,7,2026-07,2026-07-01,26,Sunday,1,ST003,Market_3,Kazan,PR007,Product_7,Dairy,16,1749.28,1218.4,530.8799999999999,16,0,0.0,1749.28,1.0,64,0,0,1
2026-07-27,2026,7,2026-07,2026-07-01,27,Monday,0,ST003,Market_3,Kazan,PR007,Product_7,Dairy,15,1639.95,1142.25,497.70000000000005,15,0,0.0,1639.95,1.0,49,0,0,1
2026-07-28,2026,7,2026-07,2026-07-01,28,Tuesday,0,ST003,Market_3,Kazan,PR007,Product_7,Dairy,9,983.97,685.35,298.62,9,0,0.0,983.97,1.0,40,0,0,1
2026-07-29,2026,7,2026-07,2026-07-01,29,Wednesday,0,ST003,Market_3,Kazan,PR007,Product_7,Dairy,14,1530.62,1066.1000000000001,464.51999999999975,14,0,0.0,1530.62,1.0,26,0,0,1
2026-07-30,2026,7,2026-07,2026-07-01,30,Thursday,0,ST003,Market_3,Kazan,PR007,Product_7,Dairy,10,1093.3,761.5,331.79999999999995,10,0,0.0,1093.3,1.0,16,182,0,1
2026-07-31,2026,7,2026-07,2026-07-01,31,Friday,0,ST003,Market_3,Kazan,PR007,Product_7,Dairy,15,1639.95,1142.25,497.70000000000005,15,0,0.0,1639.95,1.0,1,0,0,1
2026-08-01,2026,8,2026-08,2026-08-01,1,Saturday,1,ST003,Market_3,Kazan,PR007,Product_7,Dairy,19,2077.27,1446.8500000000001,630.4199999999998,19,0,0.0,2077.27,1.0,164,0,0,1
2026-08-02,2026,8,2026-08,2026-08-01,2,Sunday,1,ST003,Market_3,Kazan,PR007,Product_7,Dairy,22,2405.26,1675.3000000000002,729.96,22,0,0.0,2405.2599999999998,1.0,142,0,0,1
2026-08-03,2026,8,2026-08,2026-08-01,3,Monday,0,ST003,Market_3,Kazan,PR007,Product_7,Dairy,16,1749.28,1218.4,530.8799999999999,16,0,0.0,1749.28,1.0,126,0,0,1
2026-08-04,2026,8,2026-08,2026-08-01,4,Tuesday,0,ST003,Market_3,Kazan,PR007,Product_7,Dairy,18,1967.94,1370.7,597.24,18,0,0.0,1967.94,1.0,108,0,0,1
2026-08-05,2026,8,2026-08,2026-08-01,5,Wednesday,0,ST003,Market_3,Kazan,PR007,Product_7,Dairy,17,1858.61,1294.5500000000002,564.0599999999997,17,0,0.0,1858.61,1.0,91,0,0,1
2026-08-06,2026,8,2026-08,2026-08-01,6,Thursday,0,ST003,Market_3,Kazan,PR007,Product_7,Dairy,10,1093.3,761.5,331.79999999999995,10,0,0.0,1093.3,1.0,81,0,0,1
2026-08-07,2026,8,2026-08,2026-08-01,7,Friday,0,ST003,Market_3,Kazan,PR007,Product_7,Dairy,12,1311.96,913.8000000000001,398.15999999999997,12,0,0.0,1311.96,1.0,69,0,0,1
2026-08-08,2026,8,2026-08,2026-08-01,8,Saturday,1,ST003,Market_3,Kazan,PR007,Product_7,Dairy,18,1967.94,1370.7,597.24,18,0,0.0,1967.94,1.0,51,0,0,1
2026-08-09,2026,8,2026-08,2026-08-01,9,Sunday,1,ST003,Market_3,Kazan,PR007,Product_7,Dairy,20,2186.6,1523.0,663.5999999999999,20,0,0.0,2186.6,1.0,31,0,0,1
2026-08-10,2026,8,2026-08,2026-08-01,10,Monday,0,ST003,Market_3,Kazan,PR007,Product_7,Dairy,11,1202.63,837.6500000000001,364.98,11,0,0.0,1202.6299999999999,1.0,20,0,0,1
2026-08-11,2026,8,2026-08,2026-08-01,11,Tuesday,0,ST003,Market_3,Kazan,PR007,Product_7,Dairy,8,874.64,609.2,265.43999999999994,8,0,0.0,874.64,1.0,12,182,0,1
2026-08-12,2026,8,2026-08,2026-08-01,12,Wednesday,0,ST003,Market_3,Kazan,PR007,Product_7,Dairy,8,874.64,609.2,265.43999999999994,8,0,0.0,874.64,1.0,4,0,0,1
2026-08-13,2026,8,2026-08,2026-08-01,13,Thursday,0,ST003,Market_3,Kazan,PR007,Product_7,Dairy,15,1639.95,1142.25,497.70000000000005,15,0,0.0,1639.95,1.0,171,0,0,1
2026-08-14,2026,8,2026-08,2026-08-01,14,Friday,0,ST003,Market_3,Kazan,PR007,Product_7,Dairy,13,1421.29,989.95,431.3399999999999,13,0,0.0,1421.29,1.0,158,0,0,1
2026-08-15,2026,8,2026-08,2026-08-01,15,Saturday,1,ST003,Market_3,Kazan,PR007,Product_7,Dairy,12,1311.96,913.8000000000001,398.15999999999997,12,0,0.0,1311.96,1.0,146,0,0,1
2026-08-16,2026,8,2026-08,2026-08-01,16,Sunday,1,ST003,Market_3,Kazan,PR007,Product_7,Dairy,13,1421.29,989.95,431.3399999999999,13,0,0.0,1421.29,1.0,133,0,0,1
2026-08-17,2026,8,2026-08,2026-08-01,17,Monday,0,ST003,Market_3,Kazan,PR007,Product_7,Dairy,9,983.97,685.35,298.62,9,0,0.0,983.97,1.0,124,0,0,1
2026-08-18,2026,8,2026-08,2026-08-01,18,Tuesday,0,ST003,Market_3,Kazan,PR007,Product_7,Dairy,12,1311.96,913.8000000000001,398.15999999999997,12,0,0.0,1311.96,1.0,112,0,0,1
2026-08-19,2026,8,2026-08,2026-08-01,19,Wednesday,0,ST003,Market_3,Kazan,PR007,Product_7,Dairy,13,1421.29,989.95,431.3399999999999,13,0,0.0,1421.29,1.0,99,0,0,1
2026-08-20,2026,8,2026-08,2026-08-01,20,Thursday,0,ST003,Market_3,Kazan,PR007,Product_7,Dairy,15,1639.95,1142.25,497.70000000000005,15,0,0.0,1639.95,1.0,84,0,0,1
2026-08-21,2026,8,2026-08,2026-08-01,21,Friday,0,ST003,Market_3,Kazan,PR007,Product_7,Dairy,16,1749.28,1218.4,530.8799999999999,16,0,0.0,1749.28,1.0,68,0,0,1
2026-08-22,2026,8,2026-08,2026-08-01,22,Saturday,1,ST003,Market_3,Kazan,PR007,Product_7,Dairy,16,1749.28,1218.4,530.8799999999999,16,0,0.0,1749.28,1.0,52,0,0,1
2026-08-23,2026,8,2026-08,2026-08-01,23,Sunday,1,ST003,Market_3,Kazan,PR007,Product_7,Dairy,28,3061.24,2132.2000000000003,929.0399999999995,28,0,0.0,3061.24,1.0,24,0,0,1
2026-08-24,2026,8,2026-08,2026-08-01,24,Monday,0,ST003,Market_3,Kazan,PR007,Product_7,Dairy,17,1858.61,1294.5500000000002,564.0599999999997,17,0,0.0,1858.61,1.0,7,0,0,1
2026-08-25,2026,8,2026-08,2026-08-01,25,Tuesday,0,ST003,Market_3,Kazan,PR007,Product_7,Dairy,7,765.31,533.0500000000001,232.25999999999988,9,2,218.66,983.97,0.7777777777777778,0,182,1,0
2026-08-26,2026,8,2026-08,2026-08-01,26,Wednesday,0,ST003,Market_3,Kazan,PR007,Product_7,Dairy,0,0.0,0.0,0.0,8,8,874.64,874.64,0.0,0,0,1,0
2026-08-27,2026,8,2026-08,2026-08-01,27,Thursday,0,ST003,Market_3,Kazan,PR007,Product_7,Dairy,9,983.97,685.35,298.62,9,0,0.0,983.97,1.0,173,0,0,1
2026-08-28,2026,8,2026-08,2026-08-01,28,Friday,0,ST003,Market_3,Kazan,PR007,Product_7,Dairy,13,1421.29,989.95,431.3399999999999,13,0,0.0,1421.29,1.0,160,0,0,1
2026-08-29,2026,8,2026-08,2026-08-01,29,Saturday,1,ST003,Market_3,Kazan,PR007,Product_7,Dairy,25,2733.25,1903.7500000000002,829.4999999999998,25,0,0.0,2733.25,1.0,135,0,0,1
2026-08-30,2026,8,2026-08,2026-08-01,30,Sunday,1,ST003,Market_3,Kazan,PR007,Product_7,Dairy,19,2077.27,1446.8500000000001,630.4199999999998,19,0,0.0,2077.27,1.0,116,0,0,1
2026-08-31,2026,8,2026-08,2026-08-01,31,Monday,0,ST003,Market_3,Kazan,PR007,Product_7,Dairy,10,1093.3,761.5,331.79999999999995,10,0,0.0,1093.3,1.0,106,0,0,1
2026-09-01,2026,9,2026-09,2026-09-01,1,Tuesday,0,ST003,Market_3,Kazan,PR007,Product_7,Dairy,12,1311.96,913.8000000000001,398.15999999999997,12,0,0.0,1311.96,1.0,94,0,0,1
2026-09-02,2026,9,2026-09,2026-09-01,2,Wednesday,0,ST003,Market_3,Kazan,PR007,Product_7,Dairy,13,1421.29,989.95,431.3399999999999,13,0,0.0,1421.29,1.0,81,0,0,1
2026-09-03,2026,9,2026-09,2026-09-01,3,Thursday,0,ST003,Market_3,Kazan,PR007,Product_7,Dairy,13,1421.29,989.95,431.3399999999999,13,0,0.0,1421.29,1.0,68,0,0,1
2026-09-04,2026,9,2026-09,2026-09-01,4,Friday,0,ST003,Market_3,Kazan,PR007,Product_7,Dairy,9,983.97,685.35,298.62,9,0,0.0,983.97,1.0,59,0,0,1
2026-09-05,2026,9,2026-09,2026-09-01,5,Saturday,1,ST003,Market_3,Kazan,PR007,Product_7,Dairy,20,2186.6,1523.0,663.5999999999999,20,0,0.0,2186.6,1.0,39,0,0,1
2026-09-06,2026,9,2026-09,2026-09-01,6,Sunday,1,ST003,Market_3,Kazan,PR007,Product_7,Dairy,16,1749.28,1218.4,530.8799999999999,16,0,0.0,1749.28,1.0,23,0,0,1
2026-09-07,2026,9,2026-09,2026-09-01,7,Monday,0,ST003,Market_3,Kazan,PR007,Product_7,Dairy,14,1530.62,1066.1000000000001,464.51999999999975,14,0,0.0,1530.62,1.0,9,182,0,1
2026-06-10,2026,6,2026-06,2026-06-01,10,Wednesday,0,ST003,Market_3,Kazan,PR008,Product_8,Dairy,40,3967.6,2314.4,1653.1999999999998,40,0,0.0,3967.6,1.0,310,0,0,1
2026-06-11,2026,6,2026-06,2026-06-01,11,Thursday,0,ST003,Market_3,Kazan,PR008,Product_8,Dairy,19,1884.61,1099.34,785.27,19,0,0.0,1884.61,1.0,291,0,0,1
2026-06-12,2026,6,2026-06,2026-06-01,12,Friday,0,ST003,Market_3,Kazan,PR008,Product_8,Dairy,26,2578.94,1504.36,1074.5800000000002,26,0,0.0,2578.94,1.0,265,0,0,1
2026-06-13,2026,6,2026-06,2026-06-01,13,Saturday,1,ST003,Market_3,Kazan,PR008,Product_8,Dairy,43,4265.17,2487.98,1777.19,43,0,0.0,4265.17,1.0,222,0,0,1
2026-06-14,2026,6,2026-06,2026-06-01,14,Sunday,1,ST003,Market_3,Kazan,PR008,Product_8,Dairy,44,4364.36,2545.84,1818.5199999999995,44,0,0.0,4364.36,1.0,178,0,0,1
2026-06-15,2026,6,2026-06,2026-06-01,15,Monday,0,ST003,Market_3,Kazan,PR008,Product_8,Dairy,30,2975.7,1735.8,1239.8999999999999,30,0,0.0,2975.7,1.0,148,0,0,1
2026-06-16,2026,6,2026-06,2026-06-01,16,Tuesday,0,ST003,Market_3,Kazan,PR008,Product_8,Dairy,18,1785.42,1041.48,743.94,18,0,0.0,1785.42,1.0,130,0,0,1
2026-06-17,2026,6,2026-06,2026-06-01,17,Wednesday,0,ST003,Market_3,Kazan,PR008,Product_8,Dairy,24,2380.56,1388.6399999999999,991.9200000000001,24,0,0.0,2380.56,1.0,106,0,0,1
2026-06-18,2026,6,2026-06,2026-06-01,18,Thursday,0,ST003,Market_3,Kazan,PR008,Product_8,Dairy,21,2082.99,1215.06,867.9299999999998,21,0,0.0,2082.99,1.0,85,0,0,1
2026-06-19,2026,6,2026-06,2026-06-01,19,Friday,0,ST003,Market_3,Kazan,PR008,Product_8,Dairy,25,2479.75,1446.5,1033.25,25,0,0.0,2479.75,1.0,60,0,0,1
2026-06-20,2026,6,2026-06,2026-06-01,20,Saturday,1,ST003,Market_3,Kazan,PR008,Product_8,Dairy,34,3372.46,1967.24,1405.22,34,0,0.0,3372.46,1.0,26,350,0,1
2026-06-21,2026,6,2026-06,2026-06-01,21,Sunday,1,ST003,Market_3,Kazan,PR008,Product_8,Dairy,26,2578.94,1504.36,1074.5800000000002,35,9,892.71,3471.65,0.7428571428571429,0,0,1,0
2026-06-22,2026,6,2026-06,2026-06-01,22,Monday,0,ST003,Market_3,Kazan,PR008,Product_8,Dairy,28,2777.32,1620.08,1157.2400000000002,28,0,0.0,2777.3199999999997,1.0,322,0,0,1
2026-06-23,2026,6,2026-06,2026-06-01,23,Tuesday,0,ST003,Market_3,Kazan,PR008,Product_8,Dairy,26,2578.94,1504.36,1074.5800000000002,26,0,0.0,2578.94,1.0,296,0,0,1
2026-06-24,2026,6,2026-06,2026-06-01,24,Wednesday,0,ST003,Market_3,Kazan,PR008,Product_8,Dairy,34,3372.46,1967.24,1405.22,34,0,0.0,3372.46,1.0,262,0,0,1
2026-06-25,2026,6,2026-06,2026-06-01,25,Thursday,0,ST003,Market_3,Kazan,PR008,Product_8,Dairy,20,1983.8,1157.2,826.5999999999999,20,0,0.0,1983.8,1.0,242,0,0,1
2026-06-26,2026,6,2026-06,2026-06-01,26,Friday,0,ST003,Market_3,Kazan,PR008,Product_8,Dairy,25,2479.75,1446.5,1033.25,25,0,0.0,2479.75,1.0,217,0,0,1
2026-06-27,2026,6,2026-06,2026-06-01,27,Saturday,1,ST003,Market_3,Kazan,PR008,Product_8,Dairy,42,4165.98,2430.12,1735.8599999999997,42,0,0.0,4165.98,1.0,175,0,0,1
2026-06-28,2026,6,2026-06,2026-06-01,28,Sunday,1,ST003,Market_3,Kazan,PR008,Product_8,Dairy,31,3074.89,1793.66,1281.2299999999998,31,0,0.0,3074.89,1.0,144,0,0,1
2026-06-29,2026,6,2026-06,2026-06-01,29,Monday,0,ST003,Market_3,Kazan,PR008,Product_8,Dairy,25,2479.75,1446.5,1033.25,25,0,0.0,2479.75,1.0,119,0,0,1
2026-06-30,2026,6,2026-06,2026-06-01,30,Tuesday,0,ST003,Market_3,Kazan,PR008,Product_8,Dairy,32,3174.08,1851.52,1322.56,32,0,0.0,3174.08,1.0,87,0,0,1
2026-07-01,2026,7,2026-07,2026-07-01,1,Wednesday,0,ST003,Market_3,Kazan,PR008,Product_8,Dairy,24,2380.56,1388.6399999999999,991.9200000000001,24,0,0.0,2380.56,1.0,63,0,0,1
2026-07-02,2026,7,2026-07,2026-07-01,2,Thursday,0,ST003,Market_3,Kazan,PR008,Product_8,Dairy,29,2876.51,1677.94,1198.5700000000002,29,0,0.0,2876.5099999999998,1.0,34,350,0,1
2026-07-03,2026,7,2026-07,2026-07-01,3,Friday,0,ST003,Market_3,Kazan,PR008,Product_8,Dairy,24,2380.56,1388.6399999999999,991.9200000000001,24,0,0.0,2380.56,1.0,10,0,0,1
2026-07-04,2026,7,2026-07,2026-07-01,4,Saturday,1,ST003,Market_3,Kazan,PR008,Product_8,Dairy,37,3670.03,2140.82,1529.21,37,0,0.0,3670.0299999999997,1.0,323,0,0,1
2026-07-05,2026,7,2026-07,2026-07-01,5,Sunday,1,ST003,Market_3,Kazan,PR008,Product_8,Dairy,31,3074.89,1793.66,1281.2299999999998,31,0,0.0,3074.89,1.0,292,0,0,1
2026-07-06,2026,7,2026-07,2026-07-01,6,Monday,0,ST003,Market_3,Kazan,PR008,Product_8,Dairy,24,2380.56,1388.6399999999999,991.9200000000001,24,0,0.0,2380.56,1.0,268,0,0,1
2026-07-07,2026,7,2026-07,2026-07-01,7,Tuesday,0,ST003,Market_3,Kazan,PR008,Product_8,Dairy,35,3471.65,2025.1,1446.5500000000002,35,0,0.0,3471.65,1.0,233,0,0,1
2026-07-08,2026,7,2026-07,2026-07-01,8,Wednesday,0,ST003,Market_3,Kazan,PR008,Product_8,Dairy,16,1587.04,925.76,661.28,16,0,0.0,1587.04,1.0,217,0,0,1
2026-07-09,2026,7,2026-07,2026-07-01,9,Thursday,0,ST003,Market_3,Kazan,PR008,Product_8,Dairy,22,2182.18,1272.92,909.2599999999998,22,0,0.0,2182.18,1.0,195,0,0,1
2026-07-10,2026,7,2026-07,2026-07-01,10,Friday,0,ST003,Market_3,Kazan,PR008,Product_8,Dairy,21,2082.99,1215.06,867.9299999999998,21,0,0.0,2082.99,1.0,174,0,0,1
2026-07-11,2026,7,2026-07,2026-07-01,11,Saturday,1,ST003,Market_3,Kazan,PR008,Product_8,Dairy,35,3471.65,2025.1,1446.5500000000002,35,0,0.0,3471.65,1.0,139,0,0,1
2026-07-12,2026,7,2026-07,2026-07-01,12,Sunday,1,ST003,Market_3,Kazan,PR008,Product_8,Dairy,37,3670.03,2140.82,1529.21,37,0,0.0,3670.0299999999997,1.0,102,0,0,1
2026-07-13,2026,7,2026-07,2026-07-01,13,Monday,0,ST003,Market_3,Kazan,PR008,Product_8,Dairy,24,2380.56,1388.6399999999999,991.9200000000001,24,0,0.0,2380.56,1.0,78,0,0,1
2026-07-14,2026,7,2026-07,2026-07-01,14,Tuesday,0,ST003,Market_3,Kazan,PR008,Product_8,Dairy,22,2182.18,1272.92,909.2599999999998,22,0,0.0,2182.18,1.0,56,350,0,1
2026-07-15,2026,7,2026-07,2026-07-01,15,Wednesday,0,ST003,Market_3,Kazan,PR008,Product_8,Dairy,22,2182.18,1272.92,909.2599999999998,22,0,0.0,2182.18,1.0,34,0,0,1
2026-07-16,2026,7,2026-07,2026-07-01,16,Thursday,0,ST003,Market_3,Kazan,PR008,Product_8,Dairy,23,2281.37,1330.78,950.5899999999999,23,0,0.0,2281.37,1.0,361,0,0,1
2026-07-17,2026,7,2026-07,2026-07-01,17,Friday,0,ST003,Market_3,Kazan,PR008,Product_8,Dairy,25,2479.75,1446.5,1033.25,25,0,0.0,2479.75,1.0,336,0,0,1
2026-07-18,2026,7,2026-07,2026-07-01,18,Saturday,1,ST003,Market_3,Kazan,PR008,Product_8,Dairy,37,3670.03,2140.82,1529.21,37,0,0.0,3670.0299999999997,1.0,299,0,0,1
2026-07-19,2026,7,2026-07,2026-07-01,19,Sunday,1,ST003,Market_3,Kazan,PR008,Product_8,Dairy,34,3372.46,1967.24,1405.22,34,0,0.0,3372.46,1.0,265,0,0,1
2026-07-20,2026,7,2026-07,2026-07-01,20,Monday,0,ST003,Market_3,Kazan,PR008,Product_8,Dairy,30,2975.7,1735.8,1239.8999999999999,30,0,0.0,2975.7,1.0,235,0,0,1
2026-07-21,2026,7,2026-07,2026-07-01,21,Tuesday,0,ST003,Market_3,Kazan,PR008,Product_8,Dairy,28,2777.32,1620.08,1157.2400000000002,28,0,0.0,2777.3199999999997,1.0,207,0,0,1
2026-07-22,2026,7,2026-07,2026-07-01,22,Wednesday,0,ST003,Market_3,Kazan,PR008,Product_8,Dairy,24,2380.56,1388.6399999999999,991.9200000000001,24,0,0.0,2380.56,1.0,183,0,0,1
2026-07-23,2026,7,2026-07,2026-07-01,23,Thursday,0,ST003,Market_3,Kazan,PR008,Product_8,Dairy,19,1884.61,1099.34,785.27,19,0,0.0,1884.61,1.0,164,0,0,1
2026-07-24,2026,7,2026-07,2026-07-01,24,Friday,0,ST003,Market_3,Kazan,PR008,Product_8,Dairy,20,1983.8,1157.2,826.5999999999999,20,0,0.0,1983.8,1.0,144,0,0,1
2026-07-25,2026,7,2026-07,2026-07-01,25,Saturday,1,ST003,Market_3,Kazan,PR008,Product_8,Dairy,30,2975.7,1735.8,1239.8999999999999,30,0,0.0,2975.7,1.0,114,0,0,1
2026-07-26,2026,7,2026-07,2026-07-01,26,Sunday,1,ST003,Market_3,Kazan,PR008,Product_8,Dairy,33,3273.27,1909.3799999999999,1363.89,33,0,0.0,3273.27,1.0,81,0,0,1
2026-07-27,2026,7,2026-07,2026-07-01,27,Monday,0,ST003,Market_3,Kazan,PR008,Product_8,Dairy,26,2578.94,1504.36,1074.5800000000002,26,0,0.0,2578.94,1.0,55,350,0,1
2026-07-28,2026,7,2026-07,2026-07-01,28,Tuesday,0,ST003,Market_3,Kazan,PR008,Product_8,Dairy,29,2876.51,1677.94,1198.5700000000002,29,0,0.0,2876.5099999999998,1.0,26,0,0,1
2026-07-29,2026,7,2026-07,2026-07-01,29,Wednesday,0,ST003,Market_3,Kazan,PR008,Product_8,Dairy,24,2380.56,1388.6399999999999,991.9200000000001,24,0,0.0,2380.56,1.0,352,0,0,1
2026-07-30,2026,7,2026-07,2026-07-01,30,Thursday,0,ST003,Market_3,Kazan,PR008,Product_8,Dairy,25,2479.75,1446.5,1033.25,25,0,0.0,2479.75,1.0,327,0,0,1
2026-07-31,2026,7,2026-07,2026-07-01,31,Friday,0,ST003,Market_3,Kazan,PR008,Product_8,Dairy,26,2578.94,1504.36,1074.5800000000002,26,0,0.0,2578.94,1.0,301,0,0,1
2026-08-01,2026,8,2026-08,2026-08-01,1,Saturday,1,ST003,Market_3,Kazan,PR008,Product_8,Dairy,31,3074.89,1793.66,1281.2299999999998,31,0,0.0,3074.89,1.0,270,0,0,1
2026-08-02,2026,8,2026-08,2026-08-01,2,Sunday,1,ST003,Market_3,Kazan,PR008,Product_8,Dairy,27,2678.13,1562.22,1115.91,27,0,0.0,2678.13,1.0,243,0,0,1
2026-08-03,2026,8,2026-08,2026-08-01,3,Monday,0,ST003,Market_3,Kazan,PR008,Product_8,Dairy,29,2876.51,1677.94,1198.5700000000002,29,0,0.0,2876.5099999999998,1.0,214,0,0,1
2026-08-04,2026,8,2026-08,2026-08-01,4,Tuesday,0,ST003,Market_3,Kazan,PR008,Product_8,Dairy,28,2777.32,1620.08,1157.2400000000002,28,0,0.0,2777.3199999999997,1.0,186,0,0,1
2026-08-05,2026,8,2026-08,2026-08-01,5,Wednesday,0,ST003,Market_3,Kazan,PR008,Product_8,Dairy,18,1785.42,1041.48,743.94,18,0,0.0,1785.42,1.0,168,0,0,1
2026-08-06,2026,8,2026-08,2026-08-01,6,Thursday,0,ST003,Market_3,Kazan,PR008,Product_8,Dairy,20,1983.8,1157.2,826.5999999999999,20,0,0.0,1983.8,1.0,148,0,0,1
2026-08-07,2026,8,2026-08,2026-08-01,7,Friday,0,ST003,Market_3,Kazan,PR008,Product_8,Dairy,23,2281.37,1330.78,950.5899999999999,23,0,0.0,2281.37,1.0,125,0,0,1
2026-08-08,2026,8,2026-08,2026-08-01,8,Saturday,1,ST003,Market_3,Kazan,PR008,Product_8,Dairy,40,3967.6,2314.4,1653.1999999999998,40,0,0.0,3967.6,1.0,85,0,0,1
2026-08-09,2026,8,2026-08,2026-08-01,9,Sunday,1,ST003,Market_3,Kazan,PR008,Product_8,Dairy,38,3769.22,2198.68,1570.54,38,0,0.0,3769.22,1.0,47,0,0,1
2026-08-10,2026,8,2026-08,2026-08-01,10,Monday,0,ST003,Market_3,Kazan,PR008,Product_8,Dairy,30,2975.7,1735.8,1239.8999999999999,30,0,0.0,2975.7,1.0,17,350,0,1
2026-08-11,2026,8,2026-08,2026-08-01,11,Tuesday,0,ST003,Market_3,Kazan,PR008,Product_8,Dairy,17,1686.23,983.62,702.61,26,9,892.71,2578.94,0.6538461538461539,0,0,1,0
2026-08-12,2026,8,2026-08,2026-08-01,12,Wednesday,0,ST003,Market_3,Kazan,PR008,Product_8,Dairy,24,2380.56,1388.6399999999999,991.9200000000001,24,0,0.0,2380.56,1.0,326,0,0,1
2026-08-13,2026,8,2026-08,2026-08-01,13,Thursday,0,ST003,Market_3,Kazan,PR008,Product_8,Dairy,24,2380.56,1388.6399999999999,991.9200000000001,24,0,0.0,2380.56,1.0,302,0,0,1
2026-08-14,2026,8,2026-08,2026-08-01,14,Friday,0,ST003,Market_3,Kazan,PR008,Product_8,Dairy,28,2777.32,1620.08,1157.2400000000002,28,0,0.0,2777.3199999999997,1.0,274,0,0,1
2026-08-15,2026,8,2026-08,2026-08-01,15,Saturday,1,ST003,Market_3,Kazan,PR008,Product_8,Dairy,26,2578.94,1504.36,1074.5800000000002,26,0,0.0,2578.94,1.0,248,0,0,1
2026-08-16,2026,8,2026-08,2026-08-01,16,Sunday,1,ST003,Market_3,Kazan,PR008,Product_8,Dairy,24,2380.56,1388.6399999999999,991.9200000000001,24,0,0.0,2380.56,1.0,224,0,0,1
2026-08-17,2026,8,2026-08,2026-08-01,17,Monday,0,ST003,Market_3,Kazan,PR008,Product_8,Dairy,25,2479.75,1446.5,1033.25,25,0,0.0,2479.75,1.0,199,0,0,1
2026-08-18,2026,8,2026-08,2026-08-01,18,Tuesday,0,ST003,Market_3,Kazan,PR008,Product_8,Dairy,19,1884.61,1099.34,785.27,19,0,0.0,1884.61,1.0,180,0,0,1
2026-08-19,2026,8,2026-08,2026-08-01,19,Wednesday,0,ST003,Market_3,Kazan,PR008,Product_8,Dairy,16,1587.04,925.76,661.28,16,0,0.0,1587.04,1.0,164,0,0,1
2026-08-20,2026,8,2026-08,2026-08-01,20,Thursday,0,ST003,Market_3,Kazan,PR008,Product_8,Dairy,28,2777.32,1620.08,1157.2400000000002,28,0,0.0,2777.3199999999997,1.0,136,0,0,1
2026-08-21,2026,8,2026-08,2026-08-01,21,Friday,0,ST003,Market_3,Kazan,PR008,Product_8,Dairy,24,2380.56,1388.6399999999999,991.9200000000001,24,0,0.0,2380.56,1.0,112,0,0,1
2026-08-22,2026,8,2026-08,2026-08-01,22,Saturday,1,ST003,Market_3,Kazan,PR008,Product_8,Dairy,18,1785.42,1041.48,743.94,18,0,0.0,1785.42,1.0,94,0,0,1
2026-08-23,2026,8,2026-08,2026-08-01,23,Sunday,1,ST003,Market_3,Kazan,PR008,Product_8,Dairy,30,2975.7,1735.8,1239.8999999999999,30,0,0.0,2975.7,1.0,64,350,0,1
2026-08-24,2026,8,2026-08,2026-08-01,24,Monday,0,ST003,Market_3,Kazan,PR008,Product_8,Dairy,29,2876.51,1677.94,1198.5700000000002,29,0,0.0,2876.5099999999998,1.0,35,0,0,1
2026-08-25,2026,8,2026-08,2026-08-01,25,Tuesday,0,ST003,Market_3,Kazan,PR008,Product_8,Dairy,23,2281.37,1330.78,950.5899999999999,23,0,0.0,2281.37,1.0,362,0,0,1
2026-08-26,2026,8,2026-08,2026-08-01,26,Wednesday,0,ST003,Market_3,Kazan,PR008,Product_8,Dairy,29,2876.51,1677.94,1198.5700000000002,29,0,0.0,2876.5099999999998,1.0,333,0,0,1
2026-08-27,2026,8,2026-08,2026-08-01,27,Thursday,0,ST003,Market_3,Kazan,PR008,Product_8,Dairy,29,2876.51,1677.94,1198.5700000000002,29,0,0.0,2876.5099999999998,1.0,304,0,0,1
2026-08-28,2026,8,2026-08,2026-08-01,28,Friday,0,ST003,Market_3,Kazan,PR008,Product_8,Dairy,34,3372.46,1967.24,1405.22,34,0,0.0,3372.46,1.0,270,0,0,1
2026-08-29,2026,8,2026-08,2026-08-01,29,Saturday,1,ST003,Market_3,Kazan,PR008,Product_8,Dairy,35,3471.65,2025.1,1446.5500000000002,35,0,0.0,3471.65,1.0,235,0,0,1
2026-08-30,2026,8,2026-08,2026-08-01,30,Sunday,1,ST003,Market_3,Kazan,PR008,Product_8,Dairy,46,4562.74,2661.56,1901.1799999999998,46,0,0.0,4562.74,1.0,189,0,0,1
2026-08-31,2026,8,2026-08,2026-08-01,31,Monday,0,ST003,Market_3,Kazan,PR008,Product_8,Dairy,18,1785.42,1041.48,743.94,18,0,0.0,1785.42,1.0,171,0,0,1
2026-09-01,2026,9,2026-09,2026-09-01,1,Tuesday,0,ST003,Market_3,Kazan,PR008,Product_8,Dairy,18,1785.42,1041.48,743.94,18,0,0.0,1785.42,1.0,153,0,0,1
2026-09-02,2026,9,2026-09,2026-09-01,2,Wednesday,0,ST003,Market_3,Kazan,PR008,Product_8,Dairy,26,2578.94,1504.36,1074.5800000000002,26,0,0.0,2578.94,1.0,127,0,0,1
2026-09-03,2026,9,2026-09,2026-09-01,3,Thursday,0,ST003,Market_3,Kazan,PR008,Product_8,Dairy,23,2281.37,1330.78,950.5899999999999,23,0,0.0,2281.37,1.0,104,0,0,1
2026-09-04,2026,9,2026-09,2026-09-01,4,Friday,0,ST003,Market_3,Kazan,PR008,Product_8,Dairy,25,2479.75,1446.5,1033.25,25,0,0.0,2479.75,1.0,79,0,0,1
2026-09-05,2026,9,2026-09,2026-09-01,5,Saturday,1,ST003,Market_3,Kazan,PR008,Product_8,Dairy,27,2678.13,1562.22,1115.91,27,0,0.0,2678.13,1.0,52,0,0,1
2026-09-06,2026,9,2026-09,2026-09-01,6,Sunday,1,ST003,Market_3,Kazan,PR008,Product_8,Dairy,22,2182.18,1272.92,909.2599999999998,22,0,0.0,2182.18,1.0,30,350,0,1
2026-09-07,2026,9,2026-09,2026-09-01,7,Monday,0,ST003,Market_3,Kazan,PR008,Product_8,Dairy,24,2380.56,1388.6399999999999,991.9200000000001,24,0,0.0,2380.56,1.0,6,0,0,1
2026-06-10,2026,6,2026-06,2026-06-01,10,Wednesday,0,ST003,Market_3,Kazan,PR009,Product_9,Dairy,9,1324.44,895.86,428.58000000000004,9,0,0.0,1324.44,1.0,75,0,0,1
2026-06-11,2026,6,2026-06,2026-06-01,11,Thursday,0,ST003,Market_3,Kazan,PR009,Product_9,Dairy,7,1030.12,696.7800000000001,333.3399999999998,7,0,0.0,1030.12,1.0,68,0,0,1
2026-06-12,2026,6,2026-06,2026-06-01,12,Friday,0,ST003,Market_3,Kazan,PR009,Product_9,Dairy,6,882.96,597.24,285.72,6,0,0.0,882.96,1.0,62,0,0,1
2026-06-13,2026,6,2026-06,2026-06-01,13,Saturday,1,ST003,Market_3,Kazan,PR009,Product_9,Dairy,12,1765.92,1194.48,571.44,12,0,0.0,1765.92,1.0,50,0,0,1
2026-06-14,2026,6,2026-06,2026-06-01,14,Sunday,1,ST003,Market_3,Kazan,PR009,Product_9,Dairy,9,1324.44,895.86,428.58000000000004,9,0,0.0,1324.44,1.0,41,0,0,1
2026-06-15,2026,6,2026-06,2026-06-01,15,Monday,0,ST003,Market_3,Kazan,PR009,Product_9,Dairy,6,882.96,597.24,285.72,6,0,0.0,882.96,1.0,35,0,0,1
2026-06-16,2026,6,2026-06,2026-06-01,16,Tuesday,0,ST003,Market_3,Kazan,PR009,Product_9,Dairy,5,735.8,497.70000000000005,238.0999999999999,5,0,0.0,735.8,1.0,30,0,0,1
2026-06-17,2026,6,2026-06,2026-06-01,17,Wednesday,0,ST003,Market_3,Kazan,PR009,Product_9,Dairy,9,1324.44,895.86,428.58000000000004,9,0,0.0,1324.44,1.0,21,0,0,1
2026-06-18,2026,6,2026-06,2026-06-01,18,Thursday,0,ST003,Market_3,Kazan,PR009,Product_9,Dairy,5,735.8,497.70000000000005,238.0999999999999,5,0,0.0,735.8,1.0,16,0,0,1
2026-06-19,2026,6,2026-06,2026-06-01,19,Friday,0,ST003,Market_3,Kazan,PR009,Product_9,Dairy,7,1030.12,696.7800000000001,333.3399999999998,7,0,0.0,1030.12,1.0,9,84,0,1
2026-06-20,2026,6,2026-06,2026-06-01,20,Saturday,1,ST003,Market_3,Kazan,PR009,Product_9,Dairy,7,1030.12,696.7800000000001,333.3399999999998,7,0,0.0,1030.12,1.0,2,0,0,1
2026-06-21,2026,6,2026-06,2026-06-01,21,Sunday,1,ST003,Market_3,Kazan,PR009,Product_9,Dairy,9,1324.44,895.86,428.58000000000004,9,0,0.0,1324.44,1.0,77,0,0,1
2026-06-22,2026,6,2026-06,2026-06-01,22,Monday,0,ST003,Market_3,Kazan,PR009,Product_9,Dairy,7,1030.12,696.7800000000001,333.3399999999998,7,0,0.0,1030.12,1.0,70,0,0,1
2026-06-23,2026,6,2026-06,2026-06-01,23,Tuesday,0,ST003,Market_3,Kazan,PR009,Product_9,Dairy,3,441.48,298.62,142.86,3,0,0.0,441.48,1.0,67,0,0,1
2026-06-24,2026,6,2026-06,2026-06-01,24,Wednesday,0,ST003,Market_3,Kazan,PR009,Product_9,Dairy,3,441.48,298.62,142.86,3,0,0.0,441.48,1.0,64,0,0,1
2026-06-25,2026,6,2026-06,2026-06-01,25,Thursday,0,ST003,Market_3,Kazan,PR009,Product_9,Dairy,6,882.96,597.24,285.72,6,0,0.0,882.96,1.0,58,0,0,1
2026-06-26,2026,6,2026-06,2026-06-01,26,Friday,0,ST003,Market_3,Kazan,PR009,Product_9,Dairy,2,294.32,199.08,95.23999999999998,2,0,0.0,294.32,1.0,56,0,0,1
2026-06-27,2026,6,2026-06,2026-06-01,27,Saturday,1,ST003,Market_3,Kazan,PR009,Product_9,Dairy,6,882.96,597.24,285.72,6,0,0.0,882.96,1.0,50,0,0,1
2026-06-28,2026,6,2026-06,2026-06-01,28,Sunday,1,ST003,Market_3,Kazan,PR009,Product_9,Dairy,9,1324.44,895.86,428.58000000000004,9,0,0.0,1324.44,1.0,41,0,0,1
2026-06-29,2026,6,2026-06,2026-06-01,29,Monday,0,ST003,Market_3,Kazan,PR009,Product_9,Dairy,4,588.64,398.16,190.47999999999996,4,0,0.0,588.64,1.0,37,0,0,1
2026-06-30,2026,6,2026-06,2026-06-01,30,Tuesday,0,ST003,Market_3,Kazan,PR009,Product_9,Dairy,5,735.8,497.70000000000005,238.0999999999999,5,0,0.0,735.8,1.0,32,0,0,1
2026-07-01,2026,7,2026-07,2026-07-01,1,Wednesday,0,ST003,Market_3,Kazan,PR009,Product_9,Dairy,6,882.96,597.24,285.72,6,0,0.0,882.96,1.0,26,0,0,1
2026-07-02,2026,7,2026-07,2026-07-01,2,Thursday,0,ST003,Market_3,Kazan,PR009,Product_9,Dairy,6,882.96,597.24,285.72,6,0,0.0,882.96,1.0,20,0,0,1
2026-07-03,2026,7,2026-07,2026-07-01,3,Friday,0,ST003,Market_3,Kazan,PR009,Product_9,Dairy,3,441.48,298.62,142.86,3,0,0.0,441.48,1.0,17,0,0,1
2026-07-04,2026,7,2026-07,2026-07-01,4,Saturday,1,ST003,Market_3,Kazan,PR009,Product_9,Dairy,8,1177.28,796.32,380.9599999999999,8,0,0.0,1177.28,1.0,9,84,0,1
2026-07-05,2026,7,2026-07,2026-07-01,5,Sunday,1,ST003,Market_3,Kazan,PR009,Product_9,Dairy,4,588.64,398.16,190.47999999999996,4,0,0.0,588.64,1.0,5,0,0,1
2026-07-06,2026,7,2026-07,2026-07-01,6,Monday,0,ST003,Market_3,Kazan,PR009,Product_9,Dairy,14,2060.24,1393.5600000000002,666.6799999999996,14,0,0.0,2060.24,1.0,75,0,0,1
2026-07-07,2026,7,2026-07,2026-07-01,7,Tuesday,0,ST003,Market_3,Kazan,PR009,Product_9,Dairy,6,882.96,597.24,285.72,6,0,0.0,882.96,1.0,69,0,0,1
2026-07-08,2026,7,2026-07,2026-07-01,8,Wednesday,0,ST003,Market_3,Kazan,PR009,Product_9,Dairy,5,735.8,497.70000000000005,238.0999999999999,5,0,0.0,735.8,1.0,64,0,0,1
2026-07-09,2026,7,2026-07,2026-07-01,9,Thursday,0,ST003,Market_3,Kazan,PR009,Product_9,Dairy,4,588.64,398.16,190.47999999999996,4,0,0.0,588.64,1.0,60,0,0,1
2026-07-10,2026,7,2026-07,2026-07-01,10,Friday,0,ST003,Market_3,Kazan,PR009,Product_9,Dairy,7,1030.12,696.7800000000001,333.3399999999998,7,0,0.0,1030.12,1.0,53,0,0,1
2026-07-11,2026,7,2026-07,2026-07-01,11,Saturday,1,ST003,Market_3,Kazan,PR009,Product_9,Dairy,4,588.64,398.16,190.47999999999996,4,0,0.0,588.64,1.0,49,0,0,1
2026-07-12,2026,7,2026-07,2026-07-01,12,Sunday,1,ST003,Market_3,Kazan,PR009,Product_9,Dairy,8,1177.28,796.32,380.9599999999999,8,0,0.0,1177.28,1.0,41,0,0,1
2026-07-13,2026,7,2026-07,2026-07-01,13,Monday,0,ST003,Market_3,Kazan,PR009,Product_9,Dairy,8,1177.28,796.32,380.9599999999999,8,0,0.0,1177.28,1.0,33,0,0,1
2026-07-14,2026,7,2026-07,2026-07-01,14,Tuesday,0,ST003,Market_3,Kazan,PR009,Product_9,Dairy,6,882.96,597.24,285.72,6,0,0.0,882.96,1.0,27,0,0,1
2026-07-15,2026,7,2026-07,2026-07-01,15,Wednesday,0,ST003,Market_3,Kazan,PR009,Product_9,Dairy,7,1030.12,696.7800000000001,333.3399999999998,7,0,0.0,1030.12,1.0,20,0,0,1
2026-07-16,2026,7,2026-07,2026-07-01,16,Thursday,0,ST003,Market_3,Kazan,PR009,Product_9,Dairy,6,882.96,597.24,285.72,6,0,0.0,882.96,1.0,14,0,0,1
2026-07-17,2026,7,2026-07,2026-07-01,17,Friday,0,ST003,Market_3,Kazan,PR009,Product_9,Dairy,2,294.32,199.08,95.23999999999998,2,0,0.0,294.32,1.0,12,84,0,1
2026-07-18,2026,7,2026-07,2026-07-01,18,Saturday,1,ST003,Market_3,Kazan,PR009,Product_9,Dairy,10,1471.6,995.4000000000001,476.1999999999998,10,0,0.0,1471.6,1.0,2,0,0,1
2026-07-19,2026,7,2026-07,2026-07-01,19,Sunday,1,ST003,Market_3,Kazan,PR009,Product_9,Dairy,6,882.96,597.24,285.72,6,0,0.0,882.96,1.0,80,0,0,1
2026-07-20,2026,7,2026-07,2026-07-01,20,Monday,0,ST003,Market_3,Kazan,PR009,Product_9,Dairy,4,588.64,398.16,190.47999999999996,4,0,0.0,588.64,1.0,76,0,0,1
2026-07-21,2026,7,2026-07,2026-07-01,21,Tuesday,0,ST003,Market_3,Kazan,PR009,Product_9,Dairy,9,1324.44,895.86,428.58000000000004,9,0,0.0,1324.44,1.0,67,0,0,1
2026-07-22,2026,7,2026-07,2026-07-01,22,Wednesday,0,ST003,Market_3,Kazan,PR009,Product_9,Dairy,7,1030.12,696.7800000000001,333.3399999999998,7,0,0.0,1030.12,1.0,60,0,0,1
2026-07-23,2026,7,2026-07,2026-07-01,23,Thursday,0,ST003,Market_3,Kazan,PR009,Product_9,Dairy,1,147.16,99.54,47.61999999999999,1,0,0.0,147.16,1.0,59,0,0,1
2026-07-24,2026,7,2026-07,2026-07-01,24,Friday,0,ST003,Market_3,Kazan,PR009,Product_9,Dairy,10,1471.6,995.4000000000001,476.1999999999998,10,0,0.0,1471.6,1.0,49,0,0,1
2026-07-25,2026,7,2026-07,2026-07-01,25,Saturday,1,ST003,Market_3,Kazan,PR009,Product_9,Dairy,17,2501.72,1692.18,809.5399999999997,17,0,0.0,2501.72,1.0,32,0,0,1
2026-07-26,2026,7,2026-07,2026-07-01,26,Sunday,1,ST003,Market_3,Kazan,PR009,Product_9,Dairy,9,1324.44,895.86,428.58000000000004,9,0,0.0,1324.44,1.0,23,0,0,1
2026-07-27,2026,7,2026-07,2026-07-01,27,Monday,0,ST003,Market_3,Kazan,PR009,Product_9,Dairy,3,441.48,298.62,142.86,3,0,0.0,441.48,1.0,20,0,0,1
2026-07-28,2026,7,2026-07,2026-07-01,28,Tuesday,0,ST003,Market_3,Kazan,PR009,Product_9,Dairy,3,441.48,298.62,142.86,3,0,0.0,441.48,1.0,17,0,0,1
2026-07-29,2026,7,2026-07,2026-07-01,29,Wednesday,0,ST003,Market_3,Kazan,PR009,Product_9,Dairy,7,1030.12,696.7800000000001,333.3399999999998,7,0,0.0,1030.12,1.0,10,84,0,1
2026-07-30,2026,7,2026-07,2026-07-01,30,Thursday,0,ST003,Market_3,Kazan,PR009,Product_9,Dairy,6,882.96,597.24,285.72,6,0,0.0,882.96,1.0,4,0,0,1
2026-07-31,2026,7,2026-07,2026-07-01,31,Friday,0,ST003,Market_3,Kazan,PR009,Product_9,Dairy,5,735.8,497.70000000000005,238.0999999999999,5,0,0.0,735.8,1.0,83,0,0,1
2026-08-01,2026,8,2026-08,2026-08-01,1,Saturday,1,ST003,Market_3,Kazan,PR009,Product_9,Dairy,4,588.64,398.16,190.47999999999996,4,0,0.0,588.64,1.0,79,0,0,1
2026-08-02,2026,8,2026-08,2026-08-01,2,Sunday,1,ST003,Market_3,Kazan,PR009,Product_9,Dairy,7,1030.12,696.7800000000001,333.3399999999998,7,0,0.0,1030.12,1.0,72,0,0,1
2026-08-03,2026,8,2026-08,2026-08-01,3,Monday,0,ST003,Market_3,Kazan,PR009,Product_9,Dairy,9,1324.44,895.86,428.58000000000004,9,0,0.0,1324.44,1.0,63,0,0,1
2026-08-04,2026,8,2026-08,2026-08-01,4,Tuesday,0,ST003,Market_3,Kazan,PR009,Product_9,Dairy,3,441.48,298.62,142.86,3,0,0.0,441.48,1.0,60,0,0,1
2026-08-05,2026,8,2026-08,2026-08-01,5,Wednesday,0,ST003,Market_3,Kazan,PR009,Product_9,Dairy,2,294.32,199.08,95.23999999999998,2,0,0.0,294.32,1.0,58,0,0,1
2026-08-06,2026,8,2026-08,2026-08-01,6,Thursday,0,ST003,Market_3,Kazan,PR009,Product_9,Dairy,5,735.8,497.70000000000005,238.0999999999999,5,0,0.0,735.8,1.0,53,0,0,1
2026-08-07,2026,8,2026-08,2026-08-01,7,Friday,0,ST003,Market_3,Kazan,PR009,Product_9,Dairy,7,1030.12,696.7800000000001,333.3399999999998,7,0,0.0,1030.12,1.0,46,0,0,1
2026-08-08,2026,8,2026-08,2026-08-01,8,Saturday,1,ST003,Market_3,Kazan,PR009,Product_9,Dairy,12,1765.92,1194.48,571.44,12,0,0.0,1765.92,1.0,34,0,0,1
2026-08-09,2026,8,2026-08,2026-08-01,9,Sunday,1,ST003,Market_3,Kazan,PR009,Product_9,Dairy,11,1618.76,1094.94,523.8199999999999,11,0,0.0,1618.76,1.0,23,0,0,1
2026-08-10,2026,8,2026-08,2026-08-01,10,Monday,0,ST003,Market_3,Kazan,PR009,Product_9,Dairy,8,1177.28,796.32,380.9599999999999,8,0,0.0,1177.28,1.0,15,0,0,1
2026-08-11,2026,8,2026-08,2026-08-01,11,Tuesday,0,ST003,Market_3,Kazan,PR009,Product_9,Dairy,6,882.96,597.24,285.72,6,0,0.0,882.96,1.0,9,0,0,1
2026-08-12,2026,8,2026-08,2026-08-01,12,Wednesday,0,ST003,Market_3,Kazan,PR009,Product_9,Dairy,8,1177.28,796.32,380.9599999999999,8,0,0.0,1177.28,1.0,1,84,0,1
2026-08-13,2026,8,2026-08,2026-08-01,13,Thursday,0,ST003,Market_3,Kazan,PR009,Product_9,Dairy,1,147.16,99.54,47.61999999999999,4,3,441.48,588.64,0.25,0,0,1,0
2026-08-14,2026,8,2026-08,2026-08-01,14,Friday,0,ST003,Market_3,Kazan,PR009,Product_9,Dairy,3,441.48,298.62,142.86,3,0,0.0,441.48,1.0,81,0,0,1
2026-08-15,2026,8,2026-08,2026-08-01,15,Saturday,1,ST003,Market_3,Kazan,PR009,Product_9,Dairy,9,1324.44,895.86,428.58000000000004,9,0,0.0,1324.44,1.0,72,0,0,1
2026-08-16,2026,8,2026-08,2026-08-01,16,Sunday,1,ST003,Market_3,Kazan,PR009,Product_9,Dairy,8,1177.28,796.32,380.9599999999999,8,0,0.0,1177.28,1.0,64,0,0,1
2026-08-17,2026,8,2026-08,2026-08-01,17,Monday,0,ST003,Market_3,Kazan,PR009,Product_9,Dairy,9,1324.44,895.86,428.58000000000004,9,0,0.0,1324.44,1.0,55,0,0,1
2026-08-18,2026,8,2026-08,2026-08-01,18,Tuesday,0,ST003,Market_3,Kazan,PR009,Product_9,Dairy,4,588.64,398.16,190.47999999999996,4,0,0.0,588.64,1.0,51,0,0,1
2026-08-19,2026,8,2026-08,2026-08-01,19,Wednesday,0,ST003,Market_3,Kazan,PR009,Product_9,Dairy,9,1324.44,895.86,428.58000000000004,9,0,0.0,1324.44,1.0,42,0,0,1
2026-08-20,2026,8,2026-08,2026-08-01,20,Thursday,0,ST003,Market_3,Kazan,PR009,Product_9,Dairy,5,735.8,497.70000000000005,238.0999999999999,5,0,0.0,735.8,1.0,37,0,0,1
2026-08-21,2026,8,2026-08,2026-08-01,21,Friday,0,ST003,Market_3,Kazan,PR009,Product_9,Dairy,5,735.8,497.70000000000005,238.0999999999999,5,0,0.0,735.8,1.0,32,0,0,1
2026-08-22,2026,8,2026-08,2026-08-01,22,Saturday,1,ST003,Market_3,Kazan,PR009,Product_9,Dairy,11,1618.76,1094.94,523.8199999999999,11,0,0.0,1618.76,1.0,21,0,0,1
2026-08-23,2026,8,2026-08,2026-08-01,23,Sunday,1,ST003,Market_3,Kazan,PR009,Product_9,Dairy,7,1030.12,696.7800000000001,333.3399999999998,7,0,0.0,1030.12,1.0,14,0,0,1
2026-08-24,2026,8,2026-08,2026-08-01,24,Monday,0,ST003,Market_3,Kazan,PR009,Product_9,Dairy,2,294.32,199.08,95.23999999999998,2,0,0.0,294.32,1.0,12,0,0,1
2026-08-25,2026,8,2026-08,2026-08-01,25,Tuesday,0,ST003,Market_3,Kazan,PR009,Product_9,Dairy,9,1324.44,895.86,428.58000000000004,9,0,0.0,1324.44,1.0,3,84,0,1
2026-08-26,2026,8,2026-08,2026-08-01,26,Wednesday,0,ST003,Market_3,Kazan,PR009,Product_9,Dairy,3,441.48,298.62,142.86,6,3,441.48,882.96,0.5,0,0,1,0
2026-08-27,2026,8,2026-08,2026-08-01,27,Thursday,0,ST003,Market_3,Kazan,PR009,Product_9,Dairy,4,588.64,398.16,190.47999999999996,4,0,0.0,588.64,1.0,80,0,0,1
2026-08-28,2026,8,2026-08,2026-08-01,28,Friday,0,ST003,Market_3,Kazan,PR009,Product_9,Dairy,5,735.8,497.70000000000005,238.0999999999999,5,0,0.0,735.8,1.0,75,0,0,1
2026-08-29,2026,8,2026-08,2026-08-01,29,Saturday,1,ST003,Market_3,Kazan,PR009,Product_9,Dairy,6,882.96,597.24,285.72,6,0,0.0,882.96,1.0,69,0,0,1
2026-08-30,2026,8,2026-08,2026-08-01,30,Sunday,1,ST003,Market_3,Kazan,PR009,Product_9,Dairy,11,1618.76,1094.94,523.8199999999999,11,0,0.0,1618.76,1.0,58,0,0,1
2026-08-31,2026,8,2026-08,2026-08-01,31,Monday,0,ST003,Market_3,Kazan,PR009,Product_9,Dairy,6,882.96,597.24,285.72,6,0,0.0,882.96,1.0,52,0,0,1
2026-09-01,2026,9,2026-09,2026-09-01,1,Tuesday,0,ST003,Market_3,Kazan,PR009,Product_9,Dairy,9,1324.44,895.86,428.58000000000004,9,0,0.0,1324.44,1.0,43,0,0,1
2026-09-02,2026,9,2026-09,2026-09-01,2,Wednesday,0,ST003,Market_3,Kazan,PR009,Product_9,Dairy,4,588.64,398.16,190.47999999999996,4,0,0.0,588.64,1.0,39,0,0,1
2026-09-03,2026,9,2026-09,2026-09-01,3,Thursday,0,ST003,Market_3,Kazan,PR009,Product_9,Dairy,6,882.96,597.24,285.72,6,0,0.0,882.96,1.0,33,0,0,1
2026-09-04,2026,9,2026-09,2026-09-01,4,Friday,0,ST003,Market_3,Kazan,PR009,Product_9,Dairy,8,1177.28,796.32,380.9599999999999,8,0,0.0,1177.28,1.0,25,0,0,1
2026-09-05,2026,9,2026-09,2026-09-01,5,Saturday,1,ST003,Market_3,Kazan,PR009,Product_9,Dairy,14,2060.24,1393.5600000000002,666.6799999999996,14,0,0.0,2060.24,1.0,11,0,0,1
2026-09-06,2026,9,2026-09,2026-09-01,6,Sunday,1,ST003,Market_3,Kazan,PR009,Product_9,Dairy,11,1618.76,1094.94,523.8199999999999,13,2,294.32,1913.08,0.8461538461538461,0,0,1,0
2026-09-07,2026,9,2026-09,2026-09-01,7,Monday,0,ST003,Market_3,Kazan,PR009,Product_9,Dairy,0,0.0,0.0,0.0,2,2,294.32,294.32,0.0,0,84,1,0
2026-06-10,2026,6,2026-06,2026-06-01,10,Wednesday,0,ST003,Market_3,Kazan,PR010,Product_10,Dairy,29,1592.97,1105.77,487.20000000000005,29,0,0.0,1592.97,1.0,307,0,0,1
2026-06-11,2026,6,2026-06,2026-06-01,11,Thursday,0,ST003,Market_3,Kazan,PR010,Product_10,Dairy,23,1263.39,876.99,386.4000000000001,23,0,0.0,1263.39,1.0,284,0,0,1
2026-06-12,2026,6,2026-06,2026-06-01,12,Friday,0,ST003,Market_3,Kazan,PR010,Product_10,Dairy,31,1702.83,1182.03,520.8,31,0,0.0,1702.83,1.0,253,0,0,1
2026-06-13,2026,6,2026-06,2026-06-01,13,Saturday,1,ST003,Market_3,Kazan,PR010,Product_10,Dairy,39,2142.27,1487.0700000000002,655.1999999999998,39,0,0.0,2142.27,1.0,214,0,0,1
2026-06-14,2026,6,2026-06,2026-06-01,14,Sunday,1,ST003,Market_3,Kazan,PR010,Product_10,Dairy,28,1538.04,1067.64,470.39999999999986,28,0,0.0,1538.04,1.0,186,0,0,1
2026-06-15,2026,6,2026-06,2026-06-01,15,Monday,0,ST003,Market_3,Kazan,PR010,Product_10,Dairy,28,1538.04,1067.64,470.39999999999986,28,0,0.0,1538.04,1.0,158,0,0,1
2026-06-16,2026,6,2026-06,2026-06-01,16,Tuesday,0,ST003,Market_3,Kazan,PR010,Product_10,Dairy,27,1483.11,1029.51,453.5999999999999,27,0,0.0,1483.11,1.0,131,0,0,1
2026-06-17,2026,6,2026-06,2026-06-01,17,Wednesday,0,ST003,Market_3,Kazan,PR010,Product_10,Dairy,20,1098.6,762.6,335.9999999999999,20,0,0.0,1098.6,1.0,111,0,0,1
2026-06-18,2026,6,2026-06,2026-06-01,18,Thursday,0,ST003,Market_3,Kazan,PR010,Product_10,Dairy,21,1153.53,800.73,352.79999999999995,21,0,0.0,1153.53,1.0,90,0,0,1
2026-06-19,2026,6,2026-06,2026-06-01,19,Friday,0,ST003,Market_3,Kazan,PR010,Product_10,Dairy,24,1318.32,915.1200000000001,403.1999999999998,24,0,0.0,1318.32,1.0,66,0,0,1
2026-06-20,2026,6,2026-06,2026-06-01,20,Saturday,1,ST003,Market_3,Kazan,PR010,Product_10,Dairy,37,2032.41,1410.8100000000002,621.5999999999999,37,0,0.0,2032.41,1.0,29,0,0,1
2026-06-21,2026,6,2026-06,2026-06-01,21,Sunday,1,ST003,Market_3,Kazan,PR010,Product_10,Dairy,29,1592.97,1105.77,487.20000000000005,34,5,274.65,1867.62,0.8529411764705882,0,336,1,0
2026-06-22,2026,6,2026-06,2026-06-01,22,Monday,0,ST003,Market_3,Kazan,PR010,Product_10,Dairy,0,0.0,0.0,0.0,26,26,1428.18,1428.18,0.0,0,0,1,0
2026-06-23,2026,6,2026-06,2026-06-01,23,Tuesday,0,ST003,Market_3,Kazan,PR010,Product_10,Dairy,26,1428.18,991.3800000000001,436.79999999999995,26,0,0.0,1428.18,1.0,310,0,0,1
2026-06-24,2026,6,2026-06,2026-06-01,24,Wednesday,0,ST003,Market_3,Kazan,PR010,Product_10,Dairy,19,1043.67,724.47,319.20000000000005,19,0,0.0,1043.67,1.0,291,0,0,1
2026-06-25,2026,6,2026-06,2026-06-01,25,Thursday,0,ST003,Market_3,Kazan,PR010,Product_10,Dairy,21,1153.53,800.73,352.79999999999995,21,0,0.0,1153.53,1.0,270,0,0,1
2026-06-26,2026,6,2026-06,2026-06-01,26,Friday,0,ST003,Market_3,Kazan,PR010,Product_10,Dairy,32,1757.76,1220.16,537.5999999999999,32,0,0.0,1757.76,1.0,238,0,0,1
2026-06-27,2026,6,2026-06,2026-06-01,27,Saturday,1,ST003,Market_3,Kazan,PR010,Product_10,Dairy,40,2197.2,1525.2,671.9999999999998,40,0,0.0,2197.2,1.0,198,0,0,1
2026-06-28,2026,6,2026-06,2026-06-01,28,Sunday,1,ST003,Market_3,Kazan,PR010,Product_10,Dairy,38,2087.34,1448.94,638.4000000000001,38,0,0.0,2087.34,1.0,160,0,0,1
2026-06-29,2026,6,2026-06,2026-06-01,29,Monday,0,ST003,Market_3,Kazan,PR010,Product_10,Dairy,33,1812.69,1258.2900000000002,554.3999999999999,33,0,0.0,1812.69,1.0,127,0,0,1
2026-06-30,2026,6,2026-06,2026-06-01,30,Tuesday,0,ST003,Market_3,Kazan,PR010,Product_10,Dairy,20,1098.6,762.6,335.9999999999999,20,0,0.0,1098.6,1.0,107,0,0,1
2026-07-01,2026,7,2026-07,2026-07-01,1,Wednesday,0,ST003,Market_3,Kazan,PR010,Product_10,Dairy,19,1043.67,724.47,319.20000000000005,19,0,0.0,1043.67,1.0,88,0,0,1
2026-07-02,2026,7,2026-07,2026-07-01,2,Thursday,0,ST003,Market_3,Kazan,PR010,Product_10,Dairy,24,1318.32,915.1200000000001,403.1999999999998,24,0,0.0,1318.32,1.0,64,0,0,1
2026-07-03,2026,7,2026-07,2026-07-01,3,Friday,0,ST003,Market_3,Kazan,PR010,Product_10,Dairy,21,1153.53,800.73,352.79999999999995,21,0,0.0,1153.53,1.0,43,0,0,1
2026-07-04,2026,7,2026-07,2026-07-01,4,Saturday,1,ST003,Market_3,Kazan,PR010,Product_10,Dairy,41,2252.13,1563.3300000000002,688.8,41,0,0.0,2252.13,1.0,2,336,0,1
2026-07-05,2026,7,2026-07,2026-07-01,5,Sunday,1,ST003,Market_3,Kazan,PR010,Product_10,Dairy,2,109.86,76.26,33.599999999999994,36,34,1867.62,1977.48,0.05555555555555555,0,0,1,0
2026-07-06,2026,7,2026-07,2026-07-01,6,Monday,0,ST003,Market_3,Kazan,PR010,Product_10,Dairy,21,1153.53,800.73,352.79999999999995,21,0,0.0,1153.53,1.0,315,0,0,1
2026-07-07,2026,7,2026-07,2026-07-01,7,Tuesday,0,ST003,Market_3,Kazan,PR010,Product_10,Dairy,23,1263.39,876.99,386.4000000000001,23,0,0.0,1263.39,1.0,292,0,0,1
2026-07-08,2026,7,2026-07,2026-07-01,8,Wednesday,0,ST003,Market_3,Kazan,PR010,Product_10,Dairy,19,1043.67,724.47,319.20000000000005,19,0,0.0,1043.67,1.0,273,0,0,1
2026-07-09,2026,7,2026-07,2026-07-01,9,Thursday,0,ST003,Market_3,Kazan,PR010,Product_10,Dairy,23,1263.39,876.99,386.4000000000001,23,0,0.0,1263.39,1.0,250,0,0,1
2026-07-10,2026,7,2026-07,2026-07-01,10,Friday,0,ST003,Market_3,Kazan,PR010,Product_10,Dairy,25,1373.25,953.2500000000001,419.9999999999999,25,0,0.0,1373.25,1.0,225,0,0,1
2026-07-11,2026,7,2026-07,2026-07-01,11,Saturday,1,ST003,Market_3,Kazan,PR010,Product_10,Dairy,25,1373.25,953.2500000000001,419.9999999999999,25,0,0.0,1373.25,1.0,200,0,0,1
2026-07-12,2026,7,2026-07,2026-07-01,12,Sunday,1,ST003,Market_3,Kazan,PR010,Product_10,Dairy,31,1702.83,1182.03,520.8,31,0,0.0,1702.83,1.0,169,0,0,1
2026-07-13,2026,7,2026-07,2026-07-01,13,Monday,0,ST003,Market_3,Kazan,PR010,Product_10,Dairy,22,1208.46,838.86,369.6,22,0,0.0,1208.46,1.0,147,0,0,1
2026-07-14,2026,7,2026-07,2026-07-01,14,Tuesday,0,ST003,Market_3,Kazan,PR010,Product_10,Dairy,28,1538.04,1067.64,470.39999999999986,28,0,0.0,1538.04,1.0,119,0,0,1
2026-07-15,2026,7,2026-07,2026-07-01,15,Wednesday,0,ST003,Market_3,Kazan,PR010,Product_10,Dairy,33,1812.69,1258.2900000000002,554.3999999999999,33,0,0.0,1812.69,1.0,86,0,0,1
2026-07-16,2026,7,2026-07,2026-07-01,16,Thursday,0,ST003,Market_3,Kazan,PR010,Product_10,Dairy,24,1318.32,915.1200000000001,403.1999999999998,24,0,0.0,1318.32,1.0,62,0,0,1
2026-07-17,2026,7,2026-07,2026-07-01,17,Friday,0,ST003,Market_3,Kazan,PR010,Product_10,Dairy,22,1208.46,838.86,369.6,22,0,0.0,1208.46,1.0,40,336,0,1
2026-07-18,2026,7,2026-07,2026-07-01,18,Saturday,1,ST003,Market_3,Kazan,PR010,Product_10,Dairy,38,2087.34,1448.94,638.4000000000001,38,0,0.0,2087.34,1.0,2,0,0,1
2026-07-19,2026,7,2026-07,2026-07-01,19,Sunday,1,ST003,Market_3,Kazan,PR010,Product_10,Dairy,44,2416.92,1677.72,739.2,44,0,0.0,2416.92,1.0,294,0,0,1
2026-07-20,2026,7,2026-07,2026-07-01,20,Monday,0,ST003,Market_3,Kazan,PR010,Product_10,Dairy,24,1318.32,915.1200000000001,403.1999999999998,24,0,0.0,1318.32,1.0,270,0,0,1
2026-07-21,2026,7,2026-07,2026-07-01,21,Tuesday,0,ST003,Market_3,Kazan,PR010,Product_10,Dairy,20,1098.6,762.6,335.9999999999999,20,0,0.0,1098.6,1.0,250,0,0,1
2026-07-22,2026,7,2026-07,2026-07-01,22,Wednesday,0,ST003,Market_3,Kazan,PR010,Product_10,Dairy,22,1208.46,838.86,369.6,22,0,0.0,1208.46,1.0,228,0,0,1
2026-07-23,2026,7,2026-07,2026-07-01,23,Thursday,0,ST003,Market_3,Kazan,PR010,Product_10,Dairy,23,1263.39,876.99,386.4000000000001,23,0,0.0,1263.39,1.0,205,0,0,1
2026-07-24,2026,7,2026-07,2026-07-01,24,Friday,0,ST003,Market_3,Kazan,PR010,Product_10,Dairy,32,1757.76,1220.16,537.5999999999999,32,0,0.0,1757.76,1.0,173,0,0,1
2026-07-25,2026,7,2026-07,2026-07-01,25,Saturday,1,ST003,Market_3,Kazan,PR010,Product_10,Dairy,33,1812.69,1258.2900000000002,554.3999999999999,33,0,0.0,1812.69,1.0,140,0,0,1
2026-07-26,2026,7,2026-07,2026-07-01,26,Sunday,1,ST003,Market_3,Kazan,PR010,Product_10,Dairy,36,1977.48,1372.68,604.8,36,0,0.0,1977.48,1.0,104,0,0,1
2026-07-27,2026,7,2026-07,2026-07-01,27,Monday,0,ST003,Market_3,Kazan,PR010,Product_10,Dairy,16,878.88,610.08,268.79999999999995,16,0,0.0,878.88,1.0,88,0,0,1
2026-07-28,2026,7,2026-07,2026-07-01,28,Tuesday,0,ST003,Market_3,Kazan,PR010,Product_10,Dairy,23,1263.39,876.99,386.4000000000001,23,0,0.0,1263.39,1.0,65,0,0,1
2026-07-29,2026,7,2026-07,2026-07-01,29,Wednesday,0,ST003,Market_3,Kazan,PR010,Product_10,Dairy,21,1153.53,800.73,352.79999999999995,21,0,0.0,1153.53,1.0,44,0,0,1
2026-07-30,2026,7,2026-07,2026-07-01,30,Thursday,0,ST003,Market_3,Kazan,PR010,Product_10,Dairy,26,1428.18,991.3800000000001,436.79999999999995,26,0,0.0,1428.18,1.0,18,336,0,1
2026-07-31,2026,7,2026-07,2026-07-01,31,Friday,0,ST003,Market_3,Kazan,PR010,Product_10,Dairy,17,933.81,648.21,285.5999999999999,17,0,0.0,933.81,1.0,1,0,0,1
2026-08-01,2026,8,2026-08,2026-08-01,1,Saturday,1,ST003,Market_3,Kazan,PR010,Product_10,Dairy,25,1373.25,953.2500000000001,419.9999999999999,25,0,0.0,1373.25,1.0,312,0,0,1
2026-08-02,2026,8,2026-08,2026-08-01,2,Sunday,1,ST003,Market_3,Kazan,PR010,Product_10,Dairy,34,1867.62,1296.42,571.1999999999998,34,0,0.0,1867.62,1.0,278,0,0,1
2026-08-03,2026,8,2026-08,2026-08-01,3,Monday,0,ST003,Market_3,Kazan,PR010,Product_10,Dairy,18,988.74,686.34,302.4,18,0,0.0,988.74,1.0,260,0,0,1
2026-08-04,2026,8,2026-08,2026-08-01,4,Tuesday,0,ST003,Market_3,Kazan,PR010,Product_10,Dairy,26,1428.18,991.3800000000001,436.79999999999995,26,0,0.0,1428.18,1.0,234,0,0,1
2026-08-05,2026,8,2026-08,2026-08-01,5,Wednesday,0,ST003,Market_3,Kazan,PR010,Product_10,Dairy,25,1373.25,953.2500000000001,419.9999999999999,25,0,0.0,1373.25,1.0,209,0,0,1
2026-08-06,2026,8,2026-08,2026-08-01,6,Thursday,0,ST003,Market_3,Kazan,PR010,Product_10,Dairy,22,1208.46,838.86,369.6,22,0,0.0,1208.46,1.0,187,0,0,1
2026-08-07,2026,8,2026-08,2026-08-01,7,Friday,0,ST003,Market_3,Kazan,PR010,Product_10,Dairy,20,1098.6,762.6,335.9999999999999,20,0,0.0,1098.6,1.0,167,0,0,1
2026-08-08,2026,8,2026-08,2026-08-01,8,Saturday,1,ST003,Market_3,Kazan,PR010,Product_10,Dairy,43,2361.99,1639.5900000000001,722.3999999999996,43,0,0.0,2361.99,1.0,124,0,0,1
2026-08-09,2026,8,2026-08,2026-08-01,9,Sunday,1,ST003,Market_3,Kazan,PR010,Product_10,Dairy,25,1373.25,953.2500000000001,419.9999999999999,25,0,0.0,1373.25,1.0,99,0,0,1
2026-08-10,2026,8,2026-08,2026-08-01,10,Monday,0,ST003,Market_3,Kazan,PR010,Product_10,Dairy,20,1098.6,762.6,335.9999999999999,20,0,0.0,1098.6,1.0,79,0,0,1
2026-08-11,2026,8,2026-08,2026-08-01,11,Tuesday,0,ST003,Market_3,Kazan,PR010,Product_10,Dairy,26,1428.18,991.3800000000001,436.79999999999995,26,0,0.0,1428.18,1.0,53,0,0,1
2026-08-12,2026,8,2026-08,2026-08-01,12,Wednesday,0,ST003,Market_3,Kazan,PR010,Product_10,Dairy,20,1098.6,762.6,335.9999999999999,20,0,0.0,1098.6,1.0,33,336,0,1
2026-08-13,2026,8,2026-08,2026-08-01,13,Thursday,0,ST003,Market_3,Kazan,PR010,Product_10,Dairy,22,1208.46,838.86,369.6,22,0,0.0,1208.46,1.0,11,0,0,1
2026-08-14,2026,8,2026-08,2026-08-01,14,Friday,0,ST003,Market_3,Kazan,PR010,Product_10,Dairy,29,1592.97,1105.77,487.20000000000005,29,0,0.0,1592.97,1.0,318,0,0,1
2026-08-15,2026,8,2026-08,2026-08-01,15,Saturday,1,ST003,Market_3,Kazan,PR010,Product_10,Dairy,28,1538.04,1067.64,470.39999999999986,28,0,0.0,1538.04,1.0,290,0,0,1
2026-08-16,2026,8,2026-08,2026-08-01,16,Sunday,1,ST003,Market_3,Kazan,PR010,Product_10,Dairy,27,1483.11,1029.51,453.5999999999999,27,0,0.0,1483.11,1.0,263,0,0,1
2026-08-17,2026,8,2026-08,2026-08-01,17,Monday,0,ST003,Market_3,Kazan,PR010,Product_10,Dairy,22,1208.46,838.86,369.6,22,0,0.0,1208.46,1.0,241,0,0,1
2026-08-18,2026,8,2026-08,2026-08-01,18,Tuesday,0,ST003,Market_3,Kazan,PR010,Product_10,Dairy,18,988.74,686.34,302.4,18,0,0.0,988.74,1.0,223,0,0,1
2026-08-19,2026,8,2026-08,2026-08-01,19,Wednesday,0,ST003,Market_3,Kazan,PR010,Product_10,Dairy,24,1318.32,915.1200000000001,403.1999999999998,24,0,0.0,1318.32,1.0,199,0,0,1
2026-08-20,2026,8,2026-08,2026-08-01,20,Thursday,0,ST003,Market_3,Kazan,PR010,Product_10,Dairy,25,1373.25,953.2500000000001,419.9999999999999,25,0,0.0,1373.25,1.0,174,0,0,1
2026-08-21,2026,8,2026-08,2026-08-01,21,Friday,0,ST003,Market_3,Kazan,PR010,Product_10,Dairy,23,1263.39,876.99,386.4000000000001,23,0,0.0,1263.39,1.0,151,0,0,1
2026-08-22,2026,8,2026-08,2026-08-01,22,Saturday,1,ST003,Market_3,Kazan,PR010,Product_10,Dairy,42,2307.06,1601.46,705.5999999999999,42,0,0.0,2307.06,1.0,109,0,0,1
2026-08-23,2026,8,2026-08,2026-08-01,23,Sunday,1,ST003,Market_3,Kazan,PR010,Product_10,Dairy,25,1373.25,953.2500000000001,419.9999999999999,25,0,0.0,1373.25,1.0,84,0,0,1
2026-08-24,2026,8,2026-08,2026-08-01,24,Monday,0,ST003,Market_3,Kazan,PR010,Product_10,Dairy,26,1428.18,991.3800000000001,436.79999999999995,26,0,0.0,1428.18,1.0,58,0,0,1
2026-08-25,2026,8,2026-08,2026-08-01,25,Tuesday,0,ST003,Market_3,Kazan,PR010,Product_10,Dairy,22,1208.46,838.86,369.6,22,0,0.0,1208.46,1.0,36,336,0,1
2026-08-26,2026,8,2026-08,2026-08-01,26,Wednesday,0,ST003,Market_3,Kazan,PR010,Product_10,Dairy,14,769.02,533.82,235.19999999999993,14,0,0.0,769.02,1.0,22,0,0,1
2026-08-27,2026,8,2026-08,2026-08-01,27,Thursday,0,ST003,Market_3,Kazan,PR010,Product_10,Dairy,29,1592.97,1105.77,487.20000000000005,29,0,0.0,1592.97,1.0,329,0,0,1
2026-08-28,2026,8,2026-08,2026-08-01,28,Friday,0,ST003,Market_3,Kazan,PR010,Product_10,Dairy,16,878.88,610.08,268.79999999999995,16,0,0.0,878.88,1.0,313,0,0,1
2026-08-29,2026,8,2026-08,2026-08-01,29,Saturday,1,ST003,Market_3,Kazan,PR010,Product_10,Dairy,30,1647.9,1143.9,504.0,30,0,0.0,1647.9,1.0,283,0,0,1
2026-08-30,2026,8,2026-08,2026-08-01,30,Sunday,1,ST003,Market_3,Kazan,PR010,Product_10,Dairy,29,1592.97,1105.77,487.20000000000005,29,0,0.0,1592.97,1.0,254,0,0,1
2026-08-31,2026,8,2026-08,2026-08-01,31,Monday,0,ST003,Market_3,Kazan,PR010,Product_10,Dairy,27,1483.11,1029.51,453.5999999999999,27,0,0.0,1483.11,1.0,227,0,0,1
2026-09-01,2026,9,2026-09,2026-09-01,1,Tuesday,0,ST003,Market_3,Kazan,PR010,Product_10,Dairy,23,1263.39,876.99,386.4000000000001,23,0,0.0,1263.39,1.0,204,0,0,1
2026-09-02,2026,9,2026-09,2026-09-01,2,Wednesday,0,ST003,Market_3,Kazan,PR010,Product_10,Dairy,29,1592.97,1105.77,487.20000000000005,29,0,0.0,1592.97,1.0,175,0,0,1
2026-09-03,2026,9,2026-09,2026-09-01,3,Thursday,0,ST003,Market_3,Kazan,PR010,Product_10,Dairy,32,1757.76,1220.16,537.5999999999999,32,0,0.0,1757.76,1.0,143,0,0,1
2026-09-04,2026,9,2026-09,2026-09-01,4,Friday,0,ST003,Market_3,Kazan,PR010,Product_10,Dairy,25,1373.25,953.2500000000001,419.9999999999999,25,0,0.0,1373.25,1.0,118,0,0,1
2026-09-05,2026,9,2026-09,2026-09-01,5,Saturday,1,ST003,Market_3,Kazan,PR010,Product_10,Dairy,30,1647.9,1143.9,504.0,30,0,0.0,1647.9,1.0,88,0,0,1
2026-09-06,2026,9,2026-09,2026-09-01,6,Sunday,1,ST003,Market_3,Kazan,PR010,Product_10,Dairy,38,2087.34,1448.94,638.4000000000001,38,0,0.0,2087.34,1.0,50,0,0,1
2026-09-07,2026,9,2026-09,2026-09-01,7,Monday,0,ST003,Market_3,Kazan,PR010,Product_10,Dairy,18,988.74,686.34,302.4,18,0,0.0,988.74,1.0,32,0,0,1
2026-06-10,2026,6,2026-06,2026-06-01,10,Wednesday,0,ST003,Market_3,Kazan,PR011,Product_11,Household,14,1275.54,811.7199999999999,463.82000000000005,14,0,0.0,1275.54,1.0,252,0,0,1
2026-06-11,2026,6,2026-06,2026-06-01,11,Thursday,0,ST003,Market_3,Kazan,PR011,Product_11,Household,15,1366.65,869.6999999999999,496.95000000000016,15,0,0.0,1366.65,1.0,237,0,0,1
2026-06-12,2026,6,2026-06,2026-06-01,12,Friday,0,ST003,Market_3,Kazan,PR011,Product_11,Household,24,2186.64,1391.52,795.1199999999999,24,0,0.0,2186.64,1.0,213,0,0,1
2026-06-13,2026,6,2026-06,2026-06-01,13,Saturday,1,ST003,Market_3,Kazan,PR011,Product_11,Household,28,2551.08,1623.4399999999998,927.6400000000001,28,0,0.0,2551.08,1.0,185,0,0,1
2026-06-14,2026,6,2026-06,2026-06-01,14,Sunday,1,ST003,Market_3,Kazan,PR011,Product_11,Household,28,2551.08,1623.4399999999998,927.6400000000001,28,0,0.0,2551.08,1.0,157,0,0,1
2026-06-15,2026,6,2026-06,2026-06-01,15,Monday,0,ST003,Market_3,Kazan,PR011,Product_11,Household,25,2277.75,1449.5,828.25,25,0,0.0,2277.75,1.0,132,0,0,1
2026-06-16,2026,6,2026-06,2026-06-01,16,Tuesday,0,ST003,Market_3,Kazan,PR011,Product_11,Household,17,1548.87,985.66,563.2099999999999,17,0,0.0,1548.87,1.0,115,0,0,1
2026-06-17,2026,6,2026-06,2026-06-01,17,Wednesday,0,ST003,Market_3,Kazan,PR011,Product_11,Household,21,1913.31,1217.58,695.73,21,0,0.0,1913.31,1.0,94,0,0,1
2026-06-18,2026,6,2026-06,2026-06-01,18,Thursday,0,ST003,Market_3,Kazan,PR011,Product_11,Household,18,1639.98,1043.6399999999999,596.3400000000001,18,0,0.0,1639.98,1.0,76,0,0,1
2026-06-19,2026,6,2026-06,2026-06-01,19,Friday,0,ST003,Market_3,Kazan,PR011,Product_11,Household,14,1275.54,811.7199999999999,463.82000000000005,14,0,0.0,1275.54,1.0,62,0,0,1
2026-06-20,2026,6,2026-06,2026-06-01,20,Saturday,1,ST003,Market_3,Kazan,PR011,Product_11,Household,17,1548.87,985.66,563.2099999999999,17,0,0.0,1548.87,1.0,45,266,0,1
2026-06-21,2026,6,2026-06,2026-06-01,21,Sunday,1,ST003,Market_3,Kazan,PR011,Product_11,Household,24,2186.64,1391.52,795.1199999999999,24,0,0.0,2186.64,1.0,21,0,0,1
2026-06-22,2026,6,2026-06,2026-06-01,22,Monday,0,ST003,Market_3,Kazan,PR011,Product_11,Household,22,2004.42,1275.56,728.8600000000001,22,0,0.0,2004.42,1.0,265,0,0,1
2026-06-23,2026,6,2026-06,2026-06-01,23,Tuesday,0,ST003,Market_3,Kazan,PR011,Product_11,Household,21,1913.31,1217.58,695.73,21,0,0.0,1913.31,1.0,244,0,0,1
2026-06-24,2026,6,2026-06,2026-06-01,24,Wednesday,0,ST003,Market_3,Kazan,PR011,Product_11,Household,19,1731.09,1101.62,629.47,19,0,0.0,1731.09,1.0,225,0,0,1
2026-06-25,2026,6,2026-06,2026-06-01,25,Thursday,0,ST003,Market_3,Kazan,PR011,Product_11,Household,24,2186.64,1391.52,795.1199999999999,24,0,0.0,2186.64,1.0,201,0,0,1
2026-06-26,2026,6,2026-06,2026-06-01,26,Friday,0,ST003,Market_3,Kazan,PR011,Product_11,Household,16,1457.76,927.68,530.08,16,0,0.0,1457.76,1.0,185,0,0,1
2026-06-27,2026,6,2026-06,2026-06-01,27,Saturday,1,ST003,Market_3,Kazan,PR011,Product_11,Household,29,2642.19,1681.4199999999998,960.7700000000002,29,0,0.0,2642.19,1.0,156,0,0,1
2026-06-28,2026,6,2026-06,2026-06-01,28,Sunday,1,ST003,Market_3,Kazan,PR011,Product_11,Household,14,1275.54,811.7199999999999,463.82000000000005,14,0,0.0,1275.54,1.0,142,0,0,1
2026-06-29,2026,6,2026-06,2026-06-01,29,Monday,0,ST003,Market_3,Kazan,PR011,Product_11,Household,17,1548.87,985.66,563.2099999999999,17,0,0.0,1548.87,1.0,125,0,0,1
2026-06-30,2026,6,2026-06,2026-06-01,30,Tuesday,0,ST003,Market_3,Kazan,PR011,Product_11,Household,16,1457.76,927.68,530.08,16,0,0.0,1457.76,1.0,109,0,0,1
2026-07-01,2026,7,2026-07,2026-07-01,1,Wednesday,0,ST003,Market_3,Kazan,PR011,Product_11,Household,15,1366.65,869.6999999999999,496.95000000000016,15,0,0.0,1366.65,1.0,94,0,0,1
2026-07-02,2026,7,2026-07,2026-07-01,2,Thursday,0,ST003,Market_3,Kazan,PR011,Product_11,Household,27,2459.97,1565.4599999999998,894.51,27,0,0.0,2459.97,1.0,67,0,0,1
2026-07-03,2026,7,2026-07,2026-07-01,3,Friday,0,ST003,Market_3,Kazan,PR011,Product_11,Household,15,1366.65,869.6999999999999,496.95000000000016,15,0,0.0,1366.65,1.0,52,266,0,1
2026-07-04,2026,7,2026-07,2026-07-01,4,Saturday,1,ST003,Market_3,Kazan,PR011,Product_11,Household,36,3279.96,2087.2799999999997,1192.6800000000003,36,0,0.0,3279.96,1.0,16,0,0,1
2026-07-05,2026,7,2026-07,2026-07-01,5,Sunday,1,ST003,Market_3,Kazan,PR011,Product_11,Household,31,2824.41,1797.3799999999999,1027.03,31,0,0.0,2824.41,1.0,251,0,0,1
2026-07-06,2026,7,2026-07,2026-07-01,6,Monday,0,ST003,Market_3,Kazan,PR011,Product_11,Household,24,2186.64,1391.52,795.1199999999999,24,0,0.0,2186.64,1.0,227,0,0,1
2026-07-07,2026,7,2026-07,2026-07-01,7,Tuesday,0,ST003,Market_3,Kazan,PR011,Product_11,Household,16,1457.76,927.68,530.08,16,0,0.0,1457.76,1.0,211,0,0,1
2026-07-08,2026,7,2026-07,2026-07-01,8,Wednesday,0,ST003,Market_3,Kazan,PR011,Product_11,Household,15,1366.65,869.6999999999999,496.95000000000016,15,0,0.0,1366.65,1.0,196,0,0,1
2026-07-09,2026,7,2026-07,2026-07-01,9,Thursday,0,ST003,Market_3,Kazan,PR011,Product_11,Household,14,1275.54,811.7199999999999,463.82000000000005,14,0,0.0,1275.54,1.0,182,0,0,1
2026-07-10,2026,7,2026-07,2026-07-01,10,Friday,0,ST003,Market_3,Kazan,PR011,Product_11,Household,17,1548.87,985.66,563.2099999999999,17,0,0.0,1548.87,1.0,165,0,0,1
2026-07-11,2026,7,2026-07,2026-07-01,11,Saturday,1,ST003,Market_3,Kazan,PR011,Product_11,Household,34,3097.74,1971.32,1126.4199999999998,34,0,0.0,3097.74,1.0,131,0,0,1
2026-07-12,2026,7,2026-07,2026-07-01,12,Sunday,1,ST003,Market_3,Kazan,PR011,Product_11,Household,25,2277.75,1449.5,828.25,25,0,0.0,2277.75,1.0,106,0,0,1
2026-07-13,2026,7,2026-07,2026-07-01,13,Monday,0,ST003,Market_3,Kazan,PR011,Product_11,Household,17,1548.87,985.66,563.2099999999999,17,0,0.0,1548.87,1.0,89,0,0,1
2026-07-14,2026,7,2026-07,2026-07-01,14,Tuesday,0,ST003,Market_3,Kazan,PR011,Product_11,Household,18,1639.98,1043.6399999999999,596.3400000000001,18,0,0.0,1639.98,1.0,71,0,0,1
2026-07-15,2026,7,2026-07,2026-07-01,15,Wednesday,0,ST003,Market_3,Kazan,PR011,Product_11,Household,20,1822.2,1159.6,662.6000000000001,20,0,0.0,1822.2,1.0,51,0,0,1
2026-07-16,2026,7,2026-07,2026-07-01,16,Thursday,0,ST003,Market_3,Kazan,PR011,Product_11,Household,16,1457.76,927.68,530.08,16,0,0.0,1457.76,1.0,35,0,0,1
2026-07-17,2026,7,2026-07,2026-07-01,17,Friday,0,ST003,Market_3,Kazan,PR011,Product_11,Household,15,1366.65,869.6999999999999,496.95000000000016,15,0,0.0,1366.65,1.0,20,266,0,1
2026-07-18,2026,7,2026-07,2026-07-01,18,Saturday,1,ST003,Market_3,Kazan,PR011,Product_11,Household,20,1822.2,1159.6,662.6000000000001,26,6,546.66,2368.86,0.7692307692307693,0,0,1,0
2026-07-19,2026,7,2026-07,2026-07-01,19,Sunday,1,ST003,Market_3,Kazan,PR011,Product_11,Household,38,3462.18,2203.24,1258.94,38,0,0.0,3462.18,1.0,228,0,0,1
2026-07-20,2026,7,2026-07,2026-07-01,20,Monday,0,ST003,Market_3,Kazan,PR011,Product_11,Household,17,1548.87,985.66,563.2099999999999,17,0,0.0,1548.87,1.0,211,0,0,1
2026-07-21,2026,7,2026-07,2026-07-01,21,Tuesday,0,ST003,Market_3,Kazan,PR011,Product_11,Household,14,1275.54,811.7199999999999,463.82000000000005,14,0,0.0,1275.54,1.0,197,0,0,1
2026-07-22,2026,7,2026-07,2026-07-01,22,Wednesday,0,ST003,Market_3,Kazan,PR011,Product_11,Household,23,2095.53,1333.54,761.9900000000002,23,0,0.0,2095.53,1.0,174,0,0,1
2026-07-23,2026,7,2026-07,2026-07-01,23,Thursday,0,ST003,Market_3,Kazan,PR011,Product_11,Household,19,1731.09,1101.62,629.47,19,0,0.0,1731.09,1.0,155,0,0,1
2026-07-24,2026,7,2026-07,2026-07-01,24,Friday,0,ST003,Market_3,Kazan,PR011,Product_11,Household,20,1822.2,1159.6,662.6000000000001,20,0,0.0,1822.2,1.0,135,0,0,1
2026-07-25,2026,7,2026-07,2026-07-01,25,Saturday,1,ST003,Market_3,Kazan,PR011,Product_11,Household,28,2551.08,1623.4399999999998,927.6400000000001,28,0,0.0,2551.08,1.0,107,0,0,1
2026-07-26,2026,7,2026-07,2026-07-01,26,Sunday,1,ST003,Market_3,Kazan,PR011,Product_11,Household,29,2642.19,1681.4199999999998,960.7700000000002,29,0,0.0,2642.19,1.0,78,0,0,1
2026-07-27,2026,7,2026-07,2026-07-01,27,Monday,0,ST003,Market_3,Kazan,PR011,Product_11,Household,20,1822.2,1159.6,662.6000000000001,20,0,0.0,1822.2,1.0,58,0,0,1
2026-07-28,2026,7,2026-07,2026-07-01,28,Tuesday,0,ST003,Market_3,Kazan,PR011,Product_11,Household,17,1548.87,985.66,563.2099999999999,17,0,0.0,1548.87,1.0,41,0,0,1
2026-07-29,2026,7,2026-07,2026-07-01,29,Wednesday,0,ST003,Market_3,Kazan,PR011,Product_11,Household,25,2277.75,1449.5,828.25,25,0,0.0,2277.75,1.0,16,266,0,1
2026-07-30,2026,7,2026-07,2026-07-01,30,Thursday,0,ST003,Market_3,Kazan,PR011,Product_11,Household,16,1457.76,927.68,530.08,27,11,1002.21,2459.97,0.5925925925925926,0,0,1,0
2026-07-31,2026,7,2026-07,2026-07-01,31,Friday,0,ST003,Market_3,Kazan,PR011,Product_11,Household,19,1731.09,1101.62,629.47,19,0,0.0,1731.09,1.0,247,0,0,1
2026-08-01,2026,8,2026-08,2026-08-01,1,Saturday,1,ST003,Market_3,Kazan,PR011,Product_11,Household,21,1913.31,1217.58,695.73,21,0,0.0,1913.31,1.0,226,0,0,1
2026-08-02,2026,8,2026-08,2026-08-01,2,Sunday,1,ST003,Market_3,Kazan,PR011,Product_11,Household,29,2642.19,1681.4199999999998,960.7700000000002,29,0,0.0,2642.19,1.0,197,0,0,1
2026-08-03,2026,8,2026-08,2026-08-01,3,Monday,0,ST003,Market_3,Kazan,PR011,Product_11,Household,25,2277.75,1449.5,828.25,25,0,0.0,2277.75,1.0,172,0,0,1
2026-08-04,2026,8,2026-08,2026-08-01,4,Tuesday,0,ST003,Market_3,Kazan,PR011,Product_11,Household,19,1731.09,1101.62,629.47,19,0,0.0,1731.09,1.0,153,0,0,1
2026-08-05,2026,8,2026-08,2026-08-01,5,Wednesday,0,ST003,Market_3,Kazan,PR011,Product_11,Household,22,2004.42,1275.56,728.8600000000001,22,0,0.0,2004.42,1.0,131,0,0,1
2026-08-06,2026,8,2026-08,2026-08-01,6,Thursday,0,ST003,Market_3,Kazan,PR011,Product_11,Household,20,1822.2,1159.6,662.6000000000001,20,0,0.0,1822.2,1.0,111,0,0,1
2026-08-07,2026,8,2026-08,2026-08-01,7,Friday,0,ST003,Market_3,Kazan,PR011,Product_11,Household,28,2551.08,1623.4399999999998,927.6400000000001,28,0,0.0,2551.08,1.0,83,0,0,1
2026-08-08,2026,8,2026-08,2026-08-01,8,Saturday,1,ST003,Market_3,Kazan,PR011,Product_11,Household,28,2551.08,1623.4399999999998,927.6400000000001,28,0,0.0,2551.08,1.0,55,0,0,1
2026-08-09,2026,8,2026-08,2026-08-01,9,Sunday,1,ST003,Market_3,Kazan,PR011,Product_11,Household,26,2368.86,1507.48,861.3800000000001,26,0,0.0,2368.86,1.0,29,0,0,1
2026-08-10,2026,8,2026-08,2026-08-01,10,Monday,0,ST003,Market_3,Kazan,PR011,Product_11,Household,29,2642.19,1681.4199999999998,960.7700000000002,33,4,364.44,3006.63,0.8787878787878788,0,266,1,0
2026-08-11,2026,8,2026-08,2026-08-01,11,Tuesday,0,ST003,Market_3,Kazan,PR011,Product_11,Household,0,0.0,0.0,0.0,19,19,1731.09,1731.09,0.0,0,0,1,0
2026-08-12,2026,8,2026-08,2026-08-01,12,Wednesday,0,ST003,Market_3,Kazan,PR011,Product_11,Household,19,1731.09,1101.62,629.47,19,0,0.0,1731.09,1.0,247,0,0,1
2026-08-13,2026,8,2026-08,2026-08-01,13,Thursday,0,ST003,Market_3,Kazan,PR011,Product_11,Household,9,819.99,521.8199999999999,298.1700000000001,9,0,0.0,819.99,1.0,238,0,0,1
2026-08-14,2026,8,2026-08,2026-08-01,14,Friday,0,ST003,Market_3,Kazan,PR011,Product_11,Household,15,1366.65,869.6999999999999,496.95000000000016,15,0,0.0,1366.65,1.0,223,0,0,1
2026-08-15,2026,8,2026-08,2026-08-01,15,Saturday,1,ST003,Market_3,Kazan,PR011,Product_11,Household,26,2368.86,1507.48,861.3800000000001,26,0,0.0,2368.86,1.0,197,0,0,1
2026-08-16,2026,8,2026-08,2026-08-01,16,Sunday,1,ST003,Market_3,Kazan,PR011,Product_11,Household,19,1731.09,1101.62,629.47,19,0,0.0,1731.09,1.0,178,0,0,1
2026-08-17,2026,8,2026-08,2026-08-01,17,Monday,0,ST003,Market_3,Kazan,PR011,Product_11,Household,23,2095.53,1333.54,761.9900000000002,23,0,0.0,2095.53,1.0,155,0,0,1
2026-08-18,2026,8,2026-08,2026-08-01,18,Tuesday,0,ST003,Market_3,Kazan,PR011,Product_11,Household,22,2004.42,1275.56,728.8600000000001,22,0,0.0,2004.42,1.0,133,0,0,1
2026-08-19,2026,8,2026-08,2026-08-01,19,Wednesday,0,ST003,Market_3,Kazan,PR011,Product_11,Household,16,1457.76,927.68,530.08,16,0,0.0,1457.76,1.0,117,0,0,1
2026-08-20,2026,8,2026-08,2026-08-01,20,Thursday,0,ST003,Market_3,Kazan,PR011,Product_11,Household,18,1639.98,1043.6399999999999,596.3400000000001,18,0,0.0,1639.98,1.0,99,0,0,1
2026-08-21,2026,8,2026-08,2026-08-01,21,Friday,0,ST003,Market_3,Kazan,PR011,Product_11,Household,25,2277.75,1449.5,828.25,25,0,0.0,2277.75,1.0,74,0,0,1
2026-08-22,2026,8,2026-08,2026-08-01,22,Saturday,1,ST003,Market_3,Kazan,PR011,Product_11,Household,31,2824.41,1797.3799999999999,1027.03,31,0,0.0,2824.41,1.0,43,0,0,1
2026-08-23,2026,8,2026-08,2026-08-01,23,Sunday,1,ST003,Market_3,Kazan,PR011,Product_11,Household,25,2277.75,1449.5,828.25,25,0,0.0,2277.75,1.0,18,266,0,1
2026-08-24,2026,8,2026-08,2026-08-01,24,Monday,0,ST003,Market_3,Kazan,PR011,Product_11,Household,18,1639.98,1043.6399999999999,596.3400000000001,20,2,182.22,1822.2,0.9,0,0,1,0
2026-08-25,2026,8,2026-08,2026-08-01,25,Tuesday,0,ST003,Market_3,Kazan,PR011,Product_11,Household,13,1184.43,753.74,430.69000000000005,13,0,0.0,1184.43,1.0,253,0,0,1
2026-08-26,2026,8,2026-08,2026-08-01,26,Wednesday,0,ST003,Market_3,Kazan,PR011,Product_11,Household,17,1548.87,985.66,563.2099999999999,17,0,0.0,1548.87,1.0,236,0,0,1
2026-08-27,2026,8,2026-08,2026-08-01,27,Thursday,0,ST003,Market_3,Kazan,PR011,Product_11,Household,27,2459.97,1565.4599999999998,894.51,27,0,0.0,2459.97,1.0,209,0,0,1
2026-08-28,2026,8,2026-08,2026-08-01,28,Friday,0,ST003,Market_3,Kazan,PR011,Product_11,Household,20,1822.2,1159.6,662.6000000000001,20,0,0.0,1822.2,1.0,189,0,0,1
2026-08-29,2026,8,2026-08,2026-08-01,29,Saturday,1,ST003,Market_3,Kazan,PR011,Product_11,Household,31,2824.41,1797.3799999999999,1027.03,31,0,0.0,2824.41,1.0,158,0,0,1
2026-08-30,2026,8,2026-08,2026-08-01,30,Sunday,1,ST003,Market_3,Kazan,PR011,Product_11,Household,28,2551.08,1623.4399999999998,927.6400000000001,28,0,0.0,2551.08,1.0,130,0,0,1
2026-08-31,2026,8,2026-08,2026-08-01,31,Monday,0,ST003,Market_3,Kazan,PR011,Product_11,Household,18,1639.98,1043.6399999999999,596.3400000000001,18,0,0.0,1639.98,1.0,112,0,0,1
2026-09-01,2026,9,2026-09,2026-09-01,1,Tuesday,0,ST003,Market_3,Kazan,PR011,Product_11,Household,17,1548.87,985.66,563.2099999999999,17,0,0.0,1548.87,1.0,95,0,0,1
2026-09-02,2026,9,2026-09,2026-09-01,2,Wednesday,0,ST003,Market_3,Kazan,PR011,Product_11,Household,13,1184.43,753.74,430.69000000000005,13,0,0.0,1184.43,1.0,82,0,0,1
2026-09-03,2026,9,2026-09,2026-09-01,3,Thursday,0,ST003,Market_3,Kazan,PR011,Product_11,Household,10,911.1,579.8,331.30000000000007,10,0,0.0,911.1,1.0,72,0,0,1
2026-09-04,2026,9,2026-09,2026-09-01,4,Friday,0,ST003,Market_3,Kazan,PR011,Product_11,Household,11,1002.21,637.78,364.43000000000006,11,0,0.0,1002.21,1.0,61,266,0,1
2026-09-05,2026,9,2026-09,2026-09-01,5,Saturday,1,ST003,Market_3,Kazan,PR011,Product_11,Household,18,1639.98,1043.6399999999999,596.3400000000001,18,0,0.0,1639.98,1.0,43,0,0,1
2026-09-06,2026,9,2026-09,2026-09-01,6,Sunday,1,ST003,Market_3,Kazan,PR011,Product_11,Household,23,2095.53,1333.54,761.9900000000002,23,0,0.0,2095.53,1.0,286,0,0,1
2026-09-07,2026,9,2026-09,2026-09-01,7,Monday,0,ST003,Market_3,Kazan,PR011,Product_11,Household,25,2277.75,1449.5,828.25,25,0,0.0,2277.75,1.0,261,0,0,1
2026-06-10,2026,6,2026-06,2026-06-01,10,Wednesday,0,ST003,Market_3,Kazan,PR012,Product_12,Beverages,8,741.44,541.04,200.4000000000001,8,0,0.0,741.44,1.0,146,0,0,1
2026-06-11,2026,6,2026-06,2026-06-01,11,Thursday,0,ST003,Market_3,Kazan,PR012,Product_12,Beverages,14,1297.52,946.8199999999999,350.70000000000005,14,0,0.0,1297.52,1.0,132,0,0,1
2026-06-12,2026,6,2026-06,2026-06-01,12,Friday,0,ST003,Market_3,Kazan,PR012,Product_12,Beverages,12,1112.16,811.56,300.60000000000014,12,0,0.0,1112.16,1.0,120,0,0,1
2026-06-13,2026,6,2026-06,2026-06-01,13,Saturday,1,ST003,Market_3,Kazan,PR012,Product_12,Beverages,16,1482.88,1082.08,400.8000000000002,16,0,0.0,1482.88,1.0,104,0,0,1
2026-06-14,2026,6,2026-06,2026-06-01,14,Sunday,1,ST003,Market_3,Kazan,PR012,Product_12,Beverages,13,1204.84,879.1899999999999,325.65,13,0,0.0,1204.8400000000001,1.0,91,0,0,1
2026-06-15,2026,6,2026-06,2026-06-01,15,Monday,0,ST003,Market_3,Kazan,PR012,Product_12,Beverages,13,1204.84,879.1899999999999,325.65,13,0,0.0,1204.8400000000001,1.0,78,0,0,1
2026-06-16,2026,6,2026-06,2026-06-01,16,Tuesday,0,ST003,Market_3,Kazan,PR012,Product_12,Beverages,11,1019.48,743.93,275.55000000000007,11,0,0.0,1019.48,1.0,67,0,0,1
2026-06-17,2026,6,2026-06,2026-06-01,17,Wednesday,0,ST003,Market_3,Kazan,PR012,Product_12,Beverages,11,1019.48,743.93,275.55000000000007,11,0,0.0,1019.48,1.0,56,0,0,1
2026-06-18,2026,6,2026-06,2026-06-01,18,Thursday,0,ST003,Market_3,Kazan,PR012,Product_12,Beverages,12,1112.16,811.56,300.60000000000014,12,0,0.0,1112.16,1.0,44,0,0,1
2026-06-19,2026,6,2026-06,2026-06-01,19,Friday,0,ST003,Market_3,Kazan,PR012,Product_12,Beverages,11,1019.48,743.93,275.55000000000007,11,0,0.0,1019.48,1.0,33,0,0,1
2026-06-20,2026,6,2026-06,2026-06-01,20,Saturday,1,ST003,Market_3,Kazan,PR012,Product_12,Beverages,19,1760.92,1284.9699999999998,475.9500000000003,19,0,0.0,1760.92,1.0,14,0,0,1
2026-06-21,2026,6,2026-06,2026-06-01,21,Sunday,1,ST003,Market_3,Kazan,PR012,Product_12,Beverages,14,1297.52,946.8199999999999,350.70000000000005,15,1,92.68,1390.2,0.9333333333333333,0,154,1,0
2026-06-22,2026,6,2026-06,2026-06-01,22,Monday,0,ST003,Market_3,Kazan,PR012,Product_12,Beverages,0,0.0,0.0,0.0,3,3,278.04,278.04,0.0,0,0,1,0
2026-06-23,2026,6,2026-06,2026-06-01,23,Tuesday,0,ST003,Market_3,Kazan,PR012,Product_12,Beverages,10,926.8,676.3,250.5,10,0,0.0,926.8000000000001,1.0,144,0,0,1
2026-06-24,2026,6,2026-06,2026-06-01,24,Wednesday,0,ST003,Market_3,Kazan,PR012,Product_12,Beverages,17,1575.56,1149.71,425.8499999999999,17,0,0.0,1575.5600000000002,1.0,127,0,0,1
2026-06-25,2026,6,2026-06,2026-06-01,25,Thursday,0,ST003,Market_3,Kazan,PR012,Product_12,Beverages,9,834.12,608.67,225.45000000000005,9,0,0.0,834.1200000000001,1.0,118,0,0,1
2026-06-26,2026,6,2026-06,2026-06-01,26,Friday,0,ST003,Market_3,Kazan,PR012,Product_12,Beverages,8,741.44,541.04,200.4000000000001,8,0,0.0,741.44,1.0,110,0,0,1
2026-06-27,2026,6,2026-06,2026-06-01,27,Saturday,1,ST003,Market_3,Kazan,PR012,Product_12,Beverages,15,1390.2,1014.4499999999999,375.7500000000001,15,0,0.0,1390.2,1.0,95,0,0,1
2026-06-28,2026,6,2026-06,2026-06-01,28,Sunday,1,ST003,Market_3,Kazan,PR012,Product_12,Beverages,21,1946.28,1420.23,526.05,21,0,0.0,1946.2800000000002,1.0,74,0,0,1
2026-06-29,2026,6,2026-06,2026-06-01,29,Monday,0,ST003,Market_3,Kazan,PR012,Product_12,Beverages,16,1482.88,1082.08,400.8000000000002,16,0,0.0,1482.88,1.0,58,0,0,1
2026-06-30,2026,6,2026-06,2026-06-01,30,Tuesday,0,ST003,Market_3,Kazan,PR012,Product_12,Beverages,16,1482.88,1082.08,400.8000000000002,16,0,0.0,1482.88,1.0,42,0,0,1
2026-07-01,2026,7,2026-07,2026-07-01,1,Wednesday,0,ST003,Market_3,Kazan,PR012,Product_12,Beverages,8,741.44,541.04,200.4000000000001,8,0,0.0,741.44,1.0,34,0,0,1
2026-07-02,2026,7,2026-07,2026-07-01,2,Thursday,0,ST003,Market_3,Kazan,PR012,Product_12,Beverages,10,926.8,676.3,250.5,10,0,0.0,926.8000000000001,1.0,24,0,0,1
2026-07-03,2026,7,2026-07,2026-07-01,3,Friday,0,ST003,Market_3,Kazan,PR012,Product_12,Beverages,18,1668.24,1217.34,450.9000000000001,18,0,0.0,1668.2400000000002,1.0,6,154,0,1
2026-07-04,2026,7,2026-07,2026-07-01,4,Saturday,1,ST003,Market_3,Kazan,PR012,Product_12,Beverages,6,556.08,405.78,150.30000000000007,15,9,834.1200000000001,1390.2,0.4,0,0,1,0
2026-07-05,2026,7,2026-07,2026-07-01,5,Sunday,1,ST003,Market_3,Kazan,PR012,Product_12,Beverages,15,1390.2,1014.4499999999999,375.7500000000001,15,0,0.0,1390.2,1.0,139,0,0,1
2026-07-06,2026,7,2026-07,2026-07-01,6,Monday,0,ST003,Market_3,Kazan,PR012,Product_12,Beverages,14,1297.52,946.8199999999999,350.70000000000005,14,0,0.0,1297.52,1.0,125,0,0,1
2026-07-07,2026,7,2026-07,2026-07-01,7,Tuesday,0,ST003,Market_3,Kazan,PR012,Product_12,Beverages,12,1112.16,811.56,300.60000000000014,12,0,0.0,1112.16,1.0,113,0,0,1
2026-07-08,2026,7,2026-07,2026-07-01,8,Wednesday,0,ST003,Market_3,Kazan,PR012,Product_12,Beverages,12,1112.16,811.56,300.60000000000014,12,0,0.0,1112.16,1.0,101,0,0,1
2026-07-09,2026,7,2026-07,2026-07-01,9,Thursday,0,ST003,Market_3,Kazan,PR012,Product_12,Beverages,9,834.12,608.67,225.45000000000005,9,0,0.0,834.1200000000001,1.0,92,0,0,1
2026-07-10,2026,7,2026-07,2026-07-01,10,Friday,0,ST003,Market_3,Kazan,PR012,Product_12,Beverages,8,741.44,541.04,200.4000000000001,8,0,0.0,741.44,1.0,84,0,0,1
2026-07-11,2026,7,2026-07,2026-07-01,11,Saturday,1,ST003,Market_3,Kazan,PR012,Product_12,Beverages,16,1482.88,1082.08,400.8000000000002,16,0,0.0,1482.88,1.0,68,0,0,1
2026-07-12,2026,7,2026-07,2026-07-01,12,Sunday,1,ST003,Market_3,Kazan,PR012,Product_12,Beverages,17,1575.56,1149.71,425.8499999999999,17,0,0.0,1575.5600000000002,1.0,51,0,0,1
2026-07-13,2026,7,2026-07,2026-07-01,13,Monday,0,ST003,Market_3,Kazan,PR012,Product_12,Beverages,10,926.8,676.3,250.5,10,0,0.0,926.8000000000001,1.0,41,0,0,1
2026-07-14,2026,7,2026-07,2026-07-01,14,Tuesday,0,ST003,Market_3,Kazan,PR012,Product_12,Beverages,10,926.8,676.3,250.5,10,0,0.0,926.8000000000001,1.0,31,0,0,1
2026-07-15,2026,7,2026-07,2026-07-01,15,Wednesday,0,ST003,Market_3,Kazan,PR012,Product_12,Beverages,12,1112.16,811.56,300.60000000000014,12,0,0.0,1112.16,1.0,19,0,0,1
2026-07-16,2026,7,2026-07,2026-07-01,16,Thursday,0,ST003,Market_3,Kazan,PR012,Product_12,Beverages,12,1112.16,811.56,300.60000000000014,12,0,0.0,1112.16,1.0,7,154,0,1
2026-07-17,2026,7,2026-07,2026-07-01,17,Friday,0,ST003,Market_3,Kazan,PR012,Product_12,Beverages,7,648.76,473.40999999999997,175.35000000000002,10,3,278.04,926.8000000000001,0.7,0,0,1,0
2026-07-18,2026,7,2026-07,2026-07-01,18,Saturday,1,ST003,Market_3,Kazan,PR012,Product_12,Beverages,10,926.8,676.3,250.5,10,0,0.0,926.8000000000001,1.0,144,0,0,1
2026-07-19,2026,7,2026-07,2026-07-01,19,Sunday,1,ST003,Market_3,Kazan,PR012,Product_12,Beverages,13,1204.84,879.1899999999999,325.65,13,0,0.0,1204.8400000000001,1.0,131,0,0,1
2026-07-20,2026,7,2026-07,2026-07-01,20,Monday,0,ST003,Market_3,Kazan,PR012,Product_12,Beverages,13,1204.84,879.1899999999999,325.65,13,0,0.0,1204.8400000000001,1.0,118,0,0,1
2026-07-21,2026,7,2026-07,2026-07-01,21,Tuesday,0,ST003,Market_3,Kazan,PR012,Product_12,Beverages,12,1112.16,811.56,300.60000000000014,12,0,0.0,1112.16,1.0,106,0,0,1
2026-07-22,2026,7,2026-07,2026-07-01,22,Wednesday,0,ST003,Market_3,Kazan,PR012,Product_12,Beverages,17,1575.56,1149.71,425.8499999999999,17,0,0.0,1575.5600000000002,1.0,89,0,0,1
2026-07-23,2026,7,2026-07,2026-07-01,23,Thursday,0,ST003,Market_3,Kazan,PR012,Product_12,Beverages,13,1204.84,879.1899999999999,325.65,13,0,0.0,1204.8400000000001,1.0,76,0,0,1
2026-07-24,2026,7,2026-07,2026-07-01,24,Friday,0,ST003,Market_3,Kazan,PR012,Product_12,Beverages,12,1112.16,811.56,300.60000000000014,12,0,0.0,1112.16,1.0,64,0,0,1
2026-07-25,2026,7,2026-07,2026-07-01,25,Saturday,1,ST003,Market_3,Kazan,PR012,Product_12,Beverages,23,2131.64,1555.4899999999998,576.1500000000001,23,0,0.0,2131.6400000000003,1.0,41,0,0,1
2026-07-26,2026,7,2026-07,2026-07-01,26,Sunday,1,ST003,Market_3,Kazan,PR012,Product_12,Beverages,18,1668.24,1217.34,450.9000000000001,18,0,0.0,1668.2400000000002,1.0,23,0,0,1
2026-07-27,2026,7,2026-07,2026-07-01,27,Monday,0,ST003,Market_3,Kazan,PR012,Product_12,Beverages,20,1853.6,1352.6,501.0,20,0,0.0,1853.6000000000001,1.0,3,0,0,1
2026-07-28,2026,7,2026-07,2026-07-01,28,Tuesday,0,ST003,Market_3,Kazan,PR012,Product_12,Beverages,3,278.04,202.89,75.15000000000003,11,8,741.44,1019.48,0.2727272727272727,0,154,1,0
2026-07-29,2026,7,2026-07,2026-07-01,29,Wednesday,0,ST003,Market_3,Kazan,PR012,Product_12,Beverages,0,0.0,0.0,0.0,9,9,834.1200000000001,834.1200000000001,0.0,0,0,1,0
2026-07-30,2026,7,2026-07,2026-07-01,30,Thursday,0,ST003,Market_3,Kazan,PR012,Product_12,Beverages,7,648.76,473.40999999999997,175.35000000000002,7,0,0.0,648.76,1.0,147,0,0,1
2026-07-31,2026,7,2026-07,2026-07-01,31,Friday,0,ST003,Market_3,Kazan,PR012,Product_12,Beverages,15,1390.2,1014.4499999999999,375.7500000000001,15,0,0.0,1390.2,1.0,132,0,0,1
2026-08-01,2026,8,2026-08,2026-08-01,1,Saturday,1,ST003,Market_3,Kazan,PR012,Product_12,Beverages,13,1204.84,879.1899999999999,325.65,13,0,0.0,1204.8400000000001,1.0,119,0,0,1
2026-08-02,2026,8,2026-08,2026-08-01,2,Sunday,1,ST003,Market_3,Kazan,PR012,Product_12,Beverages,9,834.12,608.67,225.45000000000005,9,0,0.0,834.1200000000001,1.0,110,0,0,1
2026-08-03,2026,8,2026-08,2026-08-01,3,Monday,0,ST003,Market_3,Kazan,PR012,Product_12,Beverages,7,648.76,473.40999999999997,175.35000000000002,7,0,0.0,648.76,1.0,103,0,0,1
2026-08-04,2026,8,2026-08,2026-08-01,4,Tuesday,0,ST003,Market_3,Kazan,PR012,Product_12,Beverages,13,1204.84,879.1899999999999,325.65,13,0,0.0,1204.8400000000001,1.0,90,0,0,1
2026-08-05,2026,8,2026-08,2026-08-01,5,Wednesday,0,ST003,Market_3,Kazan,PR012,Product_12,Beverages,13,1204.84,879.1899999999999,325.65,13,0,0.0,1204.8400000000001,1.0,77,0,0,1
2026-08-06,2026,8,2026-08,2026-08-01,6,Thursday,0,ST003,Market_3,Kazan,PR012,Product_12,Beverages,10,926.8,676.3,250.5,10,0,0.0,926.8000000000001,1.0,67,0,0,1
2026-08-07,2026,8,2026-08,2026-08-01,7,Friday,0,ST003,Market_3,Kazan,PR012,Product_12,Beverages,11,1019.48,743.93,275.55000000000007,11,0,0.0,1019.48,1.0,56,0,0,1
2026-08-08,2026,8,2026-08,2026-08-01,8,Saturday,1,ST003,Market_3,Kazan,PR012,Product_12,Beverages,13,1204.84,879.1899999999999,325.65,13,0,0.0,1204.8400000000001,1.0,43,0,0,1
2026-08-09,2026,8,2026-08,2026-08-01,9,Sunday,1,ST003,Market_3,Kazan,PR012,Product_12,Beverages,16,1482.88,1082.08,400.8000000000002,16,0,0.0,1482.88,1.0,27,0,0,1
2026-08-10,2026,8,2026-08,2026-08-01,10,Monday,0,ST003,Market_3,Kazan,PR012,Product_12,Beverages,10,926.8,676.3,250.5,10,0,0.0,926.8000000000001,1.0,17,0,0,1
2026-08-11,2026,8,2026-08,2026-08-01,11,Tuesday,0,ST003,Market_3,Kazan,PR012,Product_12,Beverages,13,1204.84,879.1899999999999,325.65,13,0,0.0,1204.8400000000001,1.0,4,154,0,1
2026-08-12,2026,8,2026-08,2026-08-01,12,Wednesday,0,ST003,Market_3,Kazan,PR012,Product_12,Beverages,4,370.72,270.52,100.20000000000005,9,5,463.40000000000003,834.1200000000001,0.4444444444444444,0,0,1,0
2026-08-13,2026,8,2026-08,2026-08-01,13,Thursday,0,ST003,Market_3,Kazan,PR012,Product_12,Beverages,6,556.08,405.78,150.30000000000007,6,0,0.0,556.08,1.0,148,0,0,1
2026-08-14,2026,8,2026-08,2026-08-01,14,Friday,0,ST003,Market_3,Kazan,PR012,Product_12,Beverages,13,1204.84,879.1899999999999,325.65,13,0,0.0,1204.8400000000001,1.0,135,0,0,1
2026-08-15,2026,8,2026-08,2026-08-01,15,Saturday,1,ST003,Market_3,Kazan,PR012,Product_12,Beverages,15,1390.2,1014.4499999999999,375.7500000000001,15,0,0.0,1390.2,1.0,120,0,0,1
2026-08-16,2026,8,2026-08,2026-08-01,16,Sunday,1,ST003,Market_3,Kazan,PR012,Product_12,Beverages,22,2038.96,1487.86,551.1000000000001,22,0,0.0,2038.96,1.0,98,0,0,1
2026-08-17,2026,8,2026-08,2026-08-01,17,Monday,0,ST003,Market_3,Kazan,PR012,Product_12,Beverages,19,1760.92,1284.9699999999998,475.9500000000003,19,0,0.0,1760.92,1.0,79,0,0,1
2026-08-18,2026,8,2026-08,2026-08-01,18,Tuesday,0,ST003,Market_3,Kazan,PR012,Product_12,Beverages,13,1204.84,879.1899999999999,325.65,13,0,0.0,1204.8400000000001,1.0,66,0,0,1
2026-08-19,2026,8,2026-08,2026-08-01,19,Wednesday,0,ST003,Market_3,Kazan,PR012,Product_12,Beverages,10,926.8,676.3,250.5,10,0,0.0,926.8000000000001,1.0,56,0,0,1
2026-08-20,2026,8,2026-08,2026-08-01,20,Thursday,0,ST003,Market_3,Kazan,PR012,Product_12,Beverages,17,1575.56,1149.71,425.8499999999999,17,0,0.0,1575.5600000000002,1.0,39,0,0,1
2026-08-21,2026,8,2026-08,2026-08-01,21,Friday,0,ST003,Market_3,Kazan,PR012,Product_12,Beverages,14,1297.52,946.8199999999999,350.70000000000005,14,0,0.0,1297.52,1.0,25,0,0,1
2026-08-22,2026,8,2026-08,2026-08-01,22,Saturday,1,ST003,Market_3,Kazan,PR012,Product_12,Beverages,12,1112.16,811.56,300.60000000000014,12,0,0.0,1112.16,1.0,13,154,0,1
2026-08-23,2026,8,2026-08,2026-08-01,23,Sunday,1,ST003,Market_3,Kazan,PR012,Product_12,Beverages,11,1019.48,743.93,275.55000000000007,11,0,0.0,1019.48,1.0,2,0,0,1
2026-08-24,2026,8,2026-08,2026-08-01,24,Monday,0,ST003,Market_3,Kazan,PR012,Product_12,Beverages,9,834.12,608.67,225.45000000000005,9,0,0.0,834.1200000000001,1.0,147,0,0,1
2026-08-25,2026,8,2026-08,2026-08-01,25,Tuesday,0,ST003,Market_3,Kazan,PR012,Product_12,Beverages,14,1297.52,946.8199999999999,350.70000000000005,14,0,0.0,1297.52,1.0,133,0,0,1
2026-08-26,2026,8,2026-08,2026-08-01,26,Wednesday,0,ST003,Market_3,Kazan,PR012,Product_12,Beverages,7,648.76,473.40999999999997,175.35000000000002,7,0,0.0,648.76,1.0,126,0,0,1
2026-08-27,2026,8,2026-08,2026-08-01,27,Thursday,0,ST003,Market_3,Kazan,PR012,Product_12,Beverages,2,185.36,135.26,50.10000000000002,2,0,0.0,185.36,1.0,124,0,0,1
2026-08-28,2026,8,2026-08,2026-08-01,28,Friday,0,ST003,Market_3,Kazan,PR012,Product_12,Beverages,9,834.12,608.67,225.45000000000005,9,0,0.0,834.1200000000001,1.0,115,0,0,1
2026-08-29,2026,8,2026-08,2026-08-01,29,Saturday,1,ST003,Market_3,Kazan,PR012,Product_12,Beverages,12,1112.16,811.56,300.60000000000014,12,0,0.0,1112.16,1.0,103,0,0,1
2026-08-30,2026,8,2026-08,2026-08-01,30,Sunday,1,ST003,Market_3,Kazan,PR012,Product_12,Beverages,15,1390.2,1014.4499999999999,375.7500000000001,15,0,0.0,1390.2,1.0,88,0,0,1
2026-08-31,2026,8,2026-08,2026-08-01,31,Monday,0,ST003,Market_3,Kazan,PR012,Product_12,Beverages,10,926.8,676.3,250.5,10,0,0.0,926.8000000000001,1.0,78,0,0,1
2026-09-01,2026,9,2026-09,2026-09-01,1,Tuesday,0,ST003,Market_3,Kazan,PR012,Product_12,Beverages,10,926.8,676.3,250.5,10,0,0.0,926.8000000000001,1.0,68,0,0,1
2026-09-02,2026,9,2026-09,2026-09-01,2,Wednesday,0,ST003,Market_3,Kazan,PR012,Product_12,Beverages,12,1112.16,811.56,300.60000000000014,12,0,0.0,1112.16,1.0,56,0,0,1
2026-09-03,2026,9,2026-09,2026-09-01,3,Thursday,0,ST003,Market_3,Kazan,PR012,Product_12,Beverages,9,834.12,608.67,225.45000000000005,9,0,0.0,834.1200000000001,1.0,47,0,0,1
2026-09-04,2026,9,2026-09,2026-09-01,4,Friday,0,ST003,Market_3,Kazan,PR012,Product_12,Beverages,10,926.8,676.3,250.5,10,0,0.0,926.8000000000001,1.0,37,0,0,1
2026-09-05,2026,9,2026-09,2026-09-01,5,Saturday,1,ST003,Market_3,Kazan,PR012,Product_12,Beverages,11,1019.48,743.93,275.55000000000007,11,0,0.0,1019.48,1.0,26,0,0,1
2026-09-06,2026,9,2026-09,2026-09-01,6,Sunday,1,ST003,Market_3,Kazan,PR012,Product_12,Beverages,14,1297.52,946.8199999999999,350.70000000000005,14,0,0.0,1297.52,1.0,12,154,0,1
2026-09-07,2026,9,2026-09,2026-09-01,7,Monday,0,ST003,Market_3,Kazan,PR012,Product_12,Beverages,8,741.44,541.04,200.4000000000001,8,0,0.0,741.44,1.0,4,0,0,1
2026-06-10,2026,6,2026-06,2026-06-01,10,Wednesday,0,ST003,Market_3,Kazan,PR013,Product_13,Household,22,2967.36,1744.38,1222.98,22,0,0.0,2967.3599999999997,1.0,202,0,0,1
2026-06-11,2026,6,2026-06,2026-06-01,11,Thursday,0,ST003,Market_3,Kazan,PR013,Product_13,Household,12,1618.56,951.48,667.0799999999999,12,0,0.0,1618.56,1.0,190,0,0,1
2026-06-12,2026,6,2026-06,2026-06-01,12,Friday,0,ST003,Market_3,Kazan,PR013,Product_13,Household,12,1618.56,951.48,667.0799999999999,12,0,0.0,1618.56,1.0,178,0,0,1
2026-06-13,2026,6,2026-06,2026-06-01,13,Saturday,1,ST003,Market_3,Kazan,PR013,Product_13,Household,20,2697.6,1585.8000000000002,1111.7999999999997,20,0,0.0,2697.6,1.0,158,0,0,1
2026-06-14,2026,6,2026-06,2026-06-01,14,Sunday,1,ST003,Market_3,Kazan,PR013,Product_13,Household,23,3102.24,1823.67,1278.5699999999997,23,0,0.0,3102.24,1.0,135,0,0,1
2026-06-15,2026,6,2026-06,2026-06-01,15,Monday,0,ST003,Market_3,Kazan,PR013,Product_13,Household,19,2562.72,1506.5100000000002,1056.2099999999996,19,0,0.0,2562.72,1.0,116,0,0,1
2026-06-16,2026,6,2026-06,2026-06-01,16,Tuesday,0,ST003,Market_3,Kazan,PR013,Product_13,Household,14,1888.32,1110.0600000000002,778.2599999999998,14,0,0.0,1888.32,1.0,102,0,0,1
2026-06-17,2026,6,2026-06,2026-06-01,17,Wednesday,0,ST003,Market_3,Kazan,PR013,Product_13,Household,14,1888.32,1110.0600000000002,778.2599999999998,14,0,0.0,1888.32,1.0,88,0,0,1
2026-06-18,2026,6,2026-06,2026-06-01,18,Thursday,0,ST003,Market_3,Kazan,PR013,Product_13,Household,17,2292.96,1347.93,945.03,17,0,0.0,2292.96,1.0,71,0,0,1
2026-06-19,2026,6,2026-06,2026-06-01,19,Friday,0,ST003,Market_3,Kazan,PR013,Product_13,Household,8,1079.04,634.32,444.7199999999999,8,0,0.0,1079.04,1.0,63,0,0,1
2026-06-20,2026,6,2026-06,2026-06-01,20,Saturday,1,ST003,Market_3,Kazan,PR013,Product_13,Household,20,2697.6,1585.8000000000002,1111.7999999999997,20,0,0.0,2697.6,1.0,43,0,0,1
2026-06-21,2026,6,2026-06,2026-06-01,21,Sunday,1,ST003,Market_3,Kazan,PR013,Product_13,Household,20,2697.6,1585.8000000000002,1111.7999999999997,20,0,0.0,2697.6,1.0,23,224,0,1
2026-06-22,2026,6,2026-06,2026-06-01,22,Monday,0,ST003,Market_3,Kazan,PR013,Product_13,Household,21,2832.48,1665.0900000000001,1167.3899999999999,21,0,0.0,2832.48,1.0,2,0,0,1
2026-06-23,2026,6,2026-06,2026-06-01,23,Tuesday,0,ST003,Market_3,Kazan,PR013,Product_13,Household,18,2427.84,1427.22,1000.6200000000001,18,0,0.0,2427.84,1.0,208,0,0,1
2026-06-24,2026,6,2026-06,2026-06-01,24,Wednesday,0,ST003,Market_3,Kazan,PR013,Product_13,Household,15,2023.2,1189.3500000000001,833.8499999999999,15,0,0.0,2023.1999999999998,1.0,193,0,0,1
2026-06-25,2026,6,2026-06,2026-06-01,25,Thursday,0,ST003,Market_3,Kazan,PR013,Product_13,Household,17,2292.96,1347.93,945.03,17,0,0.0,2292.96,1.0,176,0,0,1
2026-06-26,2026,6,2026-06,2026-06-01,26,Friday,0,ST003,Market_3,Kazan,PR013,Product_13,Household,15,2023.2,1189.3500000000001,833.8499999999999,15,0,0.0,2023.1999999999998,1.0,161,0,0,1
2026-06-27,2026,6,2026-06,2026-06-01,27,Saturday,1,ST003,Market_3,Kazan,PR013,Product_13,Household,15,2023.2,1189.3500000000001,833.8499999999999,15,0,0.0,2023.1999999999998,1.0,146,0,0,1
2026-06-28,2026,6,2026-06,2026-06-01,28,Sunday,1,ST003,Market_3,Kazan,PR013,Product_13,Household,17,2292.96,1347.93,945.03,17,0,0.0,2292.96,1.0,129,0,0,1
2026-06-29,2026,6,2026-06,2026-06-01,29,Monday,0,ST003,Market_3,Kazan,PR013,Product_13,Household,9,1213.92,713.61,500.31000000000006,9,0,0.0,1213.92,1.0,120,0,0,1
2026-06-30,2026,6,2026-06,2026-06-01,30,Tuesday,0,ST003,Market_3,Kazan,PR013,Product_13,Household,16,2158.08,1268.64,889.4399999999998,16,0,0.0,2158.08,1.0,104,0,0,1
2026-07-01,2026,7,2026-07,2026-07-01,1,Wednesday,0,ST003,Market_3,Kazan,PR013,Product_13,Household,21,2832.48,1665.0900000000001,1167.3899999999999,21,0,0.0,2832.48,1.0,83,0,0,1
2026-07-02,2026,7,2026-07,2026-07-01,2,Thursday,0,ST003,Market_3,Kazan,PR013,Product_13,Household,14,1888.32,1110.0600000000002,778.2599999999998,14,0,0.0,1888.32,1.0,69,0,0,1
2026-07-03,2026,7,2026-07,2026-07-01,3,Friday,0,ST003,Market_3,Kazan,PR013,Product_13,Household,13,1753.44,1030.77,722.6700000000001,13,0,0.0,1753.44,1.0,56,0,0,1
2026-07-04,2026,7,2026-07,2026-07-01,4,Saturday,1,ST003,Market_3,Kazan,PR013,Product_13,Household,24,3237.12,1902.96,1334.1599999999999,24,0,0.0,3237.12,1.0,32,0,0,1
2026-07-05,2026,7,2026-07,2026-07-01,5,Sunday,1,ST003,Market_3,Kazan,PR013,Product_13,Household,21,2832.48,1665.0900000000001,1167.3899999999999,21,0,0.0,2832.48,1.0,11,224,0,1
2026-07-06,2026,7,2026-07,2026-07-01,6,Monday,0,ST003,Market_3,Kazan,PR013,Product_13,Household,11,1483.68,872.19,611.49,17,6,809.28,2292.96,0.6470588235294118,0,0,1,0
2026-07-07,2026,7,2026-07,2026-07-01,7,Tuesday,0,ST003,Market_3,Kazan,PR013,Product_13,Household,15,2023.2,1189.3500000000001,833.8499999999999,15,0,0.0,2023.1999999999998,1.0,209,0,0,1
2026-07-08,2026,7,2026-07,2026-07-01,8,Wednesday,0,ST003,Market_3,Kazan,PR013,Product_13,Household,13,1753.44,1030.77,722.6700000000001,13,0,0.0,1753.44,1.0,196,0,0,1
2026-07-09,2026,7,2026-07,2026-07-01,9,Thursday,0,ST003,Market_3,Kazan,PR013,Product_13,Household,16,2158.08,1268.64,889.4399999999998,16,0,0.0,2158.08,1.0,180,0,0,1
2026-07-10,2026,7,2026-07,2026-07-01,10,Friday,0,ST003,Market_3,Kazan,PR013,Product_13,Household,14,1888.32,1110.0600000000002,778.2599999999998,14,0,0.0,1888.32,1.0,166,0,0,1
2026-07-11,2026,7,2026-07,2026-07-01,11,Saturday,1,ST003,Market_3,Kazan,PR013,Product_13,Household,25,3372.0,1982.2500000000002,1389.7499999999998,25,0,0.0,3372.0,1.0,141,0,0,1
2026-07-12,2026,7,2026-07,2026-07-01,12,Sunday,1,ST003,Market_3,Kazan,PR013,Product_13,Household,23,3102.24,1823.67,1278.5699999999997,23,0,0.0,3102.24,1.0,118,0,0,1
2026-07-13,2026,7,2026-07,2026-07-01,13,Monday,0,ST003,Market_3,Kazan,PR013,Product_13,Household,19,2562.72,1506.5100000000002,1056.2099999999996,19,0,0.0,2562.72,1.0,99,0,0,1
2026-07-14,2026,7,2026-07,2026-07-01,14,Tuesday,0,ST003,Market_3,Kazan,PR013,Product_13,Household,18,2427.84,1427.22,1000.6200000000001,18,0,0.0,2427.84,1.0,81,0,0,1
2026-07-15,2026,7,2026-07,2026-07-01,15,Wednesday,0,ST003,Market_3,Kazan,PR013,Product_13,Household,13,1753.44,1030.77,722.6700000000001,13,0,0.0,1753.44,1.0,68,0,0,1
2026-07-16,2026,7,2026-07,2026-07-01,16,Thursday,0,ST003,Market_3,Kazan,PR013,Product_13,Household,16,2158.08,1268.64,889.4399999999998,16,0,0.0,2158.08,1.0,52,0,0,1
2026-07-17,2026,7,2026-07,2026-07-01,17,Friday,0,ST003,Market_3,Kazan,PR013,Product_13,Household,13,1753.44,1030.77,722.6700000000001,13,0,0.0,1753.44,1.0,39,0,0,1
2026-07-18,2026,7,2026-07,2026-07-01,18,Saturday,1,ST003,Market_3,Kazan,PR013,Product_13,Household,22,2967.36,1744.38,1222.98,22,0,0.0,2967.3599999999997,1.0,17,224,0,1
2026-07-19,2026,7,2026-07,2026-07-01,19,Sunday,1,ST003,Market_3,Kazan,PR013,Product_13,Household,17,2292.96,1347.93,945.03,19,2,269.76,2562.72,0.8947368421052632,0,0,1,0
2026-07-20,2026,7,2026-07,2026-07-01,20,Monday,0,ST003,Market_3,Kazan,PR013,Product_13,Household,20,2697.6,1585.8000000000002,1111.7999999999997,20,0,0.0,2697.6,1.0,204,0,0,1
2026-07-21,2026,7,2026-07,2026-07-01,21,Tuesday,0,ST003,Market_3,Kazan,PR013,Product_13,Household,13,1753.44,1030.77,722.6700000000001,13,0,0.0,1753.44,1.0,191,0,0,1
2026-07-22,2026,7,2026-07,2026-07-01,22,Wednesday,0,ST003,Market_3,Kazan,PR013,Product_13,Household,18,2427.84,1427.22,1000.6200000000001,18,0,0.0,2427.84,1.0,173,0,0,1
2026-07-23,2026,7,2026-07,2026-07-01,23,Thursday,0,ST003,Market_3,Kazan,PR013,Product_13,Household,18,2427.84,1427.22,1000.6200000000001,18,0,0.0,2427.84,1.0,155,0,0,1
2026-07-24,2026,7,2026-07,2026-07-01,24,Friday,0,ST003,Market_3,Kazan,PR013,Product_13,Household,15,2023.2,1189.3500000000001,833.8499999999999,15,0,0.0,2023.1999999999998,1.0,140,0,0,1
2026-07-25,2026,7,2026-07,2026-07-01,25,Saturday,1,ST003,Market_3,Kazan,PR013,Product_13,Household,17,2292.96,1347.93,945.03,17,0,0.0,2292.96,1.0,123,0,0,1
2026-07-26,2026,7,2026-07,2026-07-01,26,Sunday,1,ST003,Market_3,Kazan,PR013,Product_13,Household,30,4046.4,2378.7000000000003,1667.6999999999998,30,0,0.0,4046.3999999999996,1.0,93,0,0,1
2026-07-27,2026,7,2026-07,2026-07-01,27,Monday,0,ST003,Market_3,Kazan,PR013,Product_13,Household,21,2832.48,1665.0900000000001,1167.3899999999999,21,0,0.0,2832.48,1.0,72,0,0,1
2026-07-28,2026,7,2026-07,2026-07-01,28,Tuesday,0,ST003,Market_3,Kazan,PR013,Product_13,Household,18,2427.84,1427.22,1000.6200000000001,18,0,0.0,2427.84,1.0,54,0,0,1
2026-07-29,2026,7,2026-07,2026-07-01,29,Wednesday,0,ST003,Market_3,Kazan,PR013,Product_13,Household,13,1753.44,1030.77,722.6700000000001,13,0,0.0,1753.44,1.0,41,0,0,1
2026-07-30,2026,7,2026-07,2026-07-01,30,Thursday,0,ST003,Market_3,Kazan,PR013,Product_13,Household,11,1483.68,872.19,611.49,11,0,0.0,1483.6799999999998,1.0,30,224,0,1
2026-07-31,2026,7,2026-07,2026-07-01,31,Friday,0,ST003,Market_3,Kazan,PR013,Product_13,Household,12,1618.56,951.48,667.0799999999999,12,0,0.0,1618.56,1.0,18,0,0,1
2026-08-01,2026,8,2026-08,2026-08-01,1,Saturday,1,ST003,Market_3,Kazan,PR013,Product_13,Household,22,2967.36,1744.38,1222.98,22,0,0.0,2967.3599999999997,1.0,220,0,0,1
2026-08-02,2026,8,2026-08,2026-08-01,2,Sunday,1,ST003,Market_3,Kazan,PR013,Product_13,Household,26,3506.88,2061.54,1445.3400000000001,26,0,0.0,3506.88,1.0,194,0,0,1
2026-08-03,2026,8,2026-08,2026-08-01,3,Monday,0,ST003,Market_3,Kazan,PR013,Product_13,Household,14,1888.32,1110.0600000000002,778.2599999999998,14,0,0.0,1888.32,1.0,180,0,0,1
2026-08-04,2026,8,2026-08,2026-08-01,4,Tuesday,0,ST003,Market_3,Kazan,PR013,Product_13,Household,13,1753.44,1030.77,722.6700000000001,13,0,0.0,1753.44,1.0,167,0,0,1
2026-08-05,2026,8,2026-08,2026-08-01,5,Wednesday,0,ST003,Market_3,Kazan,PR013,Product_13,Household,20,2697.6,1585.8000000000002,1111.7999999999997,20,0,0.0,2697.6,1.0,147,0,0,1
2026-08-06,2026,8,2026-08,2026-08-01,6,Thursday,0,ST003,Market_3,Kazan,PR013,Product_13,Household,9,1213.92,713.61,500.31000000000006,9,0,0.0,1213.92,1.0,138,0,0,1
2026-08-07,2026,8,2026-08,2026-08-01,7,Friday,0,ST003,Market_3,Kazan,PR013,Product_13,Household,15,2023.2,1189.3500000000001,833.8499999999999,15,0,0.0,2023.1999999999998,1.0,123,0,0,1
2026-08-08,2026,8,2026-08,2026-08-01,8,Saturday,1,ST003,Market_3,Kazan,PR013,Product_13,Household,21,2832.48,1665.0900000000001,1167.3899999999999,21,0,0.0,2832.48,1.0,102,0,0,1
2026-08-09,2026,8,2026-08,2026-08-01,9,Sunday,1,ST003,Market_3,Kazan,PR013,Product_13,Household,21,2832.48,1665.0900000000001,1167.3899999999999,21,0,0.0,2832.48,1.0,81,0,0,1
2026-08-10,2026,8,2026-08,2026-08-01,10,Monday,0,ST003,Market_3,Kazan,PR013,Product_13,Household,27,3641.76,2140.8300000000004,1500.9299999999998,27,0,0.0,3641.7599999999998,1.0,54,0,0,1
2026-08-11,2026,8,2026-08,2026-08-01,11,Tuesday,0,ST003,Market_3,Kazan,PR013,Product_13,Household,15,2023.2,1189.3500000000001,833.8499999999999,15,0,0.0,2023.1999999999998,1.0,39,0,0,1
2026-08-12,2026,8,2026-08,2026-08-01,12,Wednesday,0,ST003,Market_3,Kazan,PR013,Product_13,Household,10,1348.8,792.9000000000001,555.8999999999999,10,0,0.0,1348.8,1.0,29,0,0,1
2026-08-13,2026,8,2026-08,2026-08-01,13,Thursday,0,ST003,Market_3,Kazan,PR013,Product_13,Household,14,1888.32,1110.0600000000002,778.2599999999998,14,0,0.0,1888.32,1.0,15,224,0,1
2026-08-14,2026,8,2026-08,2026-08-01,14,Friday,0,ST003,Market_3,Kazan,PR013,Product_13,Household,13,1753.44,1030.77,722.6700000000001,13,0,0.0,1753.44,1.0,2,0,0,1
2026-08-15,2026,8,2026-08,2026-08-01,15,Saturday,1,ST003,Market_3,Kazan,PR013,Product_13,Household,24,3237.12,1902.96,1334.1599999999999,24,0,0.0,3237.12,1.0,202,0,0,1
2026-08-16,2026,8,2026-08,2026-08-01,16,Sunday,1,ST003,Market_3,Kazan,PR013,Product_13,Household,18,2427.84,1427.22,1000.6200000000001,18,0,0.0,2427.84,1.0,184,0,0,1
2026-08-17,2026,8,2026-08,2026-08-01,17,Monday,0,ST003,Market_3,Kazan,PR013,Product_13,Household,17,2292.96,1347.93,945.03,17,0,0.0,2292.96,1.0,167,0,0,1
2026-08-18,2026,8,2026-08,2026-08-01,18,Tuesday,0,ST003,Market_3,Kazan,PR013,Product_13,Household,12,1618.56,951.48,667.0799999999999,12,0,0.0,1618.56,1.0,155,0,0,1
2026-08-19,2026,8,2026-08,2026-08-01,19,Wednesday,0,ST003,Market_3,Kazan,PR013,Product_13,Household,21,2832.48,1665.0900000000001,1167.3899999999999,21,0,0.0,2832.48,1.0,134,0,0,1
2026-08-20,2026,8,2026-08,2026-08-01,20,Thursday,0,ST003,Market_3,Kazan,PR013,Product_13,Household,17,2292.96,1347.93,945.03,17,0,0.0,2292.96,1.0,117,0,0,1
2026-08-21,2026,8,2026-08,2026-08-01,21,Friday,0,ST003,Market_3,Kazan,PR013,Product_13,Household,21,2832.48,1665.0900000000001,1167.3899999999999,21,0,0.0,2832.48,1.0,96,0,0,1
2026-08-22,2026,8,2026-08,2026-08-01,22,Saturday,1,ST003,Market_3,Kazan,PR013,Product_13,Household,22,2967.36,1744.38,1222.98,22,0,0.0,2967.3599999999997,1.0,74,0,0,1
2026-08-23,2026,8,2026-08,2026-08-01,23,Sunday,1,ST003,Market_3,Kazan,PR013,Product_13,Household,26,3506.88,2061.54,1445.3400000000001,26,0,0.0,3506.88,1.0,48,0,0,1
2026-08-24,2026,8,2026-08,2026-08-01,24,Monday,0,ST003,Market_3,Kazan,PR013,Product_13,Household,12,1618.56,951.48,667.0799999999999,12,0,0.0,1618.56,1.0,36,0,0,1
2026-08-25,2026,8,2026-08,2026-08-01,25,Tuesday,0,ST003,Market_3,Kazan,PR013,Product_13,Household,21,2832.48,1665.0900000000001,1167.3899999999999,21,0,0.0,2832.48,1.0,15,224,0,1
2026-08-26,2026,8,2026-08,2026-08-01,26,Wednesday,0,ST003,Market_3,Kazan,PR013,Product_13,Household,15,2023.2,1189.3500000000001,833.8499999999999,17,2,269.76,2292.96,0.8823529411764706,0,0,1,0
2026-08-27,2026,8,2026-08,2026-08-01,27,Thursday,0,ST003,Market_3,Kazan,PR013,Product_13,Household,15,2023.2,1189.3500000000001,833.8499999999999,15,0,0.0,2023.1999999999998,1.0,209,0,0,1
2026-08-28,2026,8,2026-08,2026-08-01,28,Friday,0,ST003,Market_3,Kazan,PR013,Product_13,Household,19,2562.72,1506.5100000000002,1056.2099999999996,19,0,0.0,2562.72,1.0,190,0,0,1
2026-08-29,2026,8,2026-08,2026-08-01,29,Saturday,1,ST003,Market_3,Kazan,PR013,Product_13,Household,20,2697.6,1585.8000000000002,1111.7999999999997,20,0,0.0,2697.6,1.0,170,0,0,1
2026-08-30,2026,8,2026-08,2026-08-01,30,Sunday,1,ST003,Market_3,Kazan,PR013,Product_13,Household,21,2832.48,1665.0900000000001,1167.3899999999999,21,0,0.0,2832.48,1.0,149,0,0,1
2026-08-31,2026,8,2026-08,2026-08-01,31,Monday,0,ST003,Market_3,Kazan,PR013,Product_13,Household,18,2427.84,1427.22,1000.6200000000001,18,0,0.0,2427.84,1.0,131,0,0,1
2026-09-01,2026,9,2026-09,2026-09-01,1,Tuesday,0,ST003,Market_3,Kazan,PR013,Product_13,Household,17,2292.96,1347.93,945.03,17,0,0.0,2292.96,1.0,114,0,0,1
2026-09-02,2026,9,2026-09,2026-09-01,2,Wednesday,0,ST003,Market_3,Kazan,PR013,Product_13,Household,19,2562.72,1506.5100000000002,1056.2099999999996,19,0,0.0,2562.72,1.0,95,0,0,1
2026-09-03,2026,9,2026-09,2026-09-01,3,Thursday,0,ST003,Market_3,Kazan,PR013,Product_13,Household,18,2427.84,1427.22,1000.6200000000001,18,0,0.0,2427.84,1.0,77,0,0,1
2026-09-04,2026,9,2026-09,2026-09-01,4,Friday,0,ST003,Market_3,Kazan,PR013,Product_13,Household,16,2158.08,1268.64,889.4399999999998,16,0,0.0,2158.08,1.0,61,0,0,1
2026-09-05,2026,9,2026-09,2026-09-01,5,Saturday,1,ST003,Market_3,Kazan,PR013,Product_13,Household,17,2292.96,1347.93,945.03,17,0,0.0,2292.96,1.0,44,0,0,1
2026-09-06,2026,9,2026-09,2026-09-01,6,Sunday,1,ST003,Market_3,Kazan,PR013,Product_13,Household,32,4316.16,2537.28,1778.8799999999997,32,0,0.0,4316.16,1.0,12,224,0,1
2026-09-07,2026,9,2026-09,2026-09-01,7,Monday,0,ST003,Market_3,Kazan,PR013,Product_13,Household,12,1618.56,951.48,667.0799999999999,18,6,809.28,2427.84,0.6666666666666666,0,0,1,0
2026-06-10,2026,6,2026-06,2026-06-01,10,Wednesday,0,ST003,Market_3,Kazan,PR014,Product_14,Household,15,2448.6,1831.05,617.55,15,0,0.0,2448.6000000000004,1.0,153,0,0,1
2026-06-11,2026,6,2026-06,2026-06-01,11,Thursday,0,ST003,Market_3,Kazan,PR014,Product_14,Household,12,1958.88,1464.84,494.0400000000002,12,0,0.0,1958.88,1.0,141,0,0,1
2026-06-12,2026,6,2026-06,2026-06-01,12,Friday,0,ST003,Market_3,Kazan,PR014,Product_14,Household,10,1632.4,1220.6999999999998,411.7000000000003,10,0,0.0,1632.4,1.0,131,0,0,1
2026-06-13,2026,6,2026-06,2026-06-01,13,Saturday,1,ST003,Market_3,Kazan,PR014,Product_14,Household,23,3754.52,2807.6099999999997,946.9100000000003,23,0,0.0,3754.5200000000004,1.0,108,0,0,1
2026-06-14,2026,6,2026-06,2026-06-01,14,Sunday,1,ST003,Market_3,Kazan,PR014,Product_14,Household,19,3101.56,2319.33,782.23,19,0,0.0,3101.5600000000004,1.0,89,0,0,1
2026-06-15,2026,6,2026-06,2026-06-01,15,Monday,0,ST003,Market_3,Kazan,PR014,Product_14,Household,11,1795.64,1342.77,452.8700000000001,11,0,0.0,1795.64,1.0,78,0,0,1
2026-06-16,2026,6,2026-06,2026-06-01,16,Tuesday,0,ST003,Market_3,Kazan,PR014,Product_14,Household,8,1305.92,976.56,329.3600000000001,8,0,0.0,1305.92,1.0,70,0,0,1
2026-06-17,2026,6,2026-06,2026-06-01,17,Wednesday,0,ST003,Market_3,Kazan,PR014,Product_14,Household,4,652.96,488.28,164.68000000000006,4,0,0.0,652.96,1.0,66,0,0,1
2026-06-18,2026,6,2026-06,2026-06-01,18,Thursday,0,ST003,Market_3,Kazan,PR014,Product_14,Household,11,1795.64,1342.77,452.8700000000001,11,0,0.0,1795.64,1.0,55,0,0,1
2026-06-19,2026,6,2026-06,2026-06-01,19,Friday,0,ST003,Market_3,Kazan,PR014,Product_14,Household,14,2285.36,1708.98,576.3800000000001,14,0,0.0,2285.36,1.0,41,0,0,1
2026-06-20,2026,6,2026-06,2026-06-01,20,Saturday,1,ST003,Market_3,Kazan,PR014,Product_14,Household,19,3101.56,2319.33,782.23,19,0,0.0,3101.5600000000004,1.0,22,168,0,1
2026-06-21,2026,6,2026-06,2026-06-01,21,Sunday,1,ST003,Market_3,Kazan,PR014,Product_14,Household,12,1958.88,1464.84,494.0400000000002,12,0,0.0,1958.88,1.0,10,0,0,1
2026-06-22,2026,6,2026-06,2026-06-01,22,Monday,0,ST003,Market_3,Kazan,PR014,Product_14,Household,13,2122.12,1586.9099999999999,535.21,13,0,0.0,2122.12,1.0,165,0,0,1
2026-06-23,2026,6,2026-06,2026-06-01,23,Tuesday,0,ST003,Market_3,Kazan,PR014,Product_14,Household,11,1795.64,1342.77,452.8700000000001,11,0,0.0,1795.64,1.0,154,0,0,1
2026-06-24,2026,6,2026-06,2026-06-01,24,Wednesday,0,ST003,Market_3,Kazan,PR014,Product_14,Household,9,1469.16,1098.6299999999999,370.5300000000002,9,0,0.0,1469.16,1.0,145,0,0,1
2026-06-25,2026,6,2026-06,2026-06-01,25,Thursday,0,ST003,Market_3,Kazan,PR014,Product_14,Household,8,1305.92,976.56,329.3600000000001,8,0,0.0,1305.92,1.0,137,0,0,1
2026-06-26,2026,6,2026-06,2026-06-01,26,Friday,0,ST003,Market_3,Kazan,PR014,Product_14,Household,10,1632.4,1220.6999999999998,411.7000000000003,10,0,0.0,1632.4,1.0,127,0,0,1
2026-06-27,2026,6,2026-06,2026-06-01,27,Saturday,1,ST003,Market_3,Kazan,PR014,Product_14,Household,13,2122.12,1586.9099999999999,535.21,13,0,0.0,2122.12,1.0,114,0,0,1
2026-06-28,2026,6,2026-06,2026-06-01,28,Sunday,1,ST003,Market_3,Kazan,PR014,Product_14,Household,18,2938.32,2197.2599999999998,741.0600000000004,18,0,0.0,2938.32,1.0,96,0,0,1
2026-06-29,2026,6,2026-06,2026-06-01,29,Monday,0,ST003,Market_3,Kazan,PR014,Product_14,Household,8,1305.92,976.56,329.3600000000001,8,0,0.0,1305.92,1.0,88,0,0,1
2026-06-30,2026,6,2026-06,2026-06-01,30,Tuesday,0,ST003,Market_3,Kazan,PR014,Product_14,Household,13,2122.12,1586.9099999999999,535.21,13,0,0.0,2122.12,1.0,75,0,0,1
2026-07-01,2026,7,2026-07,2026-07-01,1,Wednesday,0,ST003,Market_3,Kazan,PR014,Product_14,Household,11,1795.64,1342.77,452.8700000000001,11,0,0.0,1795.64,1.0,64,0,0,1
2026-07-02,2026,7,2026-07,2026-07-01,2,Thursday,0,ST003,Market_3,Kazan,PR014,Product_14,Household,12,1958.88,1464.84,494.0400000000002,12,0,0.0,1958.88,1.0,52,0,0,1
2026-07-03,2026,7,2026-07,2026-07-01,3,Friday,0,ST003,Market_3,Kazan,PR014,Product_14,Household,12,1958.88,1464.84,494.0400000000002,12,0,0.0,1958.88,1.0,40,0,0,1
2026-07-04,2026,7,2026-07,2026-07-01,4,Saturday,1,ST003,Market_3,Kazan,PR014,Product_14,Household,18,2938.32,2197.2599999999998,741.0600000000004,18,0,0.0,2938.32,1.0,22,168,0,1
2026-07-05,2026,7,2026-07,2026-07-01,5,Sunday,1,ST003,Market_3,Kazan,PR014,Product_14,Household,12,1958.88,1464.84,494.0400000000002,12,0,0.0,1958.88,1.0,10,0,0,1
2026-07-06,2026,7,2026-07,2026-07-01,6,Monday,0,ST003,Market_3,Kazan,PR014,Product_14,Household,12,1958.88,1464.84,494.0400000000002,12,0,0.0,1958.88,1.0,166,0,0,1
2026-07-07,2026,7,2026-07,2026-07-01,7,Tuesday,0,ST003,Market_3,Kazan,PR014,Product_14,Household,11,1795.64,1342.77,452.8700000000001,11,0,0.0,1795.64,1.0,155,0,0,1
2026-07-08,2026,7,2026-07,2026-07-01,8,Wednesday,0,ST003,Market_3,Kazan,PR014,Product_14,Household,16,2611.84,1953.12,658.7200000000003,16,0,0.0,2611.84,1.0,139,0,0,1
2026-07-09,2026,7,2026-07,2026-07-01,9,Thursday,0,ST003,Market_3,Kazan,PR014,Product_14,Household,10,1632.4,1220.6999999999998,411.7000000000003,10,0,0.0,1632.4,1.0,129,0,0,1
2026-07-10,2026,7,2026-07,2026-07-01,10,Friday,0,ST003,Market_3,Kazan,PR014,Product_14,Household,14,2285.36,1708.98,576.3800000000001,14,0,0.0,2285.36,1.0,115,0,0,1
2026-07-11,2026,7,2026-07,2026-07-01,11,Saturday,1,ST003,Market_3,Kazan,PR014,Product_14,Household,22,3591.28,2685.54,905.7400000000002,22,0,0.0,3591.28,1.0,93,0,0,1
2026-07-12,2026,7,2026-07,2026-07-01,12,Sunday,1,ST003,Market_3,Kazan,PR014,Product_14,Household,26,4244.24,3173.8199999999997,1070.42,26,0,0.0,4244.24,1.0,67,0,0,1
2026-07-13,2026,7,2026-07,2026-07-01,13,Monday,0,ST003,Market_3,Kazan,PR014,Product_14,Household,8,1305.92,976.56,329.3600000000001,8,0,0.0,1305.92,1.0,59,0,0,1
2026-07-14,2026,7,2026-07,2026-07-01,14,Tuesday,0,ST003,Market_3,Kazan,PR014,Product_14,Household,2,326.48,244.14,82.34000000000003,2,0,0.0,326.48,1.0,57,0,0,1
2026-07-15,2026,7,2026-07,2026-07-01,15,Wednesday,0,ST003,Market_3,Kazan,PR014,Product_14,Household,11,1795.64,1342.77,452.8700000000001,11,0,0.0,1795.64,1.0,46,0,0,1
2026-07-16,2026,7,2026-07,2026-07-01,16,Thursday,0,ST003,Market_3,Kazan,PR014,Product_14,Household,17,2775.08,2075.19,699.8899999999999,17,0,0.0,2775.08,1.0,29,0,0,1
2026-07-17,2026,7,2026-07,2026-07-01,17,Friday,0,ST003,Market_3,Kazan,PR014,Product_14,Household,13,2122.12,1586.9099999999999,535.21,13,0,0.0,2122.12,1.0,16,168,0,1
2026-07-18,2026,7,2026-07,2026-07-01,18,Saturday,1,ST003,Market_3,Kazan,PR014,Product_14,Household,13,2122.12,1586.9099999999999,535.21,13,0,0.0,2122.12,1.0,3,0,0,1
2026-07-19,2026,7,2026-07,2026-07-01,19,Sunday,1,ST003,Market_3,Kazan,PR014,Product_14,Household,20,3264.8,2441.3999999999996,823.4000000000005,20,0,0.0,3264.8,1.0,151,0,0,1
2026-07-20,2026,7,2026-07,2026-07-01,20,Monday,0,ST003,Market_3,Kazan,PR014,Product_14,Household,9,1469.16,1098.6299999999999,370.5300000000002,9,0,0.0,1469.16,1.0,142,0,0,1
2026-07-21,2026,7,2026-07,2026-07-01,21,Tuesday,0,ST003,Market_3,Kazan,PR014,Product_14,Household,14,2285.36,1708.98,576.3800000000001,14,0,0.0,2285.36,1.0,128,0,0,1
2026-07-22,2026,7,2026-07,2026-07-01,22,Wednesday,0,ST003,Market_3,Kazan,PR014,Product_14,Household,13,2122.12,1586.9099999999999,535.21,13,0,0.0,2122.12,1.0,115,0,0,1
2026-07-23,2026,7,2026-07,2026-07-01,23,Thursday,0,ST003,Market_3,Kazan,PR014,Product_14,Household,13,2122.12,1586.9099999999999,535.21,13,0,0.0,2122.12,1.0,102,0,0,1
2026-07-24,2026,7,2026-07,2026-07-01,24,Friday,0,ST003,Market_3,Kazan,PR014,Product_14,Household,13,2122.12,1586.9099999999999,535.21,13,0,0.0,2122.12,1.0,89,0,0,1
2026-07-25,2026,7,2026-07,2026-07-01,25,Saturday,1,ST003,Market_3,Kazan,PR014,Product_14,Household,24,3917.76,2929.68,988.0800000000004,24,0,0.0,3917.76,1.0,65,0,0,1
2026-07-26,2026,7,2026-07,2026-07-01,26,Sunday,1,ST003,Market_3,Kazan,PR014,Product_14,Household,14,2285.36,1708.98,576.3800000000001,14,0,0.0,2285.36,1.0,51,0,0,1
2026-07-27,2026,7,2026-07,2026-07-01,27,Monday,0,ST003,Market_3,Kazan,PR014,Product_14,Household,10,1632.4,1220.6999999999998,411.7000000000003,10,0,0.0,1632.4,1.0,41,0,0,1
2026-07-28,2026,7,2026-07,2026-07-01,28,Tuesday,0,ST003,Market_3,Kazan,PR014,Product_14,Household,12,1958.88,1464.84,494.0400000000002,12,0,0.0,1958.88,1.0,29,0,0,1
2026-07-29,2026,7,2026-07,2026-07-01,29,Wednesday,0,ST003,Market_3,Kazan,PR014,Product_14,Household,14,2285.36,1708.98,576.3800000000001,14,0,0.0,2285.36,1.0,15,168,0,1
2026-07-30,2026,7,2026-07,2026-07-01,30,Thursday,0,ST003,Market_3,Kazan,PR014,Product_14,Household,15,2448.6,1831.05,617.55,15,0,0.0,2448.6000000000004,1.0,0,0,1,0
2026-07-31,2026,7,2026-07,2026-07-01,31,Friday,0,ST003,Market_3,Kazan,PR014,Product_14,Household,15,2448.6,1831.05,617.55,15,0,0.0,2448.6000000000004,1.0,153,0,0,1
2026-08-01,2026,8,2026-08,2026-08-01,1,Saturday,1,ST003,Market_3,Kazan,PR014,Product_14,Household,19,3101.56,2319.33,782.23,19,0,0.0,3101.5600000000004,1.0,134,0,0,1
2026-08-02,2026,8,2026-08,2026-08-01,2,Sunday,1,ST003,Market_3,Kazan,PR014,Product_14,Household,19,3101.56,2319.33,782.23,19,0,0.0,3101.5600000000004,1.0,115,0,0,1
2026-08-03,2026,8,2026-08,2026-08-01,3,Monday,0,ST003,Market_3,Kazan,PR014,Product_14,Household,16,2611.84,1953.12,658.7200000000003,16,0,0.0,2611.84,1.0,99,0,0,1
2026-08-04,2026,8,2026-08,2026-08-01,4,Tuesday,0,ST003,Market_3,Kazan,PR014,Product_14,Household,8,1305.92,976.56,329.3600000000001,8,0,0.0,1305.92,1.0,91,0,0,1
2026-08-05,2026,8,2026-08,2026-08-01,5,Wednesday,0,ST003,Market_3,Kazan,PR014,Product_14,Household,15,2448.6,1831.05,617.55,15,0,0.0,2448.6000000000004,1.0,76,0,0,1
2026-08-06,2026,8,2026-08,2026-08-01,6,Thursday,0,ST003,Market_3,Kazan,PR014,Product_14,Household,13,2122.12,1586.9099999999999,535.21,13,0,0.0,2122.12,1.0,63,0,0,1
2026-08-07,2026,8,2026-08,2026-08-01,7,Friday,0,ST003,Market_3,Kazan,PR014,Product_14,Household,15,2448.6,1831.05,617.55,15,0,0.0,2448.6000000000004,1.0,48,0,0,1
2026-08-08,2026,8,2026-08,2026-08-01,8,Saturday,1,ST003,Market_3,Kazan,PR014,Product_14,Household,17,2775.08,2075.19,699.8899999999999,17,0,0.0,2775.08,1.0,31,0,0,1
2026-08-09,2026,8,2026-08,2026-08-01,9,Sunday,1,ST003,Market_3,Kazan,PR014,Product_14,Household,14,2285.36,1708.98,576.3800000000001,14,0,0.0,2285.36,1.0,17,0,0,1
2026-08-10,2026,8,2026-08,2026-08-01,10,Monday,0,ST003,Market_3,Kazan,PR014,Product_14,Household,10,1632.4,1220.6999999999998,411.7000000000003,10,0,0.0,1632.4,1.0,7,168,0,1
2026-08-11,2026,8,2026-08,2026-08-01,11,Tuesday,0,ST003,Market_3,Kazan,PR014,Product_14,Household,7,1142.68,854.49,288.19000000000005,10,3,489.72,1632.4,0.7,0,0,1,0
2026-08-12,2026,8,2026-08,2026-08-01,12,Wednesday,0,ST003,Market_3,Kazan,PR014,Product_14,Household,13,2122.12,1586.9099999999999,535.21,13,0,0.0,2122.12,1.0,155,0,0,1
2026-08-13,2026,8,2026-08,2026-08-01,13,Thursday,0,ST003,Market_3,Kazan,PR014,Product_14,Household,2,326.48,244.14,82.34000000000003,2,0,0.0,326.48,1.0,153,0,0,1
2026-08-14,2026,8,2026-08,2026-08-01,14,Friday,0,ST003,Market_3,Kazan,PR014,Product_14,Household,15,2448.6,1831.05,617.55,15,0,0.0,2448.6000000000004,1.0,138,0,0,1
2026-08-15,2026,8,2026-08,2026-08-01,15,Saturday,1,ST003,Market_3,Kazan,PR014,Product_14,Household,18,2938.32,2197.2599999999998,741.0600000000004,18,0,0.0,2938.32,1.0,120,0,0,1
2026-08-16,2026,8,2026-08,2026-08-01,16,Sunday,1,ST003,Market_3,Kazan,PR014,Product_14,Household,14,2285.36,1708.98,576.3800000000001,14,0,0.0,2285.36,1.0,106,0,0,1
2026-08-17,2026,8,2026-08,2026-08-01,17,Monday,0,ST003,Market_3,Kazan,PR014,Product_14,Household,12,1958.88,1464.84,494.0400000000002,12,0,0.0,1958.88,1.0,94,0,0,1
2026-08-18,2026,8,2026-08,2026-08-01,18,Tuesday,0,ST003,Market_3,Kazan,PR014,Product_14,Household,16,2611.84,1953.12,658.7200000000003,16,0,0.0,2611.84,1.0,78,0,0,1
2026-08-19,2026,8,2026-08,2026-08-01,19,Wednesday,0,ST003,Market_3,Kazan,PR014,Product_14,Household,12,1958.88,1464.84,494.0400000000002,12,0,0.0,1958.88,1.0,66,0,0,1
2026-08-20,2026,8,2026-08,2026-08-01,20,Thursday,0,ST003,Market_3,Kazan,PR014,Product_14,Household,9,1469.16,1098.6299999999999,370.5300000000002,9,0,0.0,1469.16,1.0,57,0,0,1
2026-08-21,2026,8,2026-08,2026-08-01,21,Friday,0,ST003,Market_3,Kazan,PR014,Product_14,Household,16,2611.84,1953.12,658.7200000000003,16,0,0.0,2611.84,1.0,41,0,0,1
2026-08-22,2026,8,2026-08,2026-08-01,22,Saturday,1,ST003,Market_3,Kazan,PR014,Product_14,Household,21,3428.04,2563.47,864.5700000000002,21,0,0.0,3428.04,1.0,20,0,0,1
2026-08-23,2026,8,2026-08,2026-08-01,23,Sunday,1,ST003,Market_3,Kazan,PR014,Product_14,Household,20,3264.8,2441.3999999999996,823.4000000000005,21,1,163.24,3428.04,0.9523809523809523,0,168,1,0
2026-08-24,2026,8,2026-08,2026-08-01,24,Monday,0,ST003,Market_3,Kazan,PR014,Product_14,Household,0,0.0,0.0,0.0,8,8,1305.92,1305.92,0.0,0,0,1,0
2026-08-25,2026,8,2026-08,2026-08-01,25,Tuesday,0,ST003,Market_3,Kazan,PR014,Product_14,Household,14,2285.36,1708.98,576.3800000000001,14,0,0.0,2285.36,1.0,154,0,0,1
2026-08-26,2026,8,2026-08,2026-08-01,26,Wednesday,0,ST003,Market_3,Kazan,PR014,Product_14,Household,11,1795.64,1342.77,452.8700000000001,11,0,0.0,1795.64,1.0,143,0,0,1
2026-08-27,2026,8,2026-08,2026-08-01,27,Thursday,0,ST003,Market_3,Kazan,PR014,Product_14,Household,12,1958.88,1464.84,494.0400000000002,12,0,0.0,1958.88,1.0,131,0,0,1
2026-08-28,2026,8,2026-08,2026-08-01,28,Friday,0,ST003,Market_3,Kazan,PR014,Product_14,Household,8,1305.92,976.56,329.3600000000001,8,0,0.0,1305.92,1.0,123,0,0,1
2026-08-29,2026,8,2026-08,2026-08-01,29,Saturday,1,ST003,Market_3,Kazan,PR014,Product_14,Household,21,3428.04,2563.47,864.5700000000002,21,0,0.0,3428.04,1.0,102,0,0,1
2026-08-30,2026,8,2026-08,2026-08-01,30,Sunday,1,ST003,Market_3,Kazan,PR014,Product_14,Household,17,2775.08,2075.19,699.8899999999999,17,0,0.0,2775.08,1.0,85,0,0,1
2026-08-31,2026,8,2026-08,2026-08-01,31,Monday,0,ST003,Market_3,Kazan,PR014,Product_14,Household,15,2448.6,1831.05,617.55,15,0,0.0,2448.6000000000004,1.0,70,0,0,1
2026-09-01,2026,9,2026-09,2026-09-01,1,Tuesday,0,ST003,Market_3,Kazan,PR014,Product_14,Household,14,2285.36,1708.98,576.3800000000001,14,0,0.0,2285.36,1.0,56,0,0,1
2026-09-02,2026,9,2026-09,2026-09-01,2,Wednesday,0,ST003,Market_3,Kazan,PR014,Product_14,Household,12,1958.88,1464.84,494.0400000000002,12,0,0.0,1958.88,1.0,44,0,0,1
2026-09-03,2026,9,2026-09,2026-09-01,3,Thursday,0,ST003,Market_3,Kazan,PR014,Product_14,Household,11,1795.64,1342.77,452.8700000000001,11,0,0.0,1795.64,1.0,33,0,0,1
2026-09-04,2026,9,2026-09,2026-09-01,4,Friday,0,ST003,Market_3,Kazan,PR014,Product_14,Household,11,1795.64,1342.77,452.8700000000001,11,0,0.0,1795.64,1.0,22,168,0,1
2026-09-05,2026,9,2026-09,2026-09-01,5,Saturday,1,ST003,Market_3,Kazan,PR014,Product_14,Household,9,1469.16,1098.6299999999999,370.5300000000002,9,0,0.0,1469.16,1.0,13,0,0,1
2026-09-06,2026,9,2026-09,2026-09-01,6,Sunday,1,ST003,Market_3,Kazan,PR014,Product_14,Household,17,2775.08,2075.19,699.8899999999999,17,0,0.0,2775.08,1.0,164,0,0,1
2026-09-07,2026,9,2026-09,2026-09-01,7,Monday,0,ST003,Market_3,Kazan,PR014,Product_14,Household,10,1632.4,1220.6999999999998,411.7000000000003,10,0,0.0,1632.4,1.0,154,0,0,1
2026-06-10,2026,6,2026-06,2026-06-01,10,Wednesday,0,ST003,Market_3,Kazan,PR015,Product_15,Household,20,1648.6,919.2,729.3999999999999,20,0,0.0,1648.6000000000001,1.0,246,0,0,1
2026-06-11,2026,6,2026-06,2026-06-01,11,Thursday,0,ST003,Market_3,Kazan,PR015,Product_15,Household,17,1401.31,781.32,619.9899999999999,17,0,0.0,1401.3100000000002,1.0,229,0,0,1
2026-06-12,2026,6,2026-06,2026-06-01,12,Friday,0,ST003,Market_3,Kazan,PR015,Product_15,Household,13,1071.59,597.48,474.1099999999999,13,0,0.0,1071.5900000000001,1.0,216,0,0,1
2026-06-13,2026,6,2026-06,2026-06-01,13,Saturday,1,ST003,Market_3,Kazan,PR015,Product_15,Household,27,2225.61,1240.92,984.69,27,0,0.0,2225.61,1.0,189,0,0,1
2026-06-14,2026,6,2026-06,2026-06-01,14,Sunday,1,ST003,Market_3,Kazan,PR015,Product_15,Household,32,2637.76,1470.72,1167.0400000000002,32,0,0.0,2637.76,1.0,157,0,0,1
2026-06-15,2026,6,2026-06,2026-06-01,15,Monday,0,ST003,Market_3,Kazan,PR015,Product_15,Household,18,1483.74,827.28,656.46,18,0,0.0,1483.7400000000002,1.0,139,0,0,1
2026-06-16,2026,6,2026-06,2026-06-01,16,Tuesday,0,ST003,Market_3,Kazan,PR015,Product_15,Household,22,1813.46,1011.12,802.34,22,0,0.0,1813.46,1.0,117,0,0,1
2026-06-17,2026,6,2026-06,2026-06-01,17,Wednesday,0,ST003,Market_3,Kazan,PR015,Product_15,Household,21,1731.03,965.16,765.87,21,0,0.0,1731.0300000000002,1.0,96,0,0,1
2026-06-18,2026,6,2026-06,2026-06-01,18,Thursday,0,ST003,Market_3,Kazan,PR015,Product_15,Household,26,2143.18,1194.96,948.2199999999998,26,0,0.0,2143.1800000000003,1.0,70,0,0,1
2026-06-19,2026,6,2026-06,2026-06-01,19,Friday,0,ST003,Market_3,Kazan,PR015,Product_15,Household,20,1648.6,919.2,729.3999999999999,20,0,0.0,1648.6000000000001,1.0,50,0,0,1
2026-06-20,2026,6,2026-06,2026-06-01,20,Saturday,1,ST003,Market_3,Kazan,PR015,Product_15,Household,24,1978.32,1103.04,875.28,24,0,0.0,1978.3200000000002,1.0,26,0,0,1
2026-06-21,2026,6,2026-06,2026-06-01,21,Sunday,1,ST003,Market_3,Kazan,PR015,Product_15,Household,26,2143.18,1194.96,948.2199999999998,27,1,82.43,2225.61,0.9629629629629629,0,266,1,0
2026-06-22,2026,6,2026-06,2026-06-01,22,Monday,0,ST003,Market_3,Kazan,PR015,Product_15,Household,0,0.0,0.0,0.0,15,15,1236.45,1236.45,0.0,0,0,1,0
2026-06-23,2026,6,2026-06,2026-06-01,23,Tuesday,0,ST003,Market_3,Kazan,PR015,Product_15,Household,15,1236.45,689.4,547.0500000000001,15,0,0.0,1236.45,1.0,251,0,0,1
2026-06-24,2026,6,2026-06,2026-06-01,24,Wednesday,0,ST003,Market_3,Kazan,PR015,Product_15,Household,19,1566.17,873.24,692.9300000000001,19,0,0.0,1566.17,1.0,232,0,0,1
2026-06-25,2026,6,2026-06,2026-06-01,25,Thursday,0,ST003,Market_3,Kazan,PR015,Product_15,Household,20,1648.6,919.2,729.3999999999999,20,0,0.0,1648.6000000000001,1.0,212,0,0,1
2026-06-26,2026,6,2026-06,2026-06-01,26,Friday,0,ST003,Market_3,Kazan,PR015,Product_15,Household,12,989.16,551.52,437.64,12,0,0.0,989.1600000000001,1.0,200,0,0,1
2026-06-27,2026,6,2026-06,2026-06-01,27,Saturday,1,ST003,Market_3,Kazan,PR015,Product_15,Household,28,2308.04,1286.88,1021.1599999999999,28,0,0.0,2308.04,1.0,172,0,0,1
2026-06-28,2026,6,2026-06,2026-06-01,28,Sunday,1,ST003,Market_3,Kazan,PR015,Product_15,Household,28,2308.04,1286.88,1021.1599999999999,28,0,0.0,2308.04,1.0,144,0,0,1
2026-06-29,2026,6,2026-06,2026-06-01,29,Monday,0,ST003,Market_3,Kazan,PR015,Product_15,Household,22,1813.46,1011.12,802.34,22,0,0.0,1813.46,1.0,122,0,0,1
2026-06-30,2026,6,2026-06,2026-06-01,30,Tuesday,0,ST003,Market_3,Kazan,PR015,Product_15,Household,20,1648.6,919.2,729.3999999999999,20,0,0.0,1648.6000000000001,1.0,102,0,0,1
2026-07-01,2026,7,2026-07,2026-07-01,1,Wednesday,0,ST003,Market_3,Kazan,PR015,Product_15,Household,21,1731.03,965.16,765.87,21,0,0.0,1731.0300000000002,1.0,81,0,0,1
2026-07-02,2026,7,2026-07,2026-07-01,2,Thursday,0,ST003,Market_3,Kazan,PR015,Product_15,Household,23,1895.89,1057.08,838.8100000000002,23,0,0.0,1895.89,1.0,58,0,0,1
2026-07-03,2026,7,2026-07,2026-07-01,3,Friday,0,ST003,Market_3,Kazan,PR015,Product_15,Household,17,1401.31,781.32,619.9899999999999,17,0,0.0,1401.3100000000002,1.0,41,0,0,1
2026-07-04,2026,7,2026-07,2026-07-01,4,Saturday,1,ST003,Market_3,Kazan,PR015,Product_15,Household,34,2802.62,1562.64,1239.9799999999998,34,0,0.0,2802.6200000000003,1.0,7,266,0,1
2026-07-05,2026,7,2026-07,2026-07-01,5,Sunday,1,ST003,Market_3,Kazan,PR015,Product_15,Household,7,577.01,321.72,255.28999999999996,29,22,1813.46,2390.4700000000003,0.2413793103448276,0,0,1,0
2026-07-06,2026,7,2026-07,2026-07-01,6,Monday,0,ST003,Market_3,Kazan,PR015,Product_15,Household,24,1978.32,1103.04,875.28,24,0,0.0,1978.3200000000002,1.0,242,0,0,1
2026-07-07,2026,7,2026-07,2026-07-01,7,Tuesday,0,ST003,Market_3,Kazan,PR015,Product_15,Household,18,1483.74,827.28,656.46,18,0,0.0,1483.7400000000002,1.0,224,0,0,1
2026-07-08,2026,7,2026-07,2026-07-01,8,Wednesday,0,ST003,Market_3,Kazan,PR015,Product_15,Household,16,1318.88,735.36,583.5200000000001,16,0,0.0,1318.88,1.0,208,0,0,1
2026-07-09,2026,7,2026-07,2026-07-01,9,Thursday,0,ST003,Market_3,Kazan,PR015,Product_15,Household,17,1401.31,781.32,619.9899999999999,17,0,0.0,1401.3100000000002,1.0,191,0,0,1
2026-07-10,2026,7,2026-07,2026-07-01,10,Friday,0,ST003,Market_3,Kazan,PR015,Product_15,Household,23,1895.89,1057.08,838.8100000000002,23,0,0.0,1895.89,1.0,168,0,0,1
2026-07-11,2026,7,2026-07,2026-07-01,11,Saturday,1,ST003,Market_3,Kazan,PR015,Product_15,Household,22,1813.46,1011.12,802.34,22,0,0.0,1813.46,1.0,146,0,0,1
2026-07-12,2026,7,2026-07,2026-07-01,12,Sunday,1,ST003,Market_3,Kazan,PR015,Product_15,Household,27,2225.61,1240.92,984.69,27,0,0.0,2225.61,1.0,119,0,0,1
2026-07-13,2026,7,2026-07,2026-07-01,13,Monday,0,ST003,Market_3,Kazan,PR015,Product_15,Household,12,989.16,551.52,437.64,12,0,0.0,989.1600000000001,1.0,107,0,0,1
2026-07-14,2026,7,2026-07,2026-07-01,14,Tuesday,0,ST003,Market_3,Kazan,PR015,Product_15,Household,15,1236.45,689.4,547.0500000000001,15,0,0.0,1236.45,1.0,92,0,0,1
2026-07-15,2026,7,2026-07,2026-07-01,15,Wednesday,0,ST003,Market_3,Kazan,PR015,Product_15,Household,19,1566.17,873.24,692.9300000000001,19,0,0.0,1566.17,1.0,73,0,0,1
2026-07-16,2026,7,2026-07,2026-07-01,16,Thursday,0,ST003,Market_3,Kazan,PR015,Product_15,Household,22,1813.46,1011.12,802.34,22,0,0.0,1813.46,1.0,51,0,0,1
2026-07-17,2026,7,2026-07,2026-07-01,17,Friday,0,ST003,Market_3,Kazan,PR015,Product_15,Household,19,1566.17,873.24,692.9300000000001,19,0,0.0,1566.17,1.0,32,266,0,1
2026-07-18,2026,7,2026-07,2026-07-01,18,Saturday,1,ST003,Market_3,Kazan,PR015,Product_15,Household,23,1895.89,1057.08,838.8100000000002,23,0,0.0,1895.89,1.0,9,0,0,1
2026-07-19,2026,7,2026-07,2026-07-01,19,Sunday,1,ST003,Market_3,Kazan,PR015,Product_15,Household,28,2308.04,1286.88,1021.1599999999999,28,0,0.0,2308.04,1.0,247,0,0,1
2026-07-20,2026,7,2026-07,2026-07-01,20,Monday,0,ST003,Market_3,Kazan,PR015,Product_15,Household,22,1813.46,1011.12,802.34,22,0,0.0,1813.46,1.0,225,0,0,1
2026-07-21,2026,7,2026-07,2026-07-01,21,Tuesday,0,ST003,Market_3,Kazan,PR015,Product_15,Household,11,906.73,505.56,401.17,11,0,0.0,906.73,1.0,214,0,0,1
2026-07-22,2026,7,2026-07,2026-07-01,22,Wednesday,0,ST003,Market_3,Kazan,PR015,Product_15,Household,27,2225.61,1240.92,984.69,27,0,0.0,2225.61,1.0,187,0,0,1
2026-07-23,2026,7,2026-07,2026-07-01,23,Thursday,0,ST003,Market_3,Kazan,PR015,Product_15,Household,16,1318.88,735.36,583.5200000000001,16,0,0.0,1318.88,1.0,171,0,0,1
2026-07-24,2026,7,2026-07,2026-07-01,24,Friday,0,ST003,Market_3,Kazan,PR015,Product_15,Household,18,1483.74,827.28,656.46,18,0,0.0,1483.7400000000002,1.0,153,0,0,1
2026-07-25,2026,7,2026-07,2026-07-01,25,Saturday,1,ST003,Market_3,Kazan,PR015,Product_15,Household,24,1978.32,1103.04,875.28,24,0,0.0,1978.3200000000002,1.0,129,0,0,1
2026-07-26,2026,7,2026-07,2026-07-01,26,Sunday,1,ST003,Market_3,Kazan,PR015,Product_15,Household,34,2802.62,1562.64,1239.9799999999998,34,0,0.0,2802.6200000000003,1.0,95,0,0,1
2026-07-27,2026,7,2026-07,2026-07-01,27,Monday,0,ST003,Market_3,Kazan,PR015,Product_15,Household,29,2390.47,1332.84,1057.6299999999999,29,0,0.0,2390.4700000000003,1.0,66,0,0,1
2026-07-28,2026,7,2026-07,2026-07-01,28,Tuesday,0,ST003,Market_3,Kazan,PR015,Product_15,Household,28,2308.04,1286.88,1021.1599999999999,28,0,0.0,2308.04,1.0,38,0,0,1
2026-07-29,2026,7,2026-07,2026-07-01,29,Wednesday,0,ST003,Market_3,Kazan,PR015,Product_15,Household,18,1483.74,827.28,656.46,18,0,0.0,1483.7400000000002,1.0,20,0,0,1
2026-07-30,2026,7,2026-07,2026-07-01,30,Thursday,0,ST003,Market_3,Kazan,PR015,Product_15,Household,20,1648.6,919.2,729.3999999999999,21,1,82.43,1731.0300000000002,0.9523809523809523,0,266,1,0
2026-07-31,2026,7,2026-07,2026-07-01,31,Friday,0,ST003,Market_3,Kazan,PR015,Product_15,Household,0,0.0,0.0,0.0,22,22,1813.46,1813.46,0.0,0,0,1,0
2026-08-01,2026,8,2026-08,2026-08-01,1,Saturday,1,ST003,Market_3,Kazan,PR015,Product_15,Household,25,2060.75,1149.0,911.75,25,0,0.0,2060.75,1.0,241,0,0,1
2026-08-02,2026,8,2026-08,2026-08-01,2,Sunday,1,ST003,Market_3,Kazan,PR015,Product_15,Household,21,1731.03,965.16,765.87,21,0,0.0,1731.0300000000002,1.0,220,0,0,1
2026-08-03,2026,8,2026-08,2026-08-01,3,Monday,0,ST003,Market_3,Kazan,PR015,Product_15,Household,21,1731.03,965.16,765.87,21,0,0.0,1731.0300000000002,1.0,199,0,0,1
2026-08-04,2026,8,2026-08,2026-08-01,4,Tuesday,0,ST003,Market_3,Kazan,PR015,Product_15,Household,14,1154.02,643.44,510.5799999999999,14,0,0.0,1154.02,1.0,185,0,0,1
2026-08-05,2026,8,2026-08,2026-08-01,5,Wednesday,0,ST003,Market_3,Kazan,PR015,Product_15,Household,14,1154.02,643.44,510.5799999999999,14,0,0.0,1154.02,1.0,171,0,0,1
2026-08-06,2026,8,2026-08,2026-08-01,6,Thursday,0,ST003,Market_3,Kazan,PR015,Product_15,Household,15,1236.45,689.4,547.0500000000001,15,0,0.0,1236.45,1.0,156,0,0,1
2026-08-07,2026,8,2026-08,2026-08-01,7,Friday,0,ST003,Market_3,Kazan,PR015,Product_15,Household,25,2060.75,1149.0,911.75,25,0,0.0,2060.75,1.0,131,0,0,1
2026-08-08,2026,8,2026-08,2026-08-01,8,Saturday,1,ST003,Market_3,Kazan,PR015,Product_15,Household,30,2472.9,1378.8,1094.1000000000001,30,0,0.0,2472.9,1.0,101,0,0,1
2026-08-09,2026,8,2026-08,2026-08-01,9,Sunday,1,ST003,Market_3,Kazan,PR015,Product_15,Household,24,1978.32,1103.04,875.28,24,0,0.0,1978.3200000000002,1.0,77,0,0,1
2026-08-10,2026,8,2026-08,2026-08-01,10,Monday,0,ST003,Market_3,Kazan,PR015,Product_15,Household,14,1154.02,643.44,510.5799999999999,14,0,0.0,1154.02,1.0,63,0,0,1
2026-08-11,2026,8,2026-08,2026-08-01,11,Tuesday,0,ST003,Market_3,Kazan,PR015,Product_15,Household,11,906.73,505.56,401.17,11,0,0.0,906.73,1.0,52,0,0,1
2026-08-12,2026,8,2026-08,2026-08-01,12,Wednesday,0,ST003,Market_3,Kazan,PR015,Product_15,Household,30,2472.9,1378.8,1094.1000000000001,30,0,0.0,2472.9,1.0,22,266,0,1
2026-08-13,2026,8,2026-08,2026-08-01,13,Thursday,0,ST003,Market_3,Kazan,PR015,Product_15,Household,14,1154.02,643.44,510.5799999999999,14,0,0.0,1154.02,1.0,8,0,0,1
2026-08-14,2026,8,2026-08,2026-08-01,14,Friday,0,ST003,Market_3,Kazan,PR015,Product_15,Household,20,1648.6,919.2,729.3999999999999,20,0,0.0,1648.6000000000001,1.0,254,0,0,1
2026-08-15,2026,8,2026-08,2026-08-01,15,Saturday,1,ST003,Market_3,Kazan,PR015,Product_15,Household,30,2472.9,1378.8,1094.1000000000001,30,0,0.0,2472.9,1.0,224,0,0,1
2026-08-16,2026,8,2026-08,2026-08-01,16,Sunday,1,ST003,Market_3,Kazan,PR015,Product_15,Household,32,2637.76,1470.72,1167.0400000000002,32,0,0.0,2637.76,1.0,192,0,0,1
2026-08-17,2026,8,2026-08,2026-08-01,17,Monday,0,ST003,Market_3,Kazan,PR015,Product_15,Household,19,1566.17,873.24,692.9300000000001,19,0,0.0,1566.17,1.0,173,0,0,1
2026-08-18,2026,8,2026-08,2026-08-01,18,Tuesday,0,ST003,Market_3,Kazan,PR015,Product_15,Household,22,1813.46,1011.12,802.34,22,0,0.0,1813.46,1.0,151,0,0,1
2026-08-19,2026,8,2026-08,2026-08-01,19,Wednesday,0,ST003,Market_3,Kazan,PR015,Product_15,Household,16,1318.88,735.36,583.5200000000001,16,0,0.0,1318.88,1.0,135,0,0,1
2026-08-20,2026,8,2026-08,2026-08-01,20,Thursday,0,ST003,Market_3,Kazan,PR015,Product_15,Household,14,1154.02,643.44,510.5799999999999,14,0,0.0,1154.02,1.0,121,0,0,1
2026-08-21,2026,8,2026-08,2026-08-01,21,Friday,0,ST003,Market_3,Kazan,PR015,Product_15,Household,12,989.16,551.52,437.64,12,0,0.0,989.1600000000001,1.0,109,0,0,1
2026-08-22,2026,8,2026-08,2026-08-01,22,Saturday,1,ST003,Market_3,Kazan,PR015,Product_15,Household,31,2555.33,1424.76,1130.57,31,0,0.0,2555.3300000000004,1.0,78,0,0,1
2026-08-23,2026,8,2026-08,2026-08-01,23,Sunday,1,ST003,Market_3,Kazan,PR015,Product_15,Household,23,1895.89,1057.08,838.8100000000002,23,0,0.0,1895.89,1.0,55,0,0,1
2026-08-24,2026,8,2026-08,2026-08-01,24,Monday,0,ST003,Market_3,Kazan,PR015,Product_15,Household,16,1318.88,735.36,583.5200000000001,16,0,0.0,1318.88,1.0,39,0,0,1
2026-08-25,2026,8,2026-08,2026-08-01,25,Tuesday,0,ST003,Market_3,Kazan,PR015,Product_15,Household,11,906.73,505.56,401.17,11,0,0.0,906.73,1.0,28,266,0,1
2026-08-26,2026,8,2026-08,2026-08-01,26,Wednesday,0,ST003,Market_3,Kazan,PR015,Product_15,Household,20,1648.6,919.2,729.3999999999999,20,0,0.0,1648.6000000000001,1.0,8,0,0,1
2026-08-27,2026,8,2026-08,2026-08-01,27,Thursday,0,ST003,Market_3,Kazan,PR015,Product_15,Household,17,1401.31,781.32,619.9899999999999,17,0,0.0,1401.3100000000002,1.0,257,0,0,1
2026-08-28,2026,8,2026-08,2026-08-01,28,Friday,0,ST003,Market_3,Kazan,PR015,Product_15,Household,19,1566.17,873.24,692.9300000000001,19,0,0.0,1566.17,1.0,238,0,0,1
2026-08-29,2026,8,2026-08,2026-08-01,29,Saturday,1,ST003,Market_3,Kazan,PR015,Product_15,Household,30,2472.9,1378.8,1094.1000000000001,30,0,0.0,2472.9,1.0,208,0,0,1
2026-08-30,2026,8,2026-08,2026-08-01,30,Sunday,1,ST003,Market_3,Kazan,PR015,Product_15,Household,32,2637.76,1470.72,1167.0400000000002,32,0,0.0,2637.76,1.0,176,0,0,1
2026-08-31,2026,8,2026-08,2026-08-01,31,Monday,0,ST003,Market_3,Kazan,PR015,Product_15,Household,25,2060.75,1149.0,911.75,25,0,0.0,2060.75,1.0,151,0,0,1
2026-09-01,2026,9,2026-09,2026-09-01,1,Tuesday,0,ST003,Market_3,Kazan,PR015,Product_15,Household,25,2060.75,1149.0,911.75,25,0,0.0,2060.75,1.0,126,0,0,1
2026-09-02,2026,9,2026-09,2026-09-01,2,Wednesday,0,ST003,Market_3,Kazan,PR015,Product_15,Household,18,1483.74,827.28,656.46,18,0,0.0,1483.7400000000002,1.0,108,0,0,1
2026-09-03,2026,9,2026-09,2026-09-01,3,Thursday,0,ST003,Market_3,Kazan,PR015,Product_15,Household,27,2225.61,1240.92,984.69,27,0,0.0,2225.61,1.0,81,0,0,1
2026-09-04,2026,9,2026-09,2026-09-01,4,Friday,0,ST003,Market_3,Kazan,PR015,Product_15,Household,27,2225.61,1240.92,984.69,27,0,0.0,2225.61,1.0,54,0,0,1
2026-09-05,2026,9,2026-09,2026-09-01,5,Saturday,1,ST003,Market_3,Kazan,PR015,Product_15,Household,28,2308.04,1286.88,1021.1599999999999,28,0,0.0,2308.04,1.0,26,0,0,1
2026-09-06,2026,9,2026-09,2026-09-01,6,Sunday,1,ST003,Market_3,Kazan,PR015,Product_15,Household,24,1978.32,1103.04,875.28,24,0,0.0,1978.3200000000002,1.0,2,266,0,1
2026-09-07,2026,9,2026-09,2026-09-01,7,Monday,0,ST003,Market_3,Kazan,PR015,Product_15,Household,2,164.86,91.92,72.94000000000001,22,20,1648.6000000000001,1813.46,0.09090909090909091,0,0,1,0
2026-06-10,2026,6,2026-06,2026-06-01,10,Wednesday,0,ST003,Market_3,Kazan,PR016,Product_16,Dairy,3,439.32,260.54999999999995,178.77000000000004,3,0,0.0,439.32,1.0,95,0,0,1
2026-06-11,2026,6,2026-06,2026-06-01,11,Thursday,0,ST003,Market_3,Kazan,PR016,Product_16,Dairy,12,1757.28,1042.1999999999998,715.0800000000002,12,0,0.0,1757.28,1.0,83,0,0,1
2026-06-12,2026,6,2026-06,2026-06-01,12,Friday,0,ST003,Market_3,Kazan,PR016,Product_16,Dairy,7,1025.08,607.9499999999999,417.13,7,0,0.0,1025.08,1.0,76,0,0,1
2026-06-13,2026,6,2026-06,2026-06-01,13,Saturday,1,ST003,Market_3,Kazan,PR016,Product_16,Dairy,8,1171.52,694.8,476.72,8,0,0.0,1171.52,1.0,68,0,0,1
2026-06-14,2026,6,2026-06,2026-06-01,14,Sunday,1,ST003,Market_3,Kazan,PR016,Product_16,Dairy,9,1317.96,781.65,536.3100000000001,9,0,0.0,1317.96,1.0,59,0,0,1
2026-06-15,2026,6,2026-06,2026-06-01,15,Monday,0,ST003,Market_3,Kazan,PR016,Product_16,Dairy,11,1610.84,955.3499999999999,655.49,11,0,0.0,1610.84,1.0,48,0,0,1
2026-06-16,2026,6,2026-06,2026-06-01,16,Tuesday,0,ST003,Market_3,Kazan,PR016,Product_16,Dairy,8,1171.52,694.8,476.72,8,0,0.0,1171.52,1.0,40,0,0,1
2026-06-17,2026,6,2026-06,2026-06-01,17,Wednesday,0,ST003,Market_3,Kazan,PR016,Product_16,Dairy,11,1610.84,955.3499999999999,655.49,11,0,0.0,1610.84,1.0,29,0,0,1
2026-06-18,2026,6,2026-06,2026-06-01,18,Thursday,0,ST003,Market_3,Kazan,PR016,Product_16,Dairy,6,878.64,521.0999999999999,357.5400000000001,6,0,0.0,878.64,1.0,23,0,0,1
2026-06-19,2026,6,2026-06,2026-06-01,19,Friday,0,ST003,Market_3,Kazan,PR016,Product_16,Dairy,12,1757.28,1042.1999999999998,715.0800000000002,12,0,0.0,1757.28,1.0,11,0,0,1
2026-06-20,2026,6,2026-06,2026-06-01,20,Saturday,1,ST003,Market_3,Kazan,PR016,Product_16,Dairy,9,1317.96,781.65,536.3100000000001,9,0,0.0,1317.96,1.0,2,98,0,1
2026-06-21,2026,6,2026-06,2026-06-01,21,Sunday,1,ST003,Market_3,Kazan,PR016,Product_16,Dairy,2,292.88,173.7,119.18,20,18,2635.92,2928.8,0.1,0,0,1,0
2026-06-22,2026,6,2026-06,2026-06-01,22,Monday,0,ST003,Market_3,Kazan,PR016,Product_16,Dairy,10,1464.4,868.5,595.9000000000001,10,0,0.0,1464.4,1.0,88,0,0,1
2026-06-23,2026,6,2026-06,2026-06-01,23,Tuesday,0,ST003,Market_3,Kazan,PR016,Product_16,Dairy,12,1757.28,1042.1999999999998,715.0800000000002,12,0,0.0,1757.28,1.0,76,0,0,1
2026-06-24,2026,6,2026-06,2026-06-01,24,Wednesday,0,ST003,Market_3,Kazan,PR016,Product_16,Dairy,1,146.44,86.85,59.59,1,0,0.0,146.44,1.0,75,0,0,1
2026-06-25,2026,6,2026-06,2026-06-01,25,Thursday,0,ST003,Market_3,Kazan,PR016,Product_16,Dairy,3,439.32,260.54999999999995,178.77000000000004,3,0,0.0,439.32,1.0,72,0,0,1
2026-06-26,2026,6,2026-06,2026-06-01,26,Friday,0,ST003,Market_3,Kazan,PR016,Product_16,Dairy,10,1464.4,868.5,595.9000000000001,10,0,0.0,1464.4,1.0,62,0,0,1
2026-06-27,2026,6,2026-06,2026-06-01,27,Saturday,1,ST003,Market_3,Kazan,PR016,Product_16,Dairy,7,1025.08,607.9499999999999,417.13,7,0,0.0,1025.08,1.0,55,0,0,1
2026-06-28,2026,6,2026-06,2026-06-01,28,Sunday,1,ST003,Market_3,Kazan,PR016,Product_16,Dairy,10,1464.4,868.5,595.9000000000001,10,0,0.0,1464.4,1.0,45,0,0,1
2026-06-29,2026,6,2026-06,2026-06-01,29,Monday,0,ST003,Market_3,Kazan,PR016,Product_16,Dairy,7,1025.08,607.9499999999999,417.13,7,0,0.0,1025.08,1.0,38,0,0,1
2026-06-30,2026,6,2026-06,2026-06-01,30,Tuesday,0,ST003,Market_3,Kazan,PR016,Product_16,Dairy,4,585.76,347.4,238.36,4,0,0.0,585.76,1.0,34,0,0,1
2026-07-01,2026,7,2026-07,2026-07-01,1,Wednesday,0,ST003,Market_3,Kazan,PR016,Product_16,Dairy,8,1171.52,694.8,476.72,8,0,0.0,1171.52,1.0,26,0,0,1
2026-07-02,2026,7,2026-07,2026-07-01,2,Thursday,0,ST003,Market_3,Kazan,PR016,Product_16,Dairy,10,1464.4,868.5,595.9000000000001,10,0,0.0,1464.4,1.0,16,0,0,1
2026-07-03,2026,7,2026-07,2026-07-01,3,Friday,0,ST003,Market_3,Kazan,PR016,Product_16,Dairy,5,732.2,434.25,297.95000000000005,5,0,0.0,732.2,1.0,11,98,0,1
2026-07-04,2026,7,2026-07,2026-07-01,4,Saturday,1,ST003,Market_3,Kazan,PR016,Product_16,Dairy,11,1610.84,955.3499999999999,655.49,13,2,292.88,1903.72,0.8461538461538461,0,0,1,0
2026-07-05,2026,7,2026-07,2026-07-01,5,Sunday,1,ST003,Market_3,Kazan,PR016,Product_16,Dairy,12,1757.28,1042.1999999999998,715.0800000000002,12,0,0.0,1757.28,1.0,86,0,0,1
2026-07-06,2026,7,2026-07,2026-07-01,6,Monday,0,ST003,Market_3,Kazan,PR016,Product_16,Dairy,6,878.64,521.0999999999999,357.5400000000001,6,0,0.0,878.64,1.0,80,0,0,1
2026-07-07,2026,7,2026-07,2026-07-01,7,Tuesday,0,ST003,Market_3,Kazan,PR016,Product_16,Dairy,9,1317.96,781.65,536.3100000000001,9,0,0.0,1317.96,1.0,71,0,0,1
2026-07-08,2026,7,2026-07,2026-07-01,8,Wednesday,0,ST003,Market_3,Kazan,PR016,Product_16,Dairy,11,1610.84,955.3499999999999,655.49,11,0,0.0,1610.84,1.0,60,0,0,1
2026-07-09,2026,7,2026-07,2026-07-01,9,Thursday,0,ST003,Market_3,Kazan,PR016,Product_16,Dairy,3,439.32,260.54999999999995,178.77000000000004,3,0,0.0,439.32,1.0,57,0,0,1
2026-07-10,2026,7,2026-07,2026-07-01,10,Friday,0,ST003,Market_3,Kazan,PR016,Product_16,Dairy,2,292.88,173.7,119.18,2,0,0.0,292.88,1.0,55,0,0,1
2026-07-11,2026,7,2026-07,2026-07-01,11,Saturday,1,ST003,Market_3,Kazan,PR016,Product_16,Dairy,11,1610.84,955.3499999999999,655.49,11,0,0.0,1610.84,1.0,44,0,0,1
2026-07-12,2026,7,2026-07,2026-07-01,12,Sunday,1,ST003,Market_3,Kazan,PR016,Product_16,Dairy,10,1464.4,868.5,595.9000000000001,10,0,0.0,1464.4,1.0,34,0,0,1
2026-07-13,2026,7,2026-07,2026-07-01,13,Monday,0,ST003,Market_3,Kazan,PR016,Product_16,Dairy,4,585.76,347.4,238.36,4,0,0.0,585.76,1.0,30,0,0,1
2026-07-14,2026,7,2026-07,2026-07-01,14,Tuesday,0,ST003,Market_3,Kazan,PR016,Product_16,Dairy,5,732.2,434.25,297.95000000000005,5,0,0.0,732.2,1.0,25,0,0,1
2026-07-15,2026,7,2026-07,2026-07-01,15,Wednesday,0,ST003,Market_3,Kazan,PR016,Product_16,Dairy,9,1317.96,781.65,536.3100000000001,9,0,0.0,1317.96,1.0,16,0,0,1
2026-07-16,2026,7,2026-07,2026-07-01,16,Thursday,0,ST003,Market_3,Kazan,PR016,Product_16,Dairy,7,1025.08,607.9499999999999,417.13,7,0,0.0,1025.08,1.0,9,98,0,1
2026-07-17,2026,7,2026-07,2026-07-01,17,Friday,0,ST003,Market_3,Kazan,PR016,Product_16,Dairy,9,1317.96,781.65,536.3100000000001,10,1,146.44,1464.4,0.9,0,0,1,0
2026-07-18,2026,7,2026-07,2026-07-01,18,Saturday,1,ST003,Market_3,Kazan,PR016,Product_16,Dairy,14,2050.16,1215.8999999999999,834.26,14,0,0.0,2050.16,1.0,84,0,0,1
2026-07-19,2026,7,2026-07,2026-07-01,19,Sunday,1,ST003,Market_3,Kazan,PR016,Product_16,Dairy,14,2050.16,1215.8999999999999,834.26,14,0,0.0,2050.16,1.0,70,0,0,1
2026-07-20,2026,7,2026-07,2026-07-01,20,Monday,0,ST003,Market_3,Kazan,PR016,Product_16,Dairy,7,1025.08,607.9499999999999,417.13,7,0,0.0,1025.08,1.0,63,0,0,1
2026-07-21,2026,7,2026-07,2026-07-01,21,Tuesday,0,ST003,Market_3,Kazan,PR016,Product_16,Dairy,5,732.2,434.25,297.95000000000005,5,0,0.0,732.2,1.0,58,0,0,1
2026-07-22,2026,7,2026-07,2026-07-01,22,Wednesday,0,ST003,Market_3,Kazan,PR016,Product_16,Dairy,8,1171.52,694.8,476.72,8,0,0.0,1171.52,1.0,50,0,0,1
2026-07-23,2026,7,2026-07,2026-07-01,23,Thursday,0,ST003,Market_3,Kazan,PR016,Product_16,Dairy,6,878.64,521.0999999999999,357.5400000000001,6,0,0.0,878.64,1.0,44,0,0,1
2026-07-24,2026,7,2026-07,2026-07-01,24,Friday,0,ST003,Market_3,Kazan,PR016,Product_16,Dairy,3,439.32,260.54999999999995,178.77000000000004,3,0,0.0,439.32,1.0,41,0,0,1
2026-07-25,2026,7,2026-07,2026-07-01,25,Saturday,1,ST003,Market_3,Kazan,PR016,Product_16,Dairy,9,1317.96,781.65,536.3100000000001,9,0,0.0,1317.96,1.0,32,0,0,1
2026-07-26,2026,7,2026-07,2026-07-01,26,Sunday,1,ST003,Market_3,Kazan,PR016,Product_16,Dairy,10,1464.4,868.5,595.9000000000001,10,0,0.0,1464.4,1.0,22,0,0,1
2026-07-27,2026,7,2026-07,2026-07-01,27,Monday,0,ST003,Market_3,Kazan,PR016,Product_16,Dairy,3,439.32,260.54999999999995,178.77000000000004,3,0,0.0,439.32,1.0,19,0,0,1
2026-07-28,2026,7,2026-07,2026-07-01,28,Tuesday,0,ST003,Market_3,Kazan,PR016,Product_16,Dairy,5,732.2,434.25,297.95000000000005,5,0,0.0,732.2,1.0,14,98,0,1
2026-07-29,2026,7,2026-07,2026-07-01,29,Wednesday,0,ST003,Market_3,Kazan,PR016,Product_16,Dairy,7,1025.08,607.9499999999999,417.13,7,0,0.0,1025.08,1.0,7,0,0,1
2026-07-30,2026,7,2026-07,2026-07-01,30,Thursday,0,ST003,Market_3,Kazan,PR016,Product_16,Dairy,9,1317.96,781.65,536.3100000000001,9,0,0.0,1317.96,1.0,96,0,0,1
2026-07-31,2026,7,2026-07,2026-07-01,31,Friday,0,ST003,Market_3,Kazan,PR016,Product_16,Dairy,7,1025.08,607.9499999999999,417.13,7,0,0.0,1025.08,1.0,89,0,0,1
2026-08-01,2026,8,2026-08,2026-08-01,1,Saturday,1,ST003,Market_3,Kazan,PR016,Product_16,Dairy,10,1464.4,868.5,595.9000000000001,10,0,0.0,1464.4,1.0,79,0,0,1
2026-08-02,2026,8,2026-08,2026-08-01,2,Sunday,1,ST003,Market_3,Kazan,PR016,Product_16,Dairy,9,1317.96,781.65,536.3100000000001,9,0,0.0,1317.96,1.0,70,0,0,1
2026-08-03,2026,8,2026-08,2026-08-01,3,Monday,0,ST003,Market_3,Kazan,PR016,Product_16,Dairy,14,2050.16,1215.8999999999999,834.26,14,0,0.0,2050.16,1.0,56,0,0,1
2026-08-04,2026,8,2026-08,2026-08-01,4,Tuesday,0,ST003,Market_3,Kazan,PR016,Product_16,Dairy,12,1757.28,1042.1999999999998,715.0800000000002,12,0,0.0,1757.28,1.0,44,0,0,1
2026-08-05,2026,8,2026-08,2026-08-01,5,Wednesday,0,ST003,Market_3,Kazan,PR016,Product_16,Dairy,10,1464.4,868.5,595.9000000000001,10,0,0.0,1464.4,1.0,34,0,0,1
2026-08-06,2026,8,2026-08,2026-08-01,6,Thursday,0,ST003,Market_3,Kazan,PR016,Product_16,Dairy,9,1317.96,781.65,536.3100000000001,9,0,0.0,1317.96,1.0,25,0,0,1
2026-08-07,2026,8,2026-08,2026-08-01,7,Friday,0,ST003,Market_3,Kazan,PR016,Product_16,Dairy,12,1757.28,1042.1999999999998,715.0800000000002,12,0,0.0,1757.28,1.0,13,0,0,1
2026-08-08,2026,8,2026-08,2026-08-01,8,Saturday,1,ST003,Market_3,Kazan,PR016,Product_16,Dairy,5,732.2,434.25,297.95000000000005,5,0,0.0,732.2,1.0,8,0,0,1
2026-08-09,2026,8,2026-08,2026-08-01,9,Sunday,1,ST003,Market_3,Kazan,PR016,Product_16,Dairy,8,1171.52,694.8,476.72,10,2,292.88,1464.4,0.8,0,98,1,0
2026-08-10,2026,8,2026-08,2026-08-01,10,Monday,0,ST003,Market_3,Kazan,PR016,Product_16,Dairy,0,0.0,0.0,0.0,8,8,1171.52,1171.52,0.0,0,0,1,0
2026-08-11,2026,8,2026-08,2026-08-01,11,Tuesday,0,ST003,Market_3,Kazan,PR016,Product_16,Dairy,3,439.32,260.54999999999995,178.77000000000004,3,0,0.0,439.32,1.0,95,0,0,1
2026-08-12,2026,8,2026-08,2026-08-01,12,Wednesday,0,ST003,Market_3,Kazan,PR016,Product_16,Dairy,6,878.64,521.0999999999999,357.5400000000001,6,0,0.0,878.64,1.0,89,0,0,1
2026-08-13,2026,8,2026-08,2026-08-01,13,Thursday,0,ST003,Market_3,Kazan,PR016,Product_16,Dairy,6,878.64,521.0999999999999,357.5400000000001,6,0,0.0,878.64,1.0,83,0,0,1
2026-08-14,2026,8,2026-08,2026-08-01,14,Friday,0,ST003,Market_3,Kazan,PR016,Product_16,Dairy,14,2050.16,1215.8999999999999,834.26,14,0,0.0,2050.16,1.0,69,0,0,1
2026-08-15,2026,8,2026-08,2026-08-01,15,Saturday,1,ST003,Market_3,Kazan,PR016,Product_16,Dairy,7,1025.08,607.9499999999999,417.13,7,0,0.0,1025.08,1.0,62,0,0,1
2026-08-16,2026,8,2026-08,2026-08-01,16,Sunday,1,ST003,Market_3,Kazan,PR016,Product_16,Dairy,12,1757.28,1042.1999999999998,715.0800000000002,12,0,0.0,1757.28,1.0,50,0,0,1
2026-08-17,2026,8,2026-08,2026-08-01,17,Monday,0,ST003,Market_3,Kazan,PR016,Product_16,Dairy,9,1317.96,781.65,536.3100000000001,9,0,0.0,1317.96,1.0,41,0,0,1
2026-08-18,2026,8,2026-08,2026-08-01,18,Tuesday,0,ST003,Market_3,Kazan,PR016,Product_16,Dairy,6,878.64,521.0999999999999,357.5400000000001,6,0,0.0,878.64,1.0,35,0,0,1
2026-08-19,2026,8,2026-08,2026-08-01,19,Wednesday,0,ST003,Market_3,Kazan,PR016,Product_16,Dairy,9,1317.96,781.65,536.3100000000001,9,0,0.0,1317.96,1.0,26,0,0,1
2026-08-20,2026,8,2026-08,2026-08-01,20,Thursday,0,ST003,Market_3,Kazan,PR016,Product_16,Dairy,10,1464.4,868.5,595.9000000000001,10,0,0.0,1464.4,1.0,16,0,0,1
2026-08-21,2026,8,2026-08,2026-08-01,21,Friday,0,ST003,Market_3,Kazan,PR016,Product_16,Dairy,8,1171.52,694.8,476.72,8,0,0.0,1171.52,1.0,8,98,0,1
2026-08-22,2026,8,2026-08,2026-08-01,22,Saturday,1,ST003,Market_3,Kazan,PR016,Product_16,Dairy,7,1025.08,607.9499999999999,417.13,7,0,0.0,1025.08,1.0,1,0,0,1
2026-08-23,2026,8,2026-08,2026-08-01,23,Sunday,1,ST003,Market_3,Kazan,PR016,Product_16,Dairy,10,1464.4,868.5,595.9000000000001,10,0,0.0,1464.4,1.0,89,0,0,1
2026-08-24,2026,8,2026-08,2026-08-01,24,Monday,0,ST003,Market_3,Kazan,PR016,Product_16,Dairy,9,1317.96,781.65,536.3100000000001,9,0,0.0,1317.96,1.0,80,0,0,1
2026-08-25,2026,8,2026-08,2026-08-01,25,Tuesday,0,ST003,Market_3,Kazan,PR016,Product_16,Dairy,8,1171.52,694.8,476.72,8,0,0.0,1171.52,1.0,72,0,0,1
2026-08-26,2026,8,2026-08,2026-08-01,26,Wednesday,0,ST003,Market_3,Kazan,PR016,Product_16,Dairy,6,878.64,521.0999999999999,357.5400000000001,6,0,0.0,878.64,1.0,66,0,0,1
2026-08-27,2026,8,2026-08,2026-08-01,27,Thursday,0,ST003,Market_3,Kazan,PR016,Product_16,Dairy,6,878.64,521.0999999999999,357.5400000000001,6,0,0.0,878.64,1.0,60,0,0,1
2026-08-28,2026,8,2026-08,2026-08-01,28,Friday,0,ST003,Market_3,Kazan,PR016,Product_16,Dairy,8,1171.52,694.8,476.72,8,0,0.0,1171.52,1.0,52,0,0,1
2026-08-29,2026,8,2026-08,2026-08-01,29,Saturday,1,ST003,Market_3,Kazan,PR016,Product_16,Dairy,8,1171.52,694.8,476.72,8,0,0.0,1171.52,1.0,44,0,0,1
2026-08-30,2026,8,2026-08,2026-08-01,30,Sunday,1,ST003,Market_3,Kazan,PR016,Product_16,Dairy,8,1171.52,694.8,476.72,8,0,0.0,1171.52,1.0,36,0,0,1
2026-08-31,2026,8,2026-08,2026-08-01,31,Monday,0,ST003,Market_3,Kazan,PR016,Product_16,Dairy,3,439.32,260.54999999999995,178.77000000000004,3,0,0.0,439.32,1.0,33,0,0,1
2026-09-01,2026,9,2026-09,2026-09-01,1,Tuesday,0,ST003,Market_3,Kazan,PR016,Product_16,Dairy,8,1171.52,694.8,476.72,8,0,0.0,1171.52,1.0,25,0,0,1
2026-09-02,2026,9,2026-09,2026-09-01,2,Wednesday,0,ST003,Market_3,Kazan,PR016,Product_16,Dairy,10,1464.4,868.5,595.9000000000001,10,0,0.0,1464.4,1.0,15,0,0,1
2026-09-03,2026,9,2026-09,2026-09-01,3,Thursday,0,ST003,Market_3,Kazan,PR016,Product_16,Dairy,5,732.2,434.25,297.95000000000005,5,0,0.0,732.2,1.0,10,98,0,1
2026-09-04,2026,9,2026-09,2026-09-01,4,Friday,0,ST003,Market_3,Kazan,PR016,Product_16,Dairy,8,1171.52,694.8,476.72,8,0,0.0,1171.52,1.0,2,0,0,1
2026-09-05,2026,9,2026-09,2026-09-01,5,Saturday,1,ST003,Market_3,Kazan,PR016,Product_16,Dairy,8,1171.52,694.8,476.72,8,0,0.0,1171.52,1.0,92,0,0,1
2026-09-06,2026,9,2026-09,2026-09-01,6,Sunday,1,ST003,Market_3,Kazan,PR016,Product_16,Dairy,5,732.2,434.25,297.95000000000005,5,0,0.0,732.2,1.0,87,0,0,1
2026-09-07,2026,9,2026-09,2026-09-01,7,Monday,0,ST003,Market_3,Kazan,PR016,Product_16,Dairy,6,878.64,521.0999999999999,357.5400000000001,6,0,0.0,878.64,1.0,81,0,0,1
2026-06-10,2026,6,2026-06,2026-06-01,10,Wednesday,0,ST003,Market_3,Kazan,PR017,Product_17,Snacks,18,2443.5,1746.18,697.3199999999999,18,0,0.0,2443.5,1.0,234,0,0,1
2026-06-11,2026,6,2026-06,2026-06-01,11,Thursday,0,ST003,Market_3,Kazan,PR017,Product_17,Snacks,16,2172.0,1552.16,619.8399999999999,16,0,0.0,2172.0,1.0,218,0,0,1
2026-06-12,2026,6,2026-06,2026-06-01,12,Friday,0,ST003,Market_3,Kazan,PR017,Product_17,Snacks,19,2579.25,1843.19,736.06,19,0,0.0,2579.25,1.0,199,0,0,1
2026-06-13,2026,6,2026-06,2026-06-01,13,Saturday,1,ST003,Market_3,Kazan,PR017,Product_17,Snacks,26,3529.5,2522.26,1007.2399999999998,26,0,0.0,3529.5,1.0,173,0,0,1
2026-06-14,2026,6,2026-06,2026-06-01,14,Sunday,1,ST003,Market_3,Kazan,PR017,Product_17,Snacks,24,3258.0,2328.2400000000002,929.7599999999998,24,0,0.0,3258.0,1.0,149,0,0,1
2026-06-15,2026,6,2026-06,2026-06-01,15,Monday,0,ST003,Market_3,Kazan,PR017,Product_17,Snacks,27,3665.25,2619.27,1045.98,27,0,0.0,3665.25,1.0,122,0,0,1
2026-06-16,2026,6,2026-06,2026-06-01,16,Tuesday,0,ST003,Market_3,Kazan,PR017,Product_17,Snacks,15,2036.25,1455.15,581.0999999999999,15,0,0.0,2036.25,1.0,107,0,0,1
2026-06-17,2026,6,2026-06,2026-06-01,17,Wednesday,0,ST003,Market_3,Kazan,PR017,Product_17,Snacks,22,2986.5,2134.2200000000003,852.2799999999997,22,0,0.0,2986.5,1.0,85,0,0,1
2026-06-18,2026,6,2026-06,2026-06-01,18,Thursday,0,ST003,Market_3,Kazan,PR017,Product_17,Snacks,11,1493.25,1067.1100000000001,426.1399999999999,11,0,0.0,1493.25,1.0,74,0,0,1
2026-06-19,2026,6,2026-06,2026-06-01,19,Friday,0,ST003,Market_3,Kazan,PR017,Product_17,Snacks,18,2443.5,1746.18,697.3199999999999,18,0,0.0,2443.5,1.0,56,0,0,1
2026-06-20,2026,6,2026-06,2026-06-01,20,Saturday,1,ST003,Market_3,Kazan,PR017,Product_17,Snacks,37,5022.75,3589.3700000000003,1433.3799999999997,37,0,0.0,5022.75,1.0,19,252,0,1
2026-06-21,2026,6,2026-06,2026-06-01,21,Sunday,1,ST003,Market_3,Kazan,PR017,Product_17,Snacks,19,2579.25,1843.19,736.06,29,10,1357.5,3936.75,0.6551724137931034,0,0,1,0
2026-06-22,2026,6,2026-06,2026-06-01,22,Monday,0,ST003,Market_3,Kazan,PR017,Product_17,Snacks,14,1900.5,1358.14,542.3599999999999,14,0,0.0,1900.5,1.0,238,0,0,1
2026-06-23,2026,6,2026-06,2026-06-01,23,Tuesday,0,ST003,Market_3,Kazan,PR017,Product_17,Snacks,18,2443.5,1746.18,697.3199999999999,18,0,0.0,2443.5,1.0,220,0,0,1
2026-06-24,2026,6,2026-06,2026-06-01,24,Wednesday,0,ST003,Market_3,Kazan,PR017,Product_17,Snacks,15,2036.25,1455.15,581.0999999999999,15,0,0.0,2036.25,1.0,205,0,0,1
2026-06-25,2026,6,2026-06,2026-06-01,25,Thursday,0,ST003,Market_3,Kazan,PR017,Product_17,Snacks,18,2443.5,1746.18,697.3199999999999,18,0,0.0,2443.5,1.0,187,0,0,1
2026-06-26,2026,6,2026-06,2026-06-01,26,Friday,0,ST003,Market_3,Kazan,PR017,Product_17,Snacks,14,1900.5,1358.14,542.3599999999999,14,0,0.0,1900.5,1.0,173,0,0,1
2026-06-27,2026,6,2026-06,2026-06-01,27,Saturday,1,ST003,Market_3,Kazan,PR017,Product_17,Snacks,22,2986.5,2134.2200000000003,852.2799999999997,22,0,0.0,2986.5,1.0,151,0,0,1
2026-06-28,2026,6,2026-06,2026-06-01,28,Sunday,1,ST003,Market_3,Kazan,PR017,Product_17,Snacks,23,3122.25,2231.23,891.02,23,0,0.0,3122.25,1.0,128,0,0,1
2026-06-29,2026,6,2026-06,2026-06-01,29,Monday,0,ST003,Market_3,Kazan,PR017,Product_17,Snacks,27,3665.25,2619.27,1045.98,27,0,0.0,3665.25,1.0,101,0,0,1
2026-06-30,2026,6,2026-06,2026-06-01,30,Tuesday,0,ST003,Market_3,Kazan,PR017,Product_17,Snacks,13,1764.75,1261.13,503.6199999999999,13,0,0.0,1764.75,1.0,88,0,0,1
2026-07-01,2026,7,2026-07,2026-07-01,1,Wednesday,0,ST003,Market_3,Kazan,PR017,Product_17,Snacks,12,1629.0,1164.1200000000001,464.8799999999999,12,0,0.0,1629.0,1.0,76,0,0,1
2026-07-02,2026,7,2026-07,2026-07-01,2,Thursday,0,ST003,Market_3,Kazan,PR017,Product_17,Snacks,18,2443.5,1746.18,697.3199999999999,18,0,0.0,2443.5,1.0,58,0,0,1
2026-07-03,2026,7,2026-07,2026-07-01,3,Friday,0,ST003,Market_3,Kazan,PR017,Product_17,Snacks,9,1221.75,873.09,348.65999999999997,9,0,0.0,1221.75,1.0,49,252,0,1
2026-07-04,2026,7,2026-07,2026-07-01,4,Saturday,1,ST003,Market_3,Kazan,PR017,Product_17,Snacks,33,4479.75,3201.3300000000004,1278.4199999999996,33,0,0.0,4479.75,1.0,16,0,0,1
2026-07-05,2026,7,2026-07,2026-07-01,5,Sunday,1,ST003,Market_3,Kazan,PR017,Product_17,Snacks,25,3393.75,2425.25,968.5,25,0,0.0,3393.75,1.0,243,0,0,1
2026-07-06,2026,7,2026-07,2026-07-01,6,Monday,0,ST003,Market_3,Kazan,PR017,Product_17,Snacks,17,2307.75,1649.17,658.5799999999999,17,0,0.0,2307.75,1.0,226,0,0,1
2026-07-07,2026,7,2026-07,2026-07-01,7,Tuesday,0,ST003,Market_3,Kazan,PR017,Product_17,Snacks,19,2579.25,1843.19,736.06,19,0,0.0,2579.25,1.0,207,0,0,1
2026-07-08,2026,7,2026-07,2026-07-01,8,Wednesday,0,ST003,Market_3,Kazan,PR017,Product_17,Snacks,13,1764.75,1261.13,503.6199999999999,13,0,0.0,1764.75,1.0,194,0,0,1
2026-07-09,2026,7,2026-07,2026-07-01,9,Thursday,0,ST003,Market_3,Kazan,PR017,Product_17,Snacks,19,2579.25,1843.19,736.06,19,0,0.0,2579.25,1.0,175,0,0,1
2026-07-10,2026,7,2026-07,2026-07-01,10,Friday,0,ST003,Market_3,Kazan,PR017,Product_17,Snacks,12,1629.0,1164.1200000000001,464.8799999999999,12,0,0.0,1629.0,1.0,163,0,0,1
2026-07-11,2026,7,2026-07,2026-07-01,11,Saturday,1,ST003,Market_3,Kazan,PR017,Product_17,Snacks,23,3122.25,2231.23,891.02,23,0,0.0,3122.25,1.0,140,0,0,1
2026-07-12,2026,7,2026-07,2026-07-01,12,Sunday,1,ST003,Market_3,Kazan,PR017,Product_17,Snacks,22,2986.5,2134.2200000000003,852.2799999999997,22,0,0.0,2986.5,1.0,118,0,0,1
2026-07-13,2026,7,2026-07,2026-07-01,13,Monday,0,ST003,Market_3,Kazan,PR017,Product_17,Snacks,19,2579.25,1843.19,736.06,19,0,0.0,2579.25,1.0,99,0,0,1
2026-07-14,2026,7,2026-07,2026-07-01,14,Tuesday,0,ST003,Market_3,Kazan,PR017,Product_17,Snacks,16,2172.0,1552.16,619.8399999999999,16,0,0.0,2172.0,1.0,83,0,0,1
2026-07-15,2026,7,2026-07,2026-07-01,15,Wednesday,0,ST003,Market_3,Kazan,PR017,Product_17,Snacks,13,1764.75,1261.13,503.6199999999999,13,0,0.0,1764.75,1.0,70,0,0,1
2026-07-16,2026,7,2026-07,2026-07-01,16,Thursday,0,ST003,Market_3,Kazan,PR017,Product_17,Snacks,17,2307.75,1649.17,658.5799999999999,17,0,0.0,2307.75,1.0,53,0,0,1
2026-07-17,2026,7,2026-07,2026-07-01,17,Friday,0,ST003,Market_3,Kazan,PR017,Product_17,Snacks,21,2850.75,2037.21,813.54,21,0,0.0,2850.75,1.0,32,252,0,1
2026-07-18,2026,7,2026-07,2026-07-01,18,Saturday,1,ST003,Market_3,Kazan,PR017,Product_17,Snacks,26,3529.5,2522.26,1007.2399999999998,26,0,0.0,3529.5,1.0,6,0,0,1
2026-07-19,2026,7,2026-07,2026-07-01,19,Sunday,1,ST003,Market_3,Kazan,PR017,Product_17,Snacks,28,3801.0,2716.28,1084.7199999999998,28,0,0.0,3801.0,1.0,230,0,0,1
2026-07-20,2026,7,2026-07,2026-07-01,20,Monday,0,ST003,Market_3,Kazan,PR017,Product_17,Snacks,20,2715.0,1940.2,774.8,20,0,0.0,2715.0,1.0,210,0,0,1
2026-07-21,2026,7,2026-07,2026-07-01,21,Tuesday,0,ST003,Market_3,Kazan,PR017,Product_17,Snacks,19,2579.25,1843.19,736.06,19,0,0.0,2579.25,1.0,191,0,0,1
2026-07-22,2026,7,2026-07,2026-07-01,22,Wednesday,0,ST003,Market_3,Kazan,PR017,Product_17,Snacks,17,2307.75,1649.17,658.5799999999999,17,0,0.0,2307.75,1.0,174,0,0,1
2026-07-23,2026,7,2026-07,2026-07-01,23,Thursday,0,ST003,Market_3,Kazan,PR017,Product_17,Snacks,17,2307.75,1649.17,658.5799999999999,17,0,0.0,2307.75,1.0,157,0,0,1
2026-07-24,2026,7,2026-07,2026-07-01,24,Friday,0,ST003,Market_3,Kazan,PR017,Product_17,Snacks,17,2307.75,1649.17,658.5799999999999,17,0,0.0,2307.75,1.0,140,0,0,1
2026-07-25,2026,7,2026-07,2026-07-01,25,Saturday,1,ST003,Market_3,Kazan,PR017,Product_17,Snacks,29,3936.75,2813.29,1123.46,29,0,0.0,3936.75,1.0,111,0,0,1
2026-07-26,2026,7,2026-07,2026-07-01,26,Sunday,1,ST003,Market_3,Kazan,PR017,Product_17,Snacks,16,2172.0,1552.16,619.8399999999999,16,0,0.0,2172.0,1.0,95,0,0,1
2026-07-27,2026,7,2026-07,2026-07-01,27,Monday,0,ST003,Market_3,Kazan,PR017,Product_17,Snacks,24,3258.0,2328.2400000000002,929.7599999999998,24,0,0.0,3258.0,1.0,71,0,0,1
2026-07-28,2026,7,2026-07,2026-07-01,28,Tuesday,0,ST003,Market_3,Kazan,PR017,Product_17,Snacks,16,2172.0,1552.16,619.8399999999999,16,0,0.0,2172.0,1.0,55,0,0,1
2026-07-29,2026,7,2026-07,2026-07-01,29,Wednesday,0,ST003,Market_3,Kazan,PR017,Product_17,Snacks,14,1900.5,1358.14,542.3599999999999,14,0,0.0,1900.5,1.0,41,0,0,1
2026-07-30,2026,7,2026-07,2026-07-01,30,Thursday,0,ST003,Market_3,Kazan,PR017,Product_17,Snacks,17,2307.75,1649.17,658.5799999999999,17,0,0.0,2307.75,1.0,24,252,0,1
2026-07-31,2026,7,2026-07,2026-07-01,31,Friday,0,ST003,Market_3,Kazan,PR017,Product_17,Snacks,18,2443.5,1746.18,697.3199999999999,18,0,0.0,2443.5,1.0,6,0,0,1
2026-08-01,2026,8,2026-08,2026-08-01,1,Saturday,1,ST003,Market_3,Kazan,PR017,Product_17,Snacks,31,4208.25,3007.31,1200.94,31,0,0.0,4208.25,1.0,227,0,0,1
2026-08-02,2026,8,2026-08,2026-08-01,2,Sunday,1,ST003,Market_3,Kazan,PR017,Product_17,Snacks,24,3258.0,2328.2400000000002,929.7599999999998,24,0,0.0,3258.0,1.0,203,0,0,1
2026-08-03,2026,8,2026-08,2026-08-01,3,Monday,0,ST003,Market_3,Kazan,PR017,Product_17,Snacks,10,1357.5,970.1,387.4,10,0,0.0,1357.5,1.0,193,0,0,1
2026-08-04,2026,8,2026-08,2026-08-01,4,Tuesday,0,ST003,Market_3,Kazan,PR017,Product_17,Snacks,18,2443.5,1746.18,697.3199999999999,18,0,0.0,2443.5,1.0,175,0,0,1
2026-08-05,2026,8,2026-08,2026-08-01,5,Wednesday,0,ST003,Market_3,Kazan,PR017,Product_17,Snacks,18,2443.5,1746.18,697.3199999999999,18,0,0.0,2443.5,1.0,157,0,0,1
2026-08-06,2026,8,2026-08,2026-08-01,6,Thursday,0,ST003,Market_3,Kazan,PR017,Product_17,Snacks,17,2307.75,1649.17,658.5799999999999,17,0,0.0,2307.75,1.0,140,0,0,1
2026-08-07,2026,8,2026-08,2026-08-01,7,Friday,0,ST003,Market_3,Kazan,PR017,Product_17,Snacks,17,2307.75,1649.17,658.5799999999999,17,0,0.0,2307.75,1.0,123,0,0,1
2026-08-08,2026,8,2026-08,2026-08-01,8,Saturday,1,ST003,Market_3,Kazan,PR017,Product_17,Snacks,29,3936.75,2813.29,1123.46,29,0,0.0,3936.75,1.0,94,0,0,1
2026-08-09,2026,8,2026-08,2026-08-01,9,Sunday,1,ST003,Market_3,Kazan,PR017,Product_17,Snacks,29,3936.75,2813.29,1123.46,29,0,0.0,3936.75,1.0,65,0,0,1
2026-08-10,2026,8,2026-08,2026-08-01,10,Monday,0,ST003,Market_3,Kazan,PR017,Product_17,Snacks,17,2307.75,1649.17,658.5799999999999,17,0,0.0,2307.75,1.0,48,0,0,1
2026-08-11,2026,8,2026-08,2026-08-01,11,Tuesday,0,ST003,Market_3,Kazan,PR017,Product_17,Snacks,21,2850.75,2037.21,813.54,21,0,0.0,2850.75,1.0,27,0,0,1
2026-08-12,2026,8,2026-08,2026-08-01,12,Wednesday,0,ST003,Market_3,Kazan,PR017,Product_17,Snacks,15,2036.25,1455.15,581.0999999999999,15,0,0.0,2036.25,1.0,12,252,0,1
2026-08-13,2026,8,2026-08,2026-08-01,13,Thursday,0,ST003,Market_3,Kazan,PR017,Product_17,Snacks,12,1629.0,1164.1200000000001,464.8799999999999,21,9,1221.75,2850.75,0.5714285714285714,0,0,1,0
2026-08-14,2026,8,2026-08,2026-08-01,14,Friday,0,ST003,Market_3,Kazan,PR017,Product_17,Snacks,21,2850.75,2037.21,813.54,21,0,0.0,2850.75,1.0,231,0,0,1
2026-08-15,2026,8,2026-08,2026-08-01,15,Saturday,1,ST003,Market_3,Kazan,PR017,Product_17,Snacks,28,3801.0,2716.28,1084.7199999999998,28,0,0.0,3801.0,1.0,203,0,0,1
2026-08-16,2026,8,2026-08,2026-08-01,16,Sunday,1,ST003,Market_3,Kazan,PR017,Product_17,Snacks,27,3665.25,2619.27,1045.98,27,0,0.0,3665.25,1.0,176,0,0,1
2026-08-17,2026,8,2026-08,2026-08-01,17,Monday,0,ST003,Market_3,Kazan,PR017,Product_17,Snacks,18,2443.5,1746.18,697.3199999999999,18,0,0.0,2443.5,1.0,158,0,0,1
2026-08-18,2026,8,2026-08,2026-08-01,18,Tuesday,0,ST003,Market_3,Kazan,PR017,Product_17,Snacks,24,3258.0,2328.2400000000002,929.7599999999998,24,0,0.0,3258.0,1.0,134,0,0,1
2026-08-19,2026,8,2026-08,2026-08-01,19,Wednesday,0,ST003,Market_3,Kazan,PR017,Product_17,Snacks,16,2172.0,1552.16,619.8399999999999,16,0,0.0,2172.0,1.0,118,0,0,1
2026-08-20,2026,8,2026-08,2026-08-01,20,Thursday,0,ST003,Market_3,Kazan,PR017,Product_17,Snacks,19,2579.25,1843.19,736.06,19,0,0.0,2579.25,1.0,99,0,0,1
2026-08-21,2026,8,2026-08,2026-08-01,21,Friday,0,ST003,Market_3,Kazan,PR017,Product_17,Snacks,14,1900.5,1358.14,542.3599999999999,14,0,0.0,1900.5,1.0,85,0,0,1
2026-08-22,2026,8,2026-08,2026-08-01,22,Saturday,1,ST003,Market_3,Kazan,PR017,Product_17,Snacks,26,3529.5,2522.26,1007.2399999999998,26,0,0.0,3529.5,1.0,59,0,0,1
2026-08-23,2026,8,2026-08,2026-08-01,23,Sunday,1,ST003,Market_3,Kazan,PR017,Product_17,Snacks,23,3122.25,2231.23,891.02,23,0,0.0,3122.25,1.0,36,0,0,1
2026-08-24,2026,8,2026-08,2026-08-01,24,Monday,0,ST003,Market_3,Kazan,PR017,Product_17,Snacks,18,2443.5,1746.18,697.3199999999999,18,0,0.0,2443.5,1.0,18,252,0,1
2026-08-25,2026,8,2026-08,2026-08-01,25,Tuesday,0,ST003,Market_3,Kazan,PR017,Product_17,Snacks,18,2443.5,1746.18,697.3199999999999,20,2,271.5,2715.0,0.9,0,0,1,0
2026-08-26,2026,8,2026-08,2026-08-01,26,Wednesday,0,ST003,Market_3,Kazan,PR017,Product_17,Snacks,17,2307.75,1649.17,658.5799999999999,17,0,0.0,2307.75,1.0,235,0,0,1
2026-08-27,2026,8,2026-08,2026-08-01,27,Thursday,0,ST003,Market_3,Kazan,PR017,Product_17,Snacks,23,3122.25,2231.23,891.02,23,0,0.0,3122.25,1.0,212,0,0,1
2026-08-28,2026,8,2026-08,2026-08-01,28,Friday,0,ST003,Market_3,Kazan,PR017,Product_17,Snacks,18,2443.5,1746.18,697.3199999999999,18,0,0.0,2443.5,1.0,194,0,0,1
2026-08-29,2026,8,2026-08,2026-08-01,29,Saturday,1,ST003,Market_3,Kazan,PR017,Product_17,Snacks,28,3801.0,2716.28,1084.7199999999998,28,0,0.0,3801.0,1.0,166,0,0,1
2026-08-30,2026,8,2026-08,2026-08-01,30,Sunday,1,ST003,Market_3,Kazan,PR017,Product_17,Snacks,25,3393.75,2425.25,968.5,25,0,0.0,3393.75,1.0,141,0,0,1
2026-08-31,2026,8,2026-08,2026-08-01,31,Monday,0,ST003,Market_3,Kazan,PR017,Product_17,Snacks,21,2850.75,2037.21,813.54,21,0,0.0,2850.75,1.0,120,0,0,1
2026-09-01,2026,9,2026-09,2026-09-01,1,Tuesday,0,ST003,Market_3,Kazan,PR017,Product_17,Snacks,19,2579.25,1843.19,736.06,19,0,0.0,2579.25,1.0,101,0,0,1
2026-09-02,2026,9,2026-09,2026-09-01,2,Wednesday,0,ST003,Market_3,Kazan,PR017,Product_17,Snacks,17,2307.75,1649.17,658.5799999999999,17,0,0.0,2307.75,1.0,84,0,0,1
2026-09-03,2026,9,2026-09,2026-09-01,3,Thursday,0,ST003,Market_3,Kazan,PR017,Product_17,Snacks,23,3122.25,2231.23,891.02,23,0,0.0,3122.25,1.0,61,0,0,1
2026-09-04,2026,9,2026-09,2026-09-01,4,Friday,0,ST003,Market_3,Kazan,PR017,Product_17,Snacks,23,3122.25,2231.23,891.02,23,0,0.0,3122.25,1.0,38,0,0,1
2026-09-05,2026,9,2026-09,2026-09-01,5,Saturday,1,ST003,Market_3,Kazan,PR017,Product_17,Snacks,19,2579.25,1843.19,736.06,19,0,0.0,2579.25,1.0,19,252,0,1
2026-09-06,2026,9,2026-09,2026-09-01,6,Sunday,1,ST003,Market_3,Kazan,PR017,Product_17,Snacks,19,2579.25,1843.19,736.06,19,0,0.0,2579.25,1.0,0,0,1,0
2026-09-07,2026,9,2026-09,2026-09-01,7,Monday,0,ST003,Market_3,Kazan,PR017,Product_17,Snacks,24,3258.0,2328.2400000000002,929.7599999999998,24,0,0.0,3258.0,1.0,228,0,0,1
2026-06-10,2026,6,2026-06,2026-06-01,10,Wednesday,0,ST003,Market_3,Kazan,PR018,Product_18,Beverages,20,678.4,520.8,157.60000000000002,20,0,0.0,678.4000000000001,1.0,274,0,0,1
2026-06-11,2026,6,2026-06,2026-06-01,11,Thursday,0,ST003,Market_3,Kazan,PR018,Product_18,Beverages,22,746.24,572.88,173.36,22,0,0.0,746.24,1.0,252,0,0,1
2026-06-12,2026,6,2026-06,2026-06-01,12,Friday,0,ST003,Market_3,Kazan,PR018,Product_18,Beverages,16,542.72,416.64,126.08000000000004,16,0,0.0,542.72,1.0,236,0,0,1
2026-06-13,2026,6,2026-06,2026-06-01,13,Saturday,1,ST003,Market_3,Kazan,PR018,Product_18,Beverages,36,1221.12,937.4399999999999,283.67999999999995,36,0,0.0,1221.1200000000001,1.0,200,0,0,1
2026-06-14,2026,6,2026-06,2026-06-01,14,Sunday,1,ST003,Market_3,Kazan,PR018,Product_18,Beverages,31,1051.52,807.24,244.27999999999997,31,0,0.0,1051.52,1.0,169,0,0,1
2026-06-15,2026,6,2026-06,2026-06-01,15,Monday,0,ST003,Market_3,Kazan,PR018,Product_18,Beverages,19,644.48,494.76,149.72000000000003,19,0,0.0,644.48,1.0,150,0,0,1
2026-06-16,2026,6,2026-06,2026-06-01,16,Tuesday,0,ST003,Market_3,Kazan,PR018,Product_18,Beverages,26,881.92,677.04,204.88,26,0,0.0,881.9200000000001,1.0,124,0,0,1
2026-06-17,2026,6,2026-06,2026-06-01,17,Wednesday,0,ST003,Market_3,Kazan,PR018,Product_18,Beverages,19,644.48,494.76,149.72000000000003,19,0,0.0,644.48,1.0,105,0,0,1
2026-06-18,2026,6,2026-06,2026-06-01,18,Thursday,0,ST003,Market_3,Kazan,PR018,Product_18,Beverages,19,644.48,494.76,149.72000000000003,19,0,0.0,644.48,1.0,86,0,0,1
2026-06-19,2026,6,2026-06,2026-06-01,19,Friday,0,ST003,Market_3,Kazan,PR018,Product_18,Beverages,15,508.8,390.59999999999997,118.20000000000005,15,0,0.0,508.8,1.0,71,0,0,1
2026-06-20,2026,6,2026-06,2026-06-01,20,Saturday,1,ST003,Market_3,Kazan,PR018,Product_18,Beverages,30,1017.6,781.1999999999999,236.4000000000001,30,0,0.0,1017.6,1.0,41,294,0,1
2026-06-21,2026,6,2026-06,2026-06-01,21,Sunday,1,ST003,Market_3,Kazan,PR018,Product_18,Beverages,26,881.92,677.04,204.88,26,0,0.0,881.9200000000001,1.0,15,0,0,1
2026-06-22,2026,6,2026-06,2026-06-01,22,Monday,0,ST003,Market_3,Kazan,PR018,Product_18,Beverages,13,440.96,338.52,102.44,13,0,0.0,440.96000000000004,1.0,296,0,0,1
2026-06-23,2026,6,2026-06,2026-06-01,23,Tuesday,0,ST003,Market_3,Kazan,PR018,Product_18,Beverages,15,508.8,390.59999999999997,118.20000000000005,15,0,0.0,508.8,1.0,281,0,0,1
2026-06-24,2026,6,2026-06,2026-06-01,24,Wednesday,0,ST003,Market_3,Kazan,PR018,Product_18,Beverages,19,644.48,494.76,149.72000000000003,19,0,0.0,644.48,1.0,262,0,0,1
2026-06-25,2026,6,2026-06,2026-06-01,25,Thursday,0,ST003,Market_3,Kazan,PR018,Product_18,Beverages,14,474.88,364.56,110.32,14,0,0.0,474.88,1.0,248,0,0,1
2026-06-26,2026,6,2026-06,2026-06-01,26,Friday,0,ST003,Market_3,Kazan,PR018,Product_18,Beverages,20,678.4,520.8,157.60000000000002,20,0,0.0,678.4000000000001,1.0,228,0,0,1
2026-06-27,2026,6,2026-06,2026-06-01,27,Saturday,1,ST003,Market_3,Kazan,PR018,Product_18,Beverages,29,983.68,755.16,228.51999999999998,29,0,0.0,983.6800000000001,1.0,199,0,0,1
2026-06-28,2026,6,2026-06,2026-06-01,28,Sunday,1,ST003,Market_3,Kazan,PR018,Product_18,Beverages,17,576.64,442.68,133.95999999999998,17,0,0.0,576.64,1.0,182,0,0,1
2026-06-29,2026,6,2026-06,2026-06-01,29,Monday,0,ST003,Market_3,Kazan,PR018,Product_18,Beverages,17,576.64,442.68,133.95999999999998,17,0,0.0,576.64,1.0,165,0,0,1
2026-06-30,2026,6,2026-06,2026-06-01,30,Tuesday,0,ST003,Market_3,Kazan,PR018,Product_18,Beverages,20,678.4,520.8,157.60000000000002,20,0,0.0,678.4000000000001,1.0,145,0,0,1
2026-07-01,2026,7,2026-07,2026-07-01,1,Wednesday,0,ST003,Market_3,Kazan,PR018,Product_18,Beverages,24,814.08,624.96,189.12,24,0,0.0,814.08,1.0,121,0,0,1
2026-07-02,2026,7,2026-07,2026-07-01,2,Thursday,0,ST003,Market_3,Kazan,PR018,Product_18,Beverages,25,848.0,651.0,197.0,25,0,0.0,848.0,1.0,96,0,0,1
2026-07-03,2026,7,2026-07,2026-07-01,3,Friday,0,ST003,Market_3,Kazan,PR018,Product_18,Beverages,19,644.48,494.76,149.72000000000003,19,0,0.0,644.48,1.0,77,0,0,1
2026-07-04,2026,7,2026-07,2026-07-01,4,Saturday,1,ST003,Market_3,Kazan,PR018,Product_18,Beverages,29,983.68,755.16,228.51999999999998,29,0,0.0,983.6800000000001,1.0,48,294,0,1
2026-07-05,2026,7,2026-07,2026-07-01,5,Sunday,1,ST003,Market_3,Kazan,PR018,Product_18,Beverages,29,983.68,755.16,228.51999999999998,29,0,0.0,983.6800000000001,1.0,19,0,0,1
2026-07-06,2026,7,2026-07,2026-07-01,6,Monday,0,ST003,Market_3,Kazan,PR018,Product_18,Beverages,20,678.4,520.8,157.60000000000002,20,0,0.0,678.4000000000001,1.0,293,0,0,1
2026-07-07,2026,7,2026-07,2026-07-01,7,Tuesday,0,ST003,Market_3,Kazan,PR018,Product_18,Beverages,19,644.48,494.76,149.72000000000003,19,0,0.0,644.48,1.0,274,0,0,1
2026-07-08,2026,7,2026-07,2026-07-01,8,Wednesday,0,ST003,Market_3,Kazan,PR018,Product_18,Beverages,19,644.48,494.76,149.72000000000003,19,0,0.0,644.48,1.0,255,0,0,1
2026-07-09,2026,7,2026-07,2026-07-01,9,Thursday,0,ST003,Market_3,Kazan,PR018,Product_18,Beverages,24,814.08,624.96,189.12,24,0,0.0,814.08,1.0,231,0,0,1
2026-07-10,2026,7,2026-07,2026-07-01,10,Friday,0,ST003,Market_3,Kazan,PR018,Product_18,Beverages,11,373.12,286.44,86.68,11,0,0.0,373.12,1.0,220,0,0,1
2026-07-11,2026,7,2026-07,2026-07-01,11,Saturday,1,ST003,Market_3,Kazan,PR018,Product_18,Beverages,33,1119.36,859.3199999999999,260.03999999999996,33,0,0.0,1119.3600000000001,1.0,187,0,0,1
2026-07-12,2026,7,2026-07,2026-07-01,12,Sunday,1,ST003,Market_3,Kazan,PR018,Product_18,Beverages,31,1051.52,807.24,244.27999999999997,31,0,0.0,1051.52,1.0,156,0,0,1
2026-07-13,2026,7,2026-07,2026-07-01,13,Monday,0,ST003,Market_3,Kazan,PR018,Product_18,Beverages,20,678.4,520.8,157.60000000000002,20,0,0.0,678.4000000000001,1.0,136,0,0,1
2026-07-14,2026,7,2026-07,2026-07-01,14,Tuesday,0,ST003,Market_3,Kazan,PR018,Product_18,Beverages,18,610.56,468.71999999999997,141.83999999999997,18,0,0.0,610.5600000000001,1.0,118,0,0,1
2026-07-15,2026,7,2026-07,2026-07-01,15,Wednesday,0,ST003,Market_3,Kazan,PR018,Product_18,Beverages,24,814.08,624.96,189.12,24,0,0.0,814.08,1.0,94,0,0,1
2026-07-16,2026,7,2026-07,2026-07-01,16,Thursday,0,ST003,Market_3,Kazan,PR018,Product_18,Beverages,18,610.56,468.71999999999997,141.83999999999997,18,0,0.0,610.5600000000001,1.0,76,0,0,1
2026-07-17,2026,7,2026-07,2026-07-01,17,Friday,0,ST003,Market_3,Kazan,PR018,Product_18,Beverages,23,780.16,598.92,181.24,23,0,0.0,780.1600000000001,1.0,53,0,0,1
2026-07-18,2026,7,2026-07,2026-07-01,18,Saturday,1,ST003,Market_3,Kazan,PR018,Product_18,Beverages,32,1085.44,833.28,252.16000000000008,32,0,0.0,1085.44,1.0,21,294,0,1
2026-07-19,2026,7,2026-07,2026-07-01,19,Sunday,1,ST003,Market_3,Kazan,PR018,Product_18,Beverages,21,712.32,546.84,165.48000000000002,24,3,101.76,814.08,0.875,0,0,1,0
2026-07-20,2026,7,2026-07,2026-07-01,20,Monday,0,ST003,Market_3,Kazan,PR018,Product_18,Beverages,16,542.72,416.64,126.08000000000004,16,0,0.0,542.72,1.0,278,0,0,1
2026-07-21,2026,7,2026-07,2026-07-01,21,Tuesday,0,ST003,Market_3,Kazan,PR018,Product_18,Beverages,18,610.56,468.71999999999997,141.83999999999997,18,0,0.0,610.5600000000001,1.0,260,0,0,1
2026-07-22,2026,7,2026-07,2026-07-01,22,Wednesday,0,ST003,Market_3,Kazan,PR018,Product_18,Beverages,23,780.16,598.92,181.24,23,0,0.0,780.1600000000001,1.0,237,0,0,1
2026-07-23,2026,7,2026-07,2026-07-01,23,Thursday,0,ST003,Market_3,Kazan,PR018,Product_18,Beverages,27,915.84,703.0799999999999,212.7600000000001,27,0,0.0,915.84,1.0,210,0,0,1
2026-07-24,2026,7,2026-07,2026-07-01,24,Friday,0,ST003,Market_3,Kazan,PR018,Product_18,Beverages,9,305.28,234.35999999999999,70.91999999999999,9,0,0.0,305.28000000000003,1.0,201,0,0,1
2026-07-25,2026,7,2026-07,2026-07-01,25,Saturday,1,ST003,Market_3,Kazan,PR018,Product_18,Beverages,26,881.92,677.04,204.88,26,0,0.0,881.9200000000001,1.0,175,0,0,1
2026-07-26,2026,7,2026-07,2026-07-01,26,Sunday,1,ST003,Market_3,Kazan,PR018,Product_18,Beverages,19,644.48,494.76,149.72000000000003,19,0,0.0,644.48,1.0,156,0,0,1
2026-07-27,2026,7,2026-07,2026-07-01,27,Monday,0,ST003,Market_3,Kazan,PR018,Product_18,Beverages,19,644.48,494.76,149.72000000000003,19,0,0.0,644.48,1.0,137,0,0,1
2026-07-28,2026,7,2026-07,2026-07-01,28,Tuesday,0,ST003,Market_3,Kazan,PR018,Product_18,Beverages,17,576.64,442.68,133.95999999999998,17,0,0.0,576.64,1.0,120,0,0,1
2026-07-29,2026,7,2026-07,2026-07-01,29,Wednesday,0,ST003,Market_3,Kazan,PR018,Product_18,Beverages,22,746.24,572.88,173.36,22,0,0.0,746.24,1.0,98,0,0,1
2026-07-30,2026,7,2026-07,2026-07-01,30,Thursday,0,ST003,Market_3,Kazan,PR018,Product_18,Beverages,25,848.0,651.0,197.0,25,0,0.0,848.0,1.0,73,0,0,1
2026-07-31,2026,7,2026-07,2026-07-01,31,Friday,0,ST003,Market_3,Kazan,PR018,Product_18,Beverages,23,780.16,598.92,181.24,23,0,0.0,780.1600000000001,1.0,50,294,0,1
2026-08-01,2026,8,2026-08,2026-08-01,1,Saturday,1,ST003,Market_3,Kazan,PR018,Product_18,Beverages,37,1255.04,963.48,291.55999999999995,37,0,0.0,1255.04,1.0,13,0,0,1
2026-08-02,2026,8,2026-08,2026-08-01,2,Sunday,1,ST003,Market_3,Kazan,PR018,Product_18,Beverages,16,542.72,416.64,126.08000000000004,16,0,0.0,542.72,1.0,291,0,0,1
2026-08-03,2026,8,2026-08,2026-08-01,3,Monday,0,ST003,Market_3,Kazan,PR018,Product_18,Beverages,22,746.24,572.88,173.36,22,0,0.0,746.24,1.0,269,0,0,1
2026-08-04,2026,8,2026-08,2026-08-01,4,Tuesday,0,ST003,Market_3,Kazan,PR018,Product_18,Beverages,22,746.24,572.88,173.36,22,0,0.0,746.24,1.0,247,0,0,1
2026-08-05,2026,8,2026-08,2026-08-01,5,Wednesday,0,ST003,Market_3,Kazan,PR018,Product_18,Beverages,18,610.56,468.71999999999997,141.83999999999997,18,0,0.0,610.5600000000001,1.0,229,0,0,1
2026-08-06,2026,8,2026-08,2026-08-01,6,Thursday,0,ST003,Market_3,Kazan,PR018,Product_18,Beverages,24,814.08,624.96,189.12,24,0,0.0,814.08,1.0,205,0,0,1
2026-08-07,2026,8,2026-08,2026-08-01,7,Friday,0,ST003,Market_3,Kazan,PR018,Product_18,Beverages,23,780.16,598.92,181.24,23,0,0.0,780.1600000000001,1.0,182,0,0,1
2026-08-08,2026,8,2026-08,2026-08-01,8,Saturday,1,ST003,Market_3,Kazan,PR018,Product_18,Beverages,21,712.32,546.84,165.48000000000002,21,0,0.0,712.32,1.0,161,0,0,1
2026-08-09,2026,8,2026-08,2026-08-01,9,Sunday,1,ST003,Market_3,Kazan,PR018,Product_18,Beverages,27,915.84,703.0799999999999,212.7600000000001,27,0,0.0,915.84,1.0,134,0,0,1
2026-08-10,2026,8,2026-08,2026-08-01,10,Monday,0,ST003,Market_3,Kazan,PR018,Product_18,Beverages,16,542.72,416.64,126.08000000000004,16,0,0.0,542.72,1.0,118,0,0,1
2026-08-11,2026,8,2026-08,2026-08-01,11,Tuesday,0,ST003,Market_3,Kazan,PR018,Product_18,Beverages,24,814.08,624.96,189.12,24,0,0.0,814.08,1.0,94,0,0,1
2026-08-12,2026,8,2026-08,2026-08-01,12,Wednesday,0,ST003,Market_3,Kazan,PR018,Product_18,Beverages,25,848.0,651.0,197.0,25,0,0.0,848.0,1.0,69,0,0,1
2026-08-13,2026,8,2026-08,2026-08-01,13,Thursday,0,ST003,Market_3,Kazan,PR018,Product_18,Beverages,16,542.72,416.64,126.08000000000004,16,0,0.0,542.72,1.0,53,294,0,1
2026-08-14,2026,8,2026-08,2026-08-01,14,Friday,0,ST003,Market_3,Kazan,PR018,Product_18,Beverages,24,814.08,624.96,189.12,24,0,0.0,814.08,1.0,29,0,0,1
2026-08-15,2026,8,2026-08,2026-08-01,15,Saturday,1,ST003,Market_3,Kazan,PR018,Product_18,Beverages,21,712.32,546.84,165.48000000000002,21,0,0.0,712.32,1.0,302,0,0,1
2026-08-16,2026,8,2026-08,2026-08-01,16,Sunday,1,ST003,Market_3,Kazan,PR018,Product_18,Beverages,26,881.92,677.04,204.88,26,0,0.0,881.9200000000001,1.0,276,0,0,1
2026-08-17,2026,8,2026-08,2026-08-01,17,Monday,0,ST003,Market_3,Kazan,PR018,Product_18,Beverages,15,508.8,390.59999999999997,118.20000000000005,15,0,0.0,508.8,1.0,261,0,0,1
2026-08-18,2026,8,2026-08,2026-08-01,18,Tuesday,0,ST003,Market_3,Kazan,PR018,Product_18,Beverages,22,746.24,572.88,173.36,22,0,0.0,746.24,1.0,239,0,0,1
2026-08-19,2026,8,2026-08,2026-08-01,19,Wednesday,0,ST003,Market_3,Kazan,PR018,Product_18,Beverages,18,610.56,468.71999999999997,141.83999999999997,18,0,0.0,610.5600000000001,1.0,221,0,0,1
2026-08-20,2026,8,2026-08,2026-08-01,20,Thursday,0,ST003,Market_3,Kazan,PR018,Product_18,Beverages,14,474.88,364.56,110.32,14,0,0.0,474.88,1.0,207,0,0,1
2026-08-21,2026,8,2026-08,2026-08-01,21,Friday,0,ST003,Market_3,Kazan,PR018,Product_18,Beverages,15,508.8,390.59999999999997,118.20000000000005,15,0,0.0,508.8,1.0,192,0,0,1
2026-08-22,2026,8,2026-08,2026-08-01,22,Saturday,1,ST003,Market_3,Kazan,PR018,Product_18,Beverages,23,780.16,598.92,181.24,23,0,0.0,780.1600000000001,1.0,169,0,0,1
2026-08-23,2026,8,2026-08,2026-08-01,23,Sunday,1,ST003,Market_3,Kazan,PR018,Product_18,Beverages,32,1085.44,833.28,252.16000000000008,32,0,0.0,1085.44,1.0,137,0,0,1
2026-08-24,2026,8,2026-08,2026-08-01,24,Monday,0,ST003,Market_3,Kazan,PR018,Product_18,Beverages,26,881.92,677.04,204.88,26,0,0.0,881.9200000000001,1.0,111,0,0,1
2026-08-25,2026,8,2026-08,2026-08-01,25,Tuesday,0,ST003,Market_3,Kazan,PR018,Product_18,Beverages,15,508.8,390.59999999999997,118.20000000000005,15,0,0.0,508.8,1.0,96,0,0,1
2026-08-26,2026,8,2026-08,2026-08-01,26,Wednesday,0,ST003,Market_3,Kazan,PR018,Product_18,Beverages,25,848.0,651.0,197.0,25,0,0.0,848.0,1.0,71,0,0,1
2026-08-27,2026,8,2026-08,2026-08-01,27,Thursday,0,ST003,Market_3,Kazan,PR018,Product_18,Beverages,20,678.4,520.8,157.60000000000002,20,0,0.0,678.4000000000001,1.0,51,294,0,1
2026-08-28,2026,8,2026-08,2026-08-01,28,Friday,0,ST003,Market_3,Kazan,PR018,Product_18,Beverages,22,746.24,572.88,173.36,22,0,0.0,746.24,1.0,29,0,0,1
2026-08-29,2026,8,2026-08,2026-08-01,29,Saturday,1,ST003,Market_3,Kazan,PR018,Product_18,Beverages,32,1085.44,833.28,252.16000000000008,32,0,0.0,1085.44,1.0,291,0,0,1
2026-08-30,2026,8,2026-08,2026-08-01,30,Sunday,1,ST003,Market_3,Kazan,PR018,Product_18,Beverages,21,712.32,546.84,165.48000000000002,21,0,0.0,712.32,1.0,270,0,0,1
2026-08-31,2026,8,2026-08,2026-08-01,31,Monday,0,ST003,Market_3,Kazan,PR018,Product_18,Beverages,15,508.8,390.59999999999997,118.20000000000005,15,0,0.0,508.8,1.0,255,0,0,1
2026-09-01,2026,9,2026-09,2026-09-01,1,Tuesday,0,ST003,Market_3,Kazan,PR018,Product_18,Beverages,23,780.16,598.92,181.24,23,0,0.0,780.1600000000001,1.0,232,0,0,1
2026-09-02,2026,9,2026-09,2026-09-01,2,Wednesday,0,ST003,Market_3,Kazan,PR018,Product_18,Beverages,24,814.08,624.96,189.12,24,0,0.0,814.08,1.0,208,0,0,1
2026-09-03,2026,9,2026-09,2026-09-01,3,Thursday,0,ST003,Market_3,Kazan,PR018,Product_18,Beverages,15,508.8,390.59999999999997,118.20000000000005,15,0,0.0,508.8,1.0,193,0,0,1
2026-09-04,2026,9,2026-09,2026-09-01,4,Friday,0,ST003,Market_3,Kazan,PR018,Product_18,Beverages,31,1051.52,807.24,244.27999999999997,31,0,0.0,1051.52,1.0,162,0,0,1
2026-09-05,2026,9,2026-09,2026-09-01,5,Saturday,1,ST003,Market_3,Kazan,PR018,Product_18,Beverages,20,678.4,520.8,157.60000000000002,20,0,0.0,678.4000000000001,1.0,142,0,0,1
2026-09-06,2026,9,2026-09,2026-09-01,6,Sunday,1,ST003,Market_3,Kazan,PR018,Product_18,Beverages,36,1221.12,937.4399999999999,283.67999999999995,36,0,0.0,1221.1200000000001,1.0,106,0,0,1
2026-09-07,2026,9,2026-09,2026-09-01,7,Monday,0,ST003,Market_3,Kazan,PR018,Product_18,Beverages,26,881.92,677.04,204.88,26,0,0.0,881.9200000000001,1.0,80,0,0,1
2026-06-10,2026,6,2026-06,2026-06-01,10,Wednesday,0,ST003,Market_3,Kazan,PR019,Product_19,Snacks,8,1352.24,791.84,560.4,8,0,0.0,1352.24,1.0,104,0,0,1
2026-06-11,2026,6,2026-06,2026-06-01,11,Thursday,0,ST003,Market_3,Kazan,PR019,Product_19,Snacks,10,1690.3,989.8000000000001,700.4999999999999,10,0,0.0,1690.3,1.0,94,0,0,1
2026-06-12,2026,6,2026-06,2026-06-01,12,Friday,0,ST003,Market_3,Kazan,PR019,Product_19,Snacks,9,1521.27,890.82,630.4499999999999,9,0,0.0,1521.27,1.0,85,0,0,1
2026-06-13,2026,6,2026-06,2026-06-01,13,Saturday,1,ST003,Market_3,Kazan,PR019,Product_19,Snacks,8,1352.24,791.84,560.4,8,0,0.0,1352.24,1.0,77,0,0,1
2026-06-14,2026,6,2026-06,2026-06-01,14,Sunday,1,ST003,Market_3,Kazan,PR019,Product_19,Snacks,14,2366.42,1385.72,980.7,14,0,0.0,2366.42,1.0,63,0,0,1
2026-06-15,2026,6,2026-06,2026-06-01,15,Monday,0,ST003,Market_3,Kazan,PR019,Product_19,Snacks,7,1183.21,692.86,490.35,7,0,0.0,1183.21,1.0,56,0,0,1
2026-06-16,2026,6,2026-06,2026-06-01,16,Tuesday,0,ST003,Market_3,Kazan,PR019,Product_19,Snacks,12,2028.36,1187.76,840.5999999999999,12,0,0.0,2028.3600000000001,1.0,44,0,0,1
2026-06-17,2026,6,2026-06,2026-06-01,17,Wednesday,0,ST003,Market_3,Kazan,PR019,Product_19,Snacks,11,1859.33,1088.78,770.55,11,0,0.0,1859.33,1.0,33,0,0,1
2026-06-18,2026,6,2026-06,2026-06-01,18,Thursday,0,ST003,Market_3,Kazan,PR019,Product_19,Snacks,3,507.09,296.94,210.14999999999998,3,0,0.0,507.09000000000003,1.0,30,0,0,1
2026-06-19,2026,6,2026-06,2026-06-01,19,Friday,0,ST003,Market_3,Kazan,PR019,Product_19,Snacks,7,1183.21,692.86,490.35,7,0,0.0,1183.21,1.0,23,0,0,1
2026-06-20,2026,6,2026-06,2026-06-01,20,Saturday,1,ST003,Market_3,Kazan,PR019,Product_19,Snacks,15,2535.45,1484.7,1050.7499999999998,15,0,0.0,2535.45,1.0,8,112,0,1
2026-06-21,2026,6,2026-06,2026-06-01,21,Sunday,1,ST003,Market_3,Kazan,PR019,Product_19,Snacks,8,1352.24,791.84,560.4,13,5,845.15,2197.39,0.6153846153846154,0,0,1,0
2026-06-22,2026,6,2026-06,2026-06-01,22,Monday,0,ST003,Market_3,Kazan,PR019,Product_19,Snacks,10,1690.3,989.8000000000001,700.4999999999999,10,0,0.0,1690.3,1.0,102,0,0,1
2026-06-23,2026,6,2026-06,2026-06-01,23,Tuesday,0,ST003,Market_3,Kazan,PR019,Product_19,Snacks,6,1014.18,593.88,420.29999999999995,6,0,0.0,1014.1800000000001,1.0,96,0,0,1
2026-06-24,2026,6,2026-06,2026-06-01,24,Wednesday,0,ST003,Market_3,Kazan,PR019,Product_19,Snacks,8,1352.24,791.84,560.4,8,0,0.0,1352.24,1.0,88,0,0,1
2026-06-25,2026,6,2026-06,2026-06-01,25,Thursday,0,ST003,Market_3,Kazan,PR019,Product_19,Snacks,8,1352.24,791.84,560.4,8,0,0.0,1352.24,1.0,80,0,0,1
2026-06-26,2026,6,2026-06,2026-06-01,26,Friday,0,ST003,Market_3,Kazan,PR019,Product_19,Snacks,15,2535.45,1484.7,1050.7499999999998,15,0,0.0,2535.45,1.0,65,0,0,1
2026-06-27,2026,6,2026-06,2026-06-01,27,Saturday,1,ST003,Market_3,Kazan,PR019,Product_19,Snacks,10,1690.3,989.8000000000001,700.4999999999999,10,0,0.0,1690.3,1.0,55,0,0,1
2026-06-28,2026,6,2026-06,2026-06-01,28,Sunday,1,ST003,Market_3,Kazan,PR019,Product_19,Snacks,10,1690.3,989.8000000000001,700.4999999999999,10,0,0.0,1690.3,1.0,45,0,0,1
2026-06-29,2026,6,2026-06,2026-06-01,29,Monday,0,ST003,Market_3,Kazan,PR019,Product_19,Snacks,3,507.09,296.94,210.14999999999998,3,0,0.0,507.09000000000003,1.0,42,0,0,1
2026-06-30,2026,6,2026-06,2026-06-01,30,Tuesday,0,ST003,Market_3,Kazan,PR019,Product_19,Snacks,7,1183.21,692.86,490.35,7,0,0.0,1183.21,1.0,35,0,0,1
2026-07-01,2026,7,2026-07,2026-07-01,1,Wednesday,0,ST003,Market_3,Kazan,PR019,Product_19,Snacks,7,1183.21,692.86,490.35,7,0,0.0,1183.21,1.0,28,0,0,1
2026-07-02,2026,7,2026-07,2026-07-01,2,Thursday,0,ST003,Market_3,Kazan,PR019,Product_19,Snacks,6,1014.18,593.88,420.29999999999995,6,0,0.0,1014.1800000000001,1.0,22,112,0,1
2026-07-03,2026,7,2026-07,2026-07-01,3,Friday,0,ST003,Market_3,Kazan,PR019,Product_19,Snacks,7,1183.21,692.86,490.35,7,0,0.0,1183.21,1.0,15,0,0,1
2026-07-04,2026,7,2026-07,2026-07-01,4,Saturday,1,ST003,Market_3,Kazan,PR019,Product_19,Snacks,10,1690.3,989.8000000000001,700.4999999999999,10,0,0.0,1690.3,1.0,117,0,0,1
2026-07-05,2026,7,2026-07,2026-07-01,5,Sunday,1,ST003,Market_3,Kazan,PR019,Product_19,Snacks,12,2028.36,1187.76,840.5999999999999,12,0,0.0,2028.3600000000001,1.0,105,0,0,1
2026-07-06,2026,7,2026-07,2026-07-01,6,Monday,0,ST003,Market_3,Kazan,PR019,Product_19,Snacks,11,1859.33,1088.78,770.55,11,0,0.0,1859.33,1.0,94,0,0,1
2026-07-07,2026,7,2026-07,2026-07-01,7,Tuesday,0,ST003,Market_3,Kazan,PR019,Product_19,Snacks,11,1859.33,1088.78,770.55,11,0,0.0,1859.33,1.0,83,0,0,1
2026-07-08,2026,7,2026-07,2026-07-01,8,Wednesday,0,ST003,Market_3,Kazan,PR019,Product_19,Snacks,7,1183.21,692.86,490.35,7,0,0.0,1183.21,1.0,76,0,0,1
2026-07-09,2026,7,2026-07,2026-07-01,9,Thursday,0,ST003,Market_3,Kazan,PR019,Product_19,Snacks,10,1690.3,989.8000000000001,700.4999999999999,10,0,0.0,1690.3,1.0,66,0,0,1
2026-07-10,2026,7,2026-07,2026-07-01,10,Friday,0,ST003,Market_3,Kazan,PR019,Product_19,Snacks,9,1521.27,890.82,630.4499999999999,9,0,0.0,1521.27,1.0,57,0,0,1
2026-07-11,2026,7,2026-07,2026-07-01,11,Saturday,1,ST003,Market_3,Kazan,PR019,Product_19,Snacks,9,1521.27,890.82,630.4499999999999,9,0,0.0,1521.27,1.0,48,0,0,1
2026-07-12,2026,7,2026-07,2026-07-01,12,Sunday,1,ST003,Market_3,Kazan,PR019,Product_19,Snacks,19,3211.57,1880.6200000000001,1330.95,19,0,0.0,3211.57,1.0,29,0,0,1
2026-07-13,2026,7,2026-07,2026-07-01,13,Monday,0,ST003,Market_3,Kazan,PR019,Product_19,Snacks,6,1014.18,593.88,420.29999999999995,6,0,0.0,1014.1800000000001,1.0,23,0,0,1
2026-07-14,2026,7,2026-07,2026-07-01,14,Tuesday,0,ST003,Market_3,Kazan,PR019,Product_19,Snacks,12,2028.36,1187.76,840.5999999999999,12,0,0.0,2028.3600000000001,1.0,11,0,0,1
2026-07-15,2026,7,2026-07,2026-07-01,15,Wednesday,0,ST003,Market_3,Kazan,PR019,Product_19,Snacks,11,1859.33,1088.78,770.55,11,0,0.0,1859.33,1.0,0,112,1,0
2026-07-16,2026,7,2026-07,2026-07-01,16,Thursday,0,ST003,Market_3,Kazan,PR019,Product_19,Snacks,0,0.0,0.0,0.0,12,12,2028.3600000000001,2028.3600000000001,0.0,0,0,1,0
2026-07-17,2026,7,2026-07,2026-07-01,17,Friday,0,ST003,Market_3,Kazan,PR019,Product_19,Snacks,7,1183.21,692.86,490.35,7,0,0.0,1183.21,1.0,105,0,0,1
2026-07-18,2026,7,2026-07,2026-07-01,18,Saturday,1,ST003,Market_3,Kazan,PR019,Product_19,Snacks,7,1183.21,692.86,490.35,7,0,0.0,1183.21,1.0,98,0,0,1
2026-07-19,2026,7,2026-07,2026-07-01,19,Sunday,1,ST003,Market_3,Kazan,PR019,Product_19,Snacks,9,1521.27,890.82,630.4499999999999,9,0,0.0,1521.27,1.0,89,0,0,1
2026-07-20,2026,7,2026-07,2026-07-01,20,Monday,0,ST003,Market_3,Kazan,PR019,Product_19,Snacks,8,1352.24,791.84,560.4,8,0,0.0,1352.24,1.0,81,0,0,1
2026-07-21,2026,7,2026-07,2026-07-01,21,Tuesday,0,ST003,Market_3,Kazan,PR019,Product_19,Snacks,6,1014.18,593.88,420.29999999999995,6,0,0.0,1014.1800000000001,1.0,75,0,0,1
2026-07-22,2026,7,2026-07,2026-07-01,22,Wednesday,0,ST003,Market_3,Kazan,PR019,Product_19,Snacks,9,1521.27,890.82,630.4499999999999,9,0,0.0,1521.27,1.0,66,0,0,1
2026-07-23,2026,7,2026-07,2026-07-01,23,Thursday,0,ST003,Market_3,Kazan,PR019,Product_19,Snacks,12,2028.36,1187.76,840.5999999999999,12,0,0.0,2028.3600000000001,1.0,54,0,0,1
2026-07-24,2026,7,2026-07,2026-07-01,24,Friday,0,ST003,Market_3,Kazan,PR019,Product_19,Snacks,11,1859.33,1088.78,770.55,11,0,0.0,1859.33,1.0,43,0,0,1
2026-07-25,2026,7,2026-07,2026-07-01,25,Saturday,1,ST003,Market_3,Kazan,PR019,Product_19,Snacks,13,2197.39,1286.74,910.6499999999999,13,0,0.0,2197.39,1.0,30,0,0,1
2026-07-26,2026,7,2026-07,2026-07-01,26,Sunday,1,ST003,Market_3,Kazan,PR019,Product_19,Snacks,12,2028.36,1187.76,840.5999999999999,12,0,0.0,2028.3600000000001,1.0,18,0,0,1
2026-07-27,2026,7,2026-07,2026-07-01,27,Monday,0,ST003,Market_3,Kazan,PR019,Product_19,Snacks,11,1859.33,1088.78,770.55,11,0,0.0,1859.33,1.0,7,0,0,1
2026-07-28,2026,7,2026-07,2026-07-01,28,Tuesday,0,ST003,Market_3,Kazan,PR019,Product_19,Snacks,7,1183.21,692.86,490.35,14,7,1183.21,2366.42,0.5,0,112,1,0
2026-07-29,2026,7,2026-07,2026-07-01,29,Wednesday,0,ST003,Market_3,Kazan,PR019,Product_19,Snacks,0,0.0,0.0,0.0,15,15,2535.45,2535.45,0.0,0,0,1,0
2026-07-30,2026,7,2026-07,2026-07-01,30,Thursday,0,ST003,Market_3,Kazan,PR019,Product_19,Snacks,5,845.15,494.90000000000003,350.24999999999994,5,0,0.0,845.15,1.0,107,0,0,1
2026-07-31,2026,7,2026-07,2026-07-01,31,Friday,0,ST003,Market_3,Kazan,PR019,Product_19,Snacks,11,1859.33,1088.78,770.55,11,0,0.0,1859.33,1.0,96,0,0,1
2026-08-01,2026,8,2026-08,2026-08-01,1,Saturday,1,ST003,Market_3,Kazan,PR019,Product_19,Snacks,9,1521.27,890.82,630.4499999999999,9,0,0.0,1521.27,1.0,87,0,0,1
2026-08-02,2026,8,2026-08,2026-08-01,2,Sunday,1,ST003,Market_3,Kazan,PR019,Product_19,Snacks,10,1690.3,989.8000000000001,700.4999999999999,10,0,0.0,1690.3,1.0,77,0,0,1
2026-08-03,2026,8,2026-08,2026-08-01,3,Monday,0,ST003,Market_3,Kazan,PR019,Product_19,Snacks,9,1521.27,890.82,630.4499999999999,9,0,0.0,1521.27,1.0,68,0,0,1
2026-08-04,2026,8,2026-08,2026-08-01,4,Tuesday,0,ST003,Market_3,Kazan,PR019,Product_19,Snacks,6,1014.18,593.88,420.29999999999995,6,0,0.0,1014.1800000000001,1.0,62,0,0,1
2026-08-05,2026,8,2026-08,2026-08-01,5,Wednesday,0,ST003,Market_3,Kazan,PR019,Product_19,Snacks,7,1183.21,692.86,490.35,7,0,0.0,1183.21,1.0,55,0,0,1
2026-08-06,2026,8,2026-08,2026-08-01,6,Thursday,0,ST003,Market_3,Kazan,PR019,Product_19,Snacks,10,1690.3,989.8000000000001,700.4999999999999,10,0,0.0,1690.3,1.0,45,0,0,1
2026-08-07,2026,8,2026-08,2026-08-01,7,Friday,0,ST003,Market_3,Kazan,PR019,Product_19,Snacks,8,1352.24,791.84,560.4,8,0,0.0,1352.24,1.0,37,0,0,1
2026-08-08,2026,8,2026-08,2026-08-01,8,Saturday,1,ST003,Market_3,Kazan,PR019,Product_19,Snacks,10,1690.3,989.8000000000001,700.4999999999999,10,0,0.0,1690.3,1.0,27,0,0,1
2026-08-09,2026,8,2026-08,2026-08-01,9,Sunday,1,ST003,Market_3,Kazan,PR019,Product_19,Snacks,14,2366.42,1385.72,980.7,14,0,0.0,2366.42,1.0,13,0,0,1
2026-08-10,2026,8,2026-08,2026-08-01,10,Monday,0,ST003,Market_3,Kazan,PR019,Product_19,Snacks,6,1014.18,593.88,420.29999999999995,6,0,0.0,1014.1800000000001,1.0,7,112,0,1
2026-08-11,2026,8,2026-08,2026-08-01,11,Tuesday,0,ST003,Market_3,Kazan,PR019,Product_19,Snacks,5,845.15,494.90000000000003,350.24999999999994,5,0,0.0,845.15,1.0,2,0,0,1
2026-08-12,2026,8,2026-08,2026-08-01,12,Wednesday,0,ST003,Market_3,Kazan,PR019,Product_19,Snacks,16,2704.48,1583.68,1120.8,16,0,0.0,2704.48,1.0,98,0,0,1
2026-08-13,2026,8,2026-08,2026-08-01,13,Thursday,0,ST003,Market_3,Kazan,PR019,Product_19,Snacks,9,1521.27,890.82,630.4499999999999,9,0,0.0,1521.27,1.0,89,0,0,1
2026-08-14,2026,8,2026-08,2026-08-01,14,Friday,0,ST003,Market_3,Kazan,PR019,Product_19,Snacks,14,2366.42,1385.72,980.7,14,0,0.0,2366.42,1.0,75,0,0,1
2026-08-15,2026,8,2026-08,2026-08-01,15,Saturday,1,ST003,Market_3,Kazan,PR019,Product_19,Snacks,8,1352.24,791.84,560.4,8,0,0.0,1352.24,1.0,67,0,0,1
2026-08-16,2026,8,2026-08,2026-08-01,16,Sunday,1,ST003,Market_3,Kazan,PR019,Product_19,Snacks,11,1859.33,1088.78,770.55,11,0,0.0,1859.33,1.0,56,0,0,1
2026-08-17,2026,8,2026-08,2026-08-01,17,Monday,0,ST003,Market_3,Kazan,PR019,Product_19,Snacks,5,845.15,494.90000000000003,350.24999999999994,5,0,0.0,845.15,1.0,51,0,0,1
2026-08-18,2026,8,2026-08,2026-08-01,18,Tuesday,0,ST003,Market_3,Kazan,PR019,Product_19,Snacks,14,2366.42,1385.72,980.7,14,0,0.0,2366.42,1.0,37,0,0,1
2026-08-19,2026,8,2026-08,2026-08-01,19,Wednesday,0,ST003,Market_3,Kazan,PR019,Product_19,Snacks,15,2535.45,1484.7,1050.7499999999998,15,0,0.0,2535.45,1.0,22,0,0,1
2026-08-20,2026,8,2026-08,2026-08-01,20,Thursday,0,ST003,Market_3,Kazan,PR019,Product_19,Snacks,9,1521.27,890.82,630.4499999999999,9,0,0.0,1521.27,1.0,13,0,0,1
2026-08-21,2026,8,2026-08,2026-08-01,21,Friday,0,ST003,Market_3,Kazan,PR019,Product_19,Snacks,6,1014.18,593.88,420.29999999999995,6,0,0.0,1014.1800000000001,1.0,7,0,0,1
2026-08-22,2026,8,2026-08,2026-08-01,22,Saturday,1,ST003,Market_3,Kazan,PR019,Product_19,Snacks,7,1183.21,692.86,490.35,13,6,1014.1800000000001,2197.39,0.5384615384615384,0,112,1,0
2026-08-23,2026,8,2026-08,2026-08-01,23,Sunday,1,ST003,Market_3,Kazan,PR019,Product_19,Snacks,0,0.0,0.0,0.0,9,9,1521.27,1521.27,0.0,0,0,1,0
2026-08-24,2026,8,2026-08,2026-08-01,24,Monday,0,ST003,Market_3,Kazan,PR019,Product_19,Snacks,5,845.15,494.90000000000003,350.24999999999994,5,0,0.0,845.15,1.0,107,0,0,1
2026-08-25,2026,8,2026-08,2026-08-01,25,Tuesday,0,ST003,Market_3,Kazan,PR019,Product_19,Snacks,8,1352.24,791.84,560.4,8,0,0.0,1352.24,1.0,99,0,0,1
2026-08-26,2026,8,2026-08,2026-08-01,26,Wednesday,0,ST003,Market_3,Kazan,PR019,Product_19,Snacks,9,1521.27,890.82,630.4499999999999,9,0,0.0,1521.27,1.0,90,0,0,1
2026-08-27,2026,8,2026-08,2026-08-01,27,Thursday,0,ST003,Market_3,Kazan,PR019,Product_19,Snacks,13,2197.39,1286.74,910.6499999999999,13,0,0.0,2197.39,1.0,77,0,0,1
2026-08-28,2026,8,2026-08,2026-08-01,28,Friday,0,ST003,Market_3,Kazan,PR019,Product_19,Snacks,5,845.15,494.90000000000003,350.24999999999994,5,0,0.0,845.15,1.0,72,0,0,1
2026-08-29,2026,8,2026-08,2026-08-01,29,Saturday,1,ST003,Market_3,Kazan,PR019,Product_19,Snacks,10,1690.3,989.8000000000001,700.4999999999999,10,0,0.0,1690.3,1.0,62,0,0,1
2026-08-30,2026,8,2026-08,2026-08-01,30,Sunday,1,ST003,Market_3,Kazan,PR019,Product_19,Snacks,11,1859.33,1088.78,770.55,11,0,0.0,1859.33,1.0,51,0,0,1
2026-08-31,2026,8,2026-08,2026-08-01,31,Monday,0,ST003,Market_3,Kazan,PR019,Product_19,Snacks,9,1521.27,890.82,630.4499999999999,9,0,0.0,1521.27,1.0,42,0,0,1
2026-09-01,2026,9,2026-09,2026-09-01,1,Tuesday,0,ST003,Market_3,Kazan,PR019,Product_19,Snacks,7,1183.21,692.86,490.35,7,0,0.0,1183.21,1.0,35,0,0,1
2026-09-02,2026,9,2026-09,2026-09-01,2,Wednesday,0,ST003,Market_3,Kazan,PR019,Product_19,Snacks,13,2197.39,1286.74,910.6499999999999,13,0,0.0,2197.39,1.0,22,0,0,1
2026-09-03,2026,9,2026-09,2026-09-01,3,Thursday,0,ST003,Market_3,Kazan,PR019,Product_19,Snacks,5,845.15,494.90000000000003,350.24999999999994,5,0,0.0,845.15,1.0,17,0,0,1
2026-09-04,2026,9,2026-09,2026-09-01,4,Friday,0,ST003,Market_3,Kazan,PR019,Product_19,Snacks,11,1859.33,1088.78,770.55,11,0,0.0,1859.33,1.0,6,112,0,1
2026-09-05,2026,9,2026-09,2026-09-01,5,Saturday,1,ST003,Market_3,Kazan,PR019,Product_19,Snacks,6,1014.18,593.88,420.29999999999995,15,9,1521.27,2535.45,0.4,0,0,1,0
2026-09-06,2026,9,2026-09,2026-09-01,6,Sunday,1,ST003,Market_3,Kazan,PR019,Product_19,Snacks,10,1690.3,989.8000000000001,700.4999999999999,10,0,0.0,1690.3,1.0,102,0,0,1
2026-09-07,2026,9,2026-09,2026-09-01,7,Monday,0,ST003,Market_3,Kazan,PR019,Product_19,Snacks,6,1014.18,593.88,420.29999999999995,6,0,0.0,1014.1800000000001,1.0,96,0,0,1
2026-06-10,2026,6,2026-06,2026-06-01,10,Wednesday,0,ST003,Market_3,Kazan,PR020,Product_20,Household,29,2022.17,1222.93,799.24,29,0,0.0,2022.17,1.0,279,0,0,1
2026-06-11,2026,6,2026-06,2026-06-01,11,Thursday,0,ST003,Market_3,Kazan,PR020,Product_20,Household,28,1952.44,1180.76,771.6800000000001,28,0,0.0,1952.44,1.0,251,0,0,1
2026-06-12,2026,6,2026-06,2026-06-01,12,Friday,0,ST003,Market_3,Kazan,PR020,Product_20,Household,18,1255.14,759.0600000000001,496.08000000000004,18,0,0.0,1255.14,1.0,233,0,0,1
2026-06-13,2026,6,2026-06,2026-06-01,13,Saturday,1,ST003,Market_3,Kazan,PR020,Product_20,Household,29,2022.17,1222.93,799.24,29,0,0.0,2022.17,1.0,204,0,0,1
2026-06-14,2026,6,2026-06,2026-06-01,14,Sunday,1,ST003,Market_3,Kazan,PR020,Product_20,Household,29,2022.17,1222.93,799.24,29,0,0.0,2022.17,1.0,175,0,0,1
2026-06-15,2026,6,2026-06,2026-06-01,15,Monday,0,ST003,Market_3,Kazan,PR020,Product_20,Household,13,906.49,548.21,358.28,13,0,0.0,906.49,1.0,162,0,0,1
2026-06-16,2026,6,2026-06,2026-06-01,16,Tuesday,0,ST003,Market_3,Kazan,PR020,Product_20,Household,26,1812.98,1096.42,716.56,26,0,0.0,1812.98,1.0,136,0,0,1
2026-06-17,2026,6,2026-06,2026-06-01,17,Wednesday,0,ST003,Market_3,Kazan,PR020,Product_20,Household,25,1743.25,1054.25,689.0,25,0,0.0,1743.25,1.0,111,0,0,1
2026-06-18,2026,6,2026-06,2026-06-01,18,Thursday,0,ST003,Market_3,Kazan,PR020,Product_20,Household,16,1115.68,674.72,440.96000000000004,16,0,0.0,1115.68,1.0,95,0,0,1
2026-06-19,2026,6,2026-06,2026-06-01,19,Friday,0,ST003,Market_3,Kazan,PR020,Product_20,Household,26,1812.98,1096.42,716.56,26,0,0.0,1812.98,1.0,69,0,0,1
2026-06-20,2026,6,2026-06,2026-06-01,20,Saturday,1,ST003,Market_3,Kazan,PR020,Product_20,Household,29,2022.17,1222.93,799.24,29,0,0.0,2022.17,1.0,40,308,0,1
2026-06-21,2026,6,2026-06,2026-06-01,21,Sunday,1,ST003,Market_3,Kazan,PR020,Product_20,Household,29,2022.17,1222.93,799.24,29,0,0.0,2022.17,1.0,11,0,0,1
2026-06-22,2026,6,2026-06,2026-06-01,22,Monday,0,ST003,Market_3,Kazan,PR020,Product_20,Household,20,1394.6,843.4000000000001,551.1999999999998,20,0,0.0,1394.6000000000001,1.0,299,0,0,1
2026-06-23,2026,6,2026-06,2026-06-01,23,Tuesday,0,ST003,Market_3,Kazan,PR020,Product_20,Household,17,1185.41,716.89,468.5200000000001,17,0,0.0,1185.41,1.0,282,0,0,1
2026-06-24,2026,6,2026-06,2026-06-01,24,Wednesday,0,ST003,Market_3,Kazan,PR020,Product_20,Household,16,1115.68,674.72,440.96000000000004,16,0,0.0,1115.68,1.0,266,0,0,1
2026-06-25,2026,6,2026-06,2026-06-01,25,Thursday,0,ST003,Market_3,Kazan,PR020,Product_20,Household,31,2161.63,1307.27,854.3600000000001,31,0,0.0,2161.63,1.0,235,0,0,1
2026-06-26,2026,6,2026-06,2026-06-01,26,Friday,0,ST003,Market_3,Kazan,PR020,Product_20,Household,30,2091.9,1265.1000000000001,826.8,30,0,0.0,2091.9,1.0,205,0,0,1
2026-06-27,2026,6,2026-06,2026-06-01,27,Saturday,1,ST003,Market_3,Kazan,PR020,Product_20,Household,28,1952.44,1180.76,771.6800000000001,28,0,0.0,1952.44,1.0,177,0,0,1
2026-06-28,2026,6,2026-06,2026-06-01,28,Sunday,1,ST003,Market_3,Kazan,PR020,Product_20,Household,34,2370.82,1433.78,937.0400000000002,34,0,0.0,2370.82,1.0,143,0,0,1
2026-06-29,2026,6,2026-06,2026-06-01,29,Monday,0,ST003,Market_3,Kazan,PR020,Product_20,Household,30,2091.9,1265.1000000000001,826.8,30,0,0.0,2091.9,1.0,113,0,0,1
2026-06-30,2026,6,2026-06,2026-06-01,30,Tuesday,0,ST003,Market_3,Kazan,PR020,Product_20,Household,25,1743.25,1054.25,689.0,25,0,0.0,1743.25,1.0,88,0,0,1
2026-07-01,2026,7,2026-07,2026-07-01,1,Wednesday,0,ST003,Market_3,Kazan,PR020,Product_20,Household,17,1185.41,716.89,468.5200000000001,17,0,0.0,1185.41,1.0,71,0,0,1
2026-07-02,2026,7,2026-07,2026-07-01,2,Thursday,0,ST003,Market_3,Kazan,PR020,Product_20,Household,22,1534.06,927.74,606.3199999999999,22,0,0.0,1534.0600000000002,1.0,49,0,0,1
2026-07-03,2026,7,2026-07,2026-07-01,3,Friday,0,ST003,Market_3,Kazan,PR020,Product_20,Household,17,1185.41,716.89,468.5200000000001,17,0,0.0,1185.41,1.0,32,308,0,1
2026-07-04,2026,7,2026-07,2026-07-01,4,Saturday,1,ST003,Market_3,Kazan,PR020,Product_20,Household,29,2022.17,1222.93,799.24,29,0,0.0,2022.17,1.0,3,0,0,1
2026-07-05,2026,7,2026-07,2026-07-01,5,Sunday,1,ST003,Market_3,Kazan,PR020,Product_20,Household,24,1673.52,1012.08,661.4399999999999,24,0,0.0,1673.52,1.0,287,0,0,1
2026-07-06,2026,7,2026-07,2026-07-01,6,Monday,0,ST003,Market_3,Kazan,PR020,Product_20,Household,24,1673.52,1012.08,661.4399999999999,24,0,0.0,1673.52,1.0,263,0,0,1
2026-07-07,2026,7,2026-07,2026-07-01,7,Tuesday,0,ST003,Market_3,Kazan,PR020,Product_20,Household,24,1673.52,1012.08,661.4399999999999,24,0,0.0,1673.52,1.0,239,0,0,1
2026-07-08,2026,7,2026-07,2026-07-01,8,Wednesday,0,ST003,Market_3,Kazan,PR020,Product_20,Household,29,2022.17,1222.93,799.24,29,0,0.0,2022.17,1.0,210,0,0,1
2026-07-09,2026,7,2026-07,2026-07-01,9,Thursday,0,ST003,Market_3,Kazan,PR020,Product_20,Household,11,767.03,463.87,303.15999999999997,11,0,0.0,767.0300000000001,1.0,199,0,0,1
2026-07-10,2026,7,2026-07,2026-07-01,10,Friday,0,ST003,Market_3,Kazan,PR020,Product_20,Household,13,906.49,548.21,358.28,13,0,0.0,906.49,1.0,186,0,0,1
2026-07-11,2026,7,2026-07,2026-07-01,11,Saturday,1,ST003,Market_3,Kazan,PR020,Product_20,Household,29,2022.17,1222.93,799.24,29,0,0.0,2022.17,1.0,157,0,0,1
2026-07-12,2026,7,2026-07,2026-07-01,12,Sunday,1,ST003,Market_3,Kazan,PR020,Product_20,Household,24,1673.52,1012.08,661.4399999999999,24,0,0.0,1673.52,1.0,133,0,0,1
2026-07-13,2026,7,2026-07,2026-07-01,13,Monday,0,ST003,Market_3,Kazan,PR020,Product_20,Household,20,1394.6,843.4000000000001,551.1999999999998,20,0,0.0,1394.6000000000001,1.0,113,0,0,1
2026-07-14,2026,7,2026-07,2026-07-01,14,Tuesday,0,ST003,Market_3,Kazan,PR020,Product_20,Household,21,1464.33,885.57,578.7599999999999,21,0,0.0,1464.3300000000002,1.0,92,0,0,1
2026-07-15,2026,7,2026-07,2026-07-01,15,Wednesday,0,ST003,Market_3,Kazan,PR020,Product_20,Household,31,2161.63,1307.27,854.3600000000001,31,0,0.0,2161.63,1.0,61,0,0,1
2026-07-16,2026,7,2026-07,2026-07-01,16,Thursday,0,ST003,Market_3,Kazan,PR020,Product_20,Household,15,1045.95,632.5500000000001,413.4,15,0,0.0,1045.95,1.0,46,0,0,1
2026-07-17,2026,7,2026-07,2026-07-01,17,Friday,0,ST003,Market_3,Kazan,PR020,Product_20,Household,22,1534.06,927.74,606.3199999999999,22,0,0.0,1534.0600000000002,1.0,24,308,0,1
2026-07-18,2026,7,2026-07,2026-07-01,18,Saturday,1,ST003,Market_3,Kazan,PR020,Product_20,Household,24,1673.52,1012.08,661.4399999999999,26,2,139.46,1812.98,0.9230769230769231,0,0,1,0
2026-07-19,2026,7,2026-07,2026-07-01,19,Sunday,1,ST003,Market_3,Kazan,PR020,Product_20,Household,41,2858.93,1728.97,1129.9599999999998,41,0,0.0,2858.9300000000003,1.0,267,0,0,1
2026-07-20,2026,7,2026-07,2026-07-01,20,Monday,0,ST003,Market_3,Kazan,PR020,Product_20,Household,26,1812.98,1096.42,716.56,26,0,0.0,1812.98,1.0,241,0,0,1
2026-07-21,2026,7,2026-07,2026-07-01,21,Tuesday,0,ST003,Market_3,Kazan,PR020,Product_20,Household,16,1115.68,674.72,440.96000000000004,16,0,0.0,1115.68,1.0,225,0,0,1
2026-07-22,2026,7,2026-07,2026-07-01,22,Wednesday,0,ST003,Market_3,Kazan,PR020,Product_20,Household,23,1603.79,969.9100000000001,633.8799999999999,23,0,0.0,1603.7900000000002,1.0,202,0,0,1
2026-07-23,2026,7,2026-07,2026-07-01,23,Thursday,0,ST003,Market_3,Kazan,PR020,Product_20,Household,24,1673.52,1012.08,661.4399999999999,24,0,0.0,1673.52,1.0,178,0,0,1
2026-07-24,2026,7,2026-07,2026-07-01,24,Friday,0,ST003,Market_3,Kazan,PR020,Product_20,Household,15,1045.95,632.5500000000001,413.4,15,0,0.0,1045.95,1.0,163,0,0,1
2026-07-25,2026,7,2026-07,2026-07-01,25,Saturday,1,ST003,Market_3,Kazan,PR020,Product_20,Household,41,2858.93,1728.97,1129.9599999999998,41,0,0.0,2858.9300000000003,1.0,122,0,0,1
2026-07-26,2026,7,2026-07,2026-07-01,26,Sunday,1,ST003,Market_3,Kazan,PR020,Product_20,Household,32,2231.36,1349.44,881.9200000000001,32,0,0.0,2231.36,1.0,90,0,0,1
2026-07-27,2026,7,2026-07,2026-07-01,27,Monday,0,ST003,Market_3,Kazan,PR020,Product_20,Household,21,1464.33,885.57,578.7599999999999,21,0,0.0,1464.3300000000002,1.0,69,0,0,1
2026-07-28,2026,7,2026-07,2026-07-01,28,Tuesday,0,ST003,Market_3,Kazan,PR020,Product_20,Household,20,1394.6,843.4000000000001,551.1999999999998,20,0,0.0,1394.6000000000001,1.0,49,0,0,1
2026-07-29,2026,7,2026-07,2026-07-01,29,Wednesday,0,ST003,Market_3,Kazan,PR020,Product_20,Household,22,1534.06,927.74,606.3199999999999,22,0,0.0,1534.0600000000002,1.0,27,308,0,1
2026-07-30,2026,7,2026-07,2026-07-01,30,Thursday,0,ST003,Market_3,Kazan,PR020,Product_20,Household,22,1534.06,927.74,606.3199999999999,22,0,0.0,1534.0600000000002,1.0,5,0,0,1
2026-07-31,2026,7,2026-07,2026-07-01,31,Friday,0,ST003,Market_3,Kazan,PR020,Product_20,Household,20,1394.6,843.4000000000001,551.1999999999998,20,0,0.0,1394.6000000000001,1.0,293,0,0,1
2026-08-01,2026,8,2026-08,2026-08-01,1,Saturday,1,ST003,Market_3,Kazan,PR020,Product_20,Household,27,1882.71,1138.5900000000001,744.1199999999999,27,0,0.0,1882.71,1.0,266,0,0,1
2026-08-02,2026,8,2026-08,2026-08-01,2,Sunday,1,ST003,Market_3,Kazan,PR020,Product_20,Household,32,2231.36,1349.44,881.9200000000001,32,0,0.0,2231.36,1.0,234,0,0,1
2026-08-03,2026,8,2026-08,2026-08-01,3,Monday,0,ST003,Market_3,Kazan,PR020,Product_20,Household,16,1115.68,674.72,440.96000000000004,16,0,0.0,1115.68,1.0,218,0,0,1
2026-08-04,2026,8,2026-08,2026-08-01,4,Tuesday,0,ST003,Market_3,Kazan,PR020,Product_20,Household,27,1882.71,1138.5900000000001,744.1199999999999,27,0,0.0,1882.71,1.0,191,0,0,1
2026-08-05,2026,8,2026-08,2026-08-01,5,Wednesday,0,ST003,Market_3,Kazan,PR020,Product_20,Household,31,2161.63,1307.27,854.3600000000001,31,0,0.0,2161.63,1.0,160,0,0,1
2026-08-06,2026,8,2026-08,2026-08-01,6,Thursday,0,ST003,Market_3,Kazan,PR020,Product_20,Household,18,1255.14,759.0600000000001,496.08000000000004,18,0,0.0,1255.14,1.0,142,0,0,1
2026-08-07,2026,8,2026-08,2026-08-01,7,Friday,0,ST003,Market_3,Kazan,PR020,Product_20,Household,20,1394.6,843.4000000000001,551.1999999999998,20,0,0.0,1394.6000000000001,1.0,122,0,0,1
2026-08-08,2026,8,2026-08,2026-08-01,8,Saturday,1,ST003,Market_3,Kazan,PR020,Product_20,Household,27,1882.71,1138.5900000000001,744.1199999999999,27,0,0.0,1882.71,1.0,95,0,0,1
2026-08-09,2026,8,2026-08,2026-08-01,9,Sunday,1,ST003,Market_3,Kazan,PR020,Product_20,Household,27,1882.71,1138.5900000000001,744.1199999999999,27,0,0.0,1882.71,1.0,68,0,0,1
2026-08-10,2026,8,2026-08,2026-08-01,10,Monday,0,ST003,Market_3,Kazan,PR020,Product_20,Household,25,1743.25,1054.25,689.0,25,0,0.0,1743.25,1.0,43,0,0,1
2026-08-11,2026,8,2026-08,2026-08-01,11,Tuesday,0,ST003,Market_3,Kazan,PR020,Product_20,Household,16,1115.68,674.72,440.96000000000004,16,0,0.0,1115.68,1.0,27,308,0,1
2026-08-12,2026,8,2026-08,2026-08-01,12,Wednesday,0,ST003,Market_3,Kazan,PR020,Product_20,Household,19,1324.87,801.23,523.6399999999999,19,0,0.0,1324.8700000000001,1.0,8,0,0,1
2026-08-13,2026,8,2026-08,2026-08-01,13,Thursday,0,ST003,Market_3,Kazan,PR020,Product_20,Household,22,1534.06,927.74,606.3199999999999,22,0,0.0,1534.0600000000002,1.0,294,0,0,1
2026-08-14,2026,8,2026-08,2026-08-01,14,Friday,0,ST003,Market_3,Kazan,PR020,Product_20,Household,15,1045.95,632.5500000000001,413.4,15,0,0.0,1045.95,1.0,279,0,0,1
2026-08-15,2026,8,2026-08,2026-08-01,15,Saturday,1,ST003,Market_3,Kazan,PR020,Product_20,Household,45,3137.85,1897.65,1240.1999999999998,45,0,0.0,3137.8500000000004,1.0,234,0,0,1
2026-08-16,2026,8,2026-08,2026-08-01,16,Sunday,1,ST003,Market_3,Kazan,PR020,Product_20,Household,27,1882.71,1138.5900000000001,744.1199999999999,27,0,0.0,1882.71,1.0,207,0,0,1
2026-08-17,2026,8,2026-08,2026-08-01,17,Monday,0,ST003,Market_3,Kazan,PR020,Product_20,Household,16,1115.68,674.72,440.96000000000004,16,0,0.0,1115.68,1.0,191,0,0,1
2026-08-18,2026,8,2026-08,2026-08-01,18,Tuesday,0,ST003,Market_3,Kazan,PR020,Product_20,Household,24,1673.52,1012.08,661.4399999999999,24,0,0.0,1673.52,1.0,167,0,0,1
2026-08-19,2026,8,2026-08,2026-08-01,19,Wednesday,0,ST003,Market_3,Kazan,PR020,Product_20,Household,23,1603.79,969.9100000000001,633.8799999999999,23,0,0.0,1603.7900000000002,1.0,144,0,0,1
2026-08-20,2026,8,2026-08,2026-08-01,20,Thursday,0,ST003,Market_3,Kazan,PR020,Product_20,Household,18,1255.14,759.0600000000001,496.08000000000004,18,0,0.0,1255.14,1.0,126,0,0,1
2026-08-21,2026,8,2026-08,2026-08-01,21,Friday,0,ST003,Market_3,Kazan,PR020,Product_20,Household,17,1185.41,716.89,468.5200000000001,17,0,0.0,1185.41,1.0,109,0,0,1
2026-08-22,2026,8,2026-08,2026-08-01,22,Saturday,1,ST003,Market_3,Kazan,PR020,Product_20,Household,31,2161.63,1307.27,854.3600000000001,31,0,0.0,2161.63,1.0,78,0,0,1
2026-08-23,2026,8,2026-08,2026-08-01,23,Sunday,1,ST003,Market_3,Kazan,PR020,Product_20,Household,34,2370.82,1433.78,937.0400000000002,34,0,0.0,2370.82,1.0,44,0,0,1
2026-08-24,2026,8,2026-08,2026-08-01,24,Monday,0,ST003,Market_3,Kazan,PR020,Product_20,Household,27,1882.71,1138.5900000000001,744.1199999999999,27,0,0.0,1882.71,1.0,17,308,0,1
2026-08-25,2026,8,2026-08,2026-08-01,25,Tuesday,0,ST003,Market_3,Kazan,PR020,Product_20,Household,17,1185.41,716.89,468.5200000000001,30,13,906.49,2091.9,0.5666666666666667,0,0,1,0
2026-08-26,2026,8,2026-08,2026-08-01,26,Wednesday,0,ST003,Market_3,Kazan,PR020,Product_20,Household,27,1882.71,1138.5900000000001,744.1199999999999,27,0,0.0,1882.71,1.0,281,0,0,1
2026-08-27,2026,8,2026-08,2026-08-01,27,Thursday,0,ST003,Market_3,Kazan,PR020,Product_20,Household,17,1185.41,716.89,468.5200000000001,17,0,0.0,1185.41,1.0,264,0,0,1
2026-08-28,2026,8,2026-08,2026-08-01,28,Friday,0,ST003,Market_3,Kazan,PR020,Product_20,Household,23,1603.79,969.9100000000001,633.8799999999999,23,0,0.0,1603.7900000000002,1.0,241,0,0,1
2026-08-29,2026,8,2026-08,2026-08-01,29,Saturday,1,ST003,Market_3,Kazan,PR020,Product_20,Household,25,1743.25,1054.25,689.0,25,0,0.0,1743.25,1.0,216,0,0,1
2026-08-30,2026,8,2026-08,2026-08-01,30,Sunday,1,ST003,Market_3,Kazan,PR020,Product_20,Household,31,2161.63,1307.27,854.3600000000001,31,0,0.0,2161.63,1.0,185,0,0,1
2026-08-31,2026,8,2026-08,2026-08-01,31,Monday,0,ST003,Market_3,Kazan,PR020,Product_20,Household,28,1952.44,1180.76,771.6800000000001,28,0,0.0,1952.44,1.0,157,0,0,1
2026-09-01,2026,9,2026-09,2026-09-01,1,Tuesday,0,ST003,Market_3,Kazan,PR020,Product_20,Household,21,1464.33,885.57,578.7599999999999,21,0,0.0,1464.3300000000002,1.0,136,0,0,1
2026-09-02,2026,9,2026-09,2026-09-01,2,Wednesday,0,ST003,Market_3,Kazan,PR020,Product_20,Household,21,1464.33,885.57,578.7599999999999,21,0,0.0,1464.3300000000002,1.0,115,0,0,1
2026-09-03,2026,9,2026-09,2026-09-01,3,Thursday,0,ST003,Market_3,Kazan,PR020,Product_20,Household,24,1673.52,1012.08,661.4399999999999,24,0,0.0,1673.52,1.0,91,0,0,1
2026-09-04,2026,9,2026-09,2026-09-01,4,Friday,0,ST003,Market_3,Kazan,PR020,Product_20,Household,22,1534.06,927.74,606.3199999999999,22,0,0.0,1534.0600000000002,1.0,69,0,0,1
2026-09-05,2026,9,2026-09,2026-09-01,5,Saturday,1,ST003,Market_3,Kazan,PR020,Product_20,Household,38,2649.74,1602.46,1047.2799999999997,38,0,0.0,2649.7400000000002,1.0,31,0,0,1
2026-09-06,2026,9,2026-09,2026-09-01,6,Sunday,1,ST003,Market_3,Kazan,PR020,Product_20,Household,31,2161.63,1307.27,854.3600000000001,33,2,139.46,2301.09,0.9393939393939394,0,308,1,0
2026-09-07,2026,9,2026-09,2026-09-01,7,Monday,0,ST003,Market_3,Kazan,PR020,Product_20,Household,0,0.0,0.0,0.0,19,19,1324.8700000000001,1324.8700000000001,0.0,0,0,1,0
